"title","start_time","end_time","description","exercise_title","superset_id","exercise_notes","set_index","set_type","weight_kg","reps","distance_km","duration_seconds","rpe"
"Pull","23 Jun 2026, 06:51","23 Jun 2026, 07:59","","Pull Up (Weighted)",,"",0,"normal",30,8,,,
"Pull","23 Jun 2026, 06:51","23 Jun 2026, 07:59","","Pull Up (Weighted)",,"",1,"normal",30,7,,,
"Pull","23 Jun 2026, 06:51","23 Jun 2026, 07:59","","Pull Up (Weighted)",,"",2,"normal",20,8,,,
"Pull","23 Jun 2026, 06:51","23 Jun 2026, 07:59","","Iso-Lateral Row (Machine)",,"",0,"normal",130,9,,,
"Pull","23 Jun 2026, 06:51","23 Jun 2026, 07:59","","Iso-Lateral Row (Machine)",,"",1,"normal",130,7,,,
"Pull","23 Jun 2026, 06:51","23 Jun 2026, 07:59","","Iso-Lateral Row (Machine)",,"",2,"normal",120,12,,,
"Pull","23 Jun 2026, 06:51","23 Jun 2026, 07:59","","Shoulder Press (Machine Plates)",,"",0,"normal",80,9,,,
"Pull","23 Jun 2026, 06:51","23 Jun 2026, 07:59","","Shoulder Press (Machine Plates)",,"",1,"normal",80,7,,,
"Pull","23 Jun 2026, 06:51","23 Jun 2026, 07:59","","Shoulder Press (Machine Plates)",,"",2,"normal",70,9,,,
"Pull","23 Jun 2026, 06:51","23 Jun 2026, 07:59","","Preacher Curl (Machine)",,"",0,"normal",81,10,,,
"Pull","23 Jun 2026, 06:51","23 Jun 2026, 07:59","","Preacher Curl (Machine)",,"",1,"normal",74,8,,,
"Pull","23 Jun 2026, 06:51","23 Jun 2026, 07:59","","Preacher Curl (Machine)",,"",2,"normal",74,7,,,
"Pull","23 Jun 2026, 06:51","23 Jun 2026, 07:59","","Hammer Strength Pulldown (Plate Loaded)",,"",0,"normal",76,8,,,
"Pull","23 Jun 2026, 06:51","23 Jun 2026, 07:59","","Hammer Strength Pulldown (Plate Loaded)",,"",1,"normal",66,10,,,
"Push","22 Jun 2026, 06:44","22 Jun 2026, 08:02","","Incline Bench Press (Dumbbell)",,"",0,"normal",60,8,,,
"Push","22 Jun 2026, 06:44","22 Jun 2026, 08:02","","Incline Bench Press (Dumbbell)",,"",1,"normal",60,6,,,
"Push","22 Jun 2026, 06:44","22 Jun 2026, 08:02","","Incline Bench Press (Dumbbell)",,"",2,"normal",56,8,,,
"Push","22 Jun 2026, 06:44","22 Jun 2026, 08:02","","Shrug (Machine)",,"",0,"normal",140,12,,,
"Push","22 Jun 2026, 06:44","22 Jun 2026, 08:02","","Shrug (Machine)",,"",1,"normal",140,12,,,
"Push","22 Jun 2026, 06:44","22 Jun 2026, 08:02","","Shrug (Machine)",,"",2,"normal",140,9,,,
"Push","22 Jun 2026, 06:44","22 Jun 2026, 08:02","","Flat iso-Lateral Press",,"",0,"normal",96,8,,,
"Push","22 Jun 2026, 06:44","22 Jun 2026, 08:02","","Flat iso-Lateral Press",,"",1,"normal",96,7,,,
"Push","22 Jun 2026, 06:44","22 Jun 2026, 08:02","","Flat iso-Lateral Press",,"",2,"normal",86,7,,,
"Push","22 Jun 2026, 06:44","22 Jun 2026, 08:02","","Skullcrusher (Barbell)",,"",0,"normal",35,10,,,
"Push","22 Jun 2026, 06:44","22 Jun 2026, 08:02","","Skullcrusher (Barbell)",,"",1,"normal",35,8,,,
"Push","22 Jun 2026, 06:44","22 Jun 2026, 08:02","","Skullcrusher (Barbell)",,"",2,"normal",32.5,9,,,
"Push","22 Jun 2026, 06:44","22 Jun 2026, 08:02","","Iso-Lateral Chest Press (Machine)",,"",0,"normal",76,9,,,
"Push","22 Jun 2026, 06:44","22 Jun 2026, 08:02","","Iso-Lateral Chest Press (Machine)",,"",1,"normal",76,8,,,
"Push","22 Jun 2026, 06:44","22 Jun 2026, 08:02","","Lateral Raise (Cable)",,"",0,"normal",7.5,12,,,
"Push","22 Jun 2026, 06:44","22 Jun 2026, 08:02","","Lateral Raise (Cable)",,"",1,"normal",7.5,12,,,
"Push","22 Jun 2026, 06:44","22 Jun 2026, 08:02","","Triceps Pushdown",,"",0,"normal",38.5,10,,,
"Push","22 Jun 2026, 06:44","22 Jun 2026, 08:02","","Triceps Pushdown",,"",1,"normal",35,10,,,
"Lower","20 Jun 2026, 20:04","20 Jun 2026, 21:19","","Squat (Barbell)",,"",0,"normal",80,8,,,
"Lower","20 Jun 2026, 20:04","20 Jun 2026, 21:19","","Squat (Barbell)",,"",1,"normal",80,7,,,
"Lower","20 Jun 2026, 20:04","20 Jun 2026, 21:19","","Squat (Barbell)",,"",2,"normal",75,8,,,
"Lower","20 Jun 2026, 20:04","20 Jun 2026, 21:19","","Plate Loaded Hip Thrust",,"",0,"normal",140,12,,,
"Lower","20 Jun 2026, 20:04","20 Jun 2026, 21:19","","Plate Loaded Hip Thrust",,"",1,"normal",140,12,,,
"Lower","20 Jun 2026, 20:04","20 Jun 2026, 21:19","","Leg Press (Machine)",,"",0,"normal",173,8,,,
"Lower","20 Jun 2026, 20:04","20 Jun 2026, 21:19","","Leg Press (Machine)",,"",1,"normal",153,8,,,
"Lower","20 Jun 2026, 20:04","20 Jun 2026, 21:19","","Iso Lateral Leg Curl",,"",0,"warmup",33,9,,,
"Lower","20 Jun 2026, 20:04","20 Jun 2026, 21:19","","Iso Lateral Leg Curl",,"",1,"normal",33,8,,,
"Lower","20 Jun 2026, 20:04","20 Jun 2026, 21:19","","Crunch (Machine)",,"",0,"normal",45,10,,,
"Lower","20 Jun 2026, 20:04","20 Jun 2026, 21:19","","Crunch (Machine)",,"",1,"normal",50,8,,,
"Lower","20 Jun 2026, 20:04","20 Jun 2026, 21:19","","Crunch (Machine)",,"",2,"normal",45,8,,,
"Upper","19 Jun 2026, 14:26","19 Jun 2026, 15:32","","Incline Bench Press (Smith Machine)",,"",0,"normal",70,9,,,
"Upper","19 Jun 2026, 14:26","19 Jun 2026, 15:32","","Incline Bench Press (Smith Machine)",,"",1,"normal",70,7,,,
"Upper","19 Jun 2026, 14:26","19 Jun 2026, 15:32","","Incline Bench Press (Smith Machine)",,"",2,"normal",70,7,,,
"Upper","19 Jun 2026, 14:26","19 Jun 2026, 15:32","","Seated Row (Machine)",,"",0,"normal",103,10,,,
"Upper","19 Jun 2026, 14:26","19 Jun 2026, 15:32","","Seated Row (Machine)",,"",1,"normal",103,9,,,
"Upper","19 Jun 2026, 14:26","19 Jun 2026, 15:32","","Seated Row (Machine)",,"",2,"normal",96,10,,,
"Upper","19 Jun 2026, 14:26","19 Jun 2026, 15:32","","Shoulder Press (Machine Plates)",,"",0,"normal",80,10,,,
"Upper","19 Jun 2026, 14:26","19 Jun 2026, 15:32","","Shoulder Press (Machine Plates)",,"",1,"normal",80,7,,,
"Upper","19 Jun 2026, 14:26","19 Jun 2026, 15:32","","Shoulder Press (Machine Plates)",,"",2,"normal",70,7,,,
"Upper","19 Jun 2026, 14:26","19 Jun 2026, 15:32","","Lat Pulldown (Machine)",,"",0,"normal",117,10,,,
"Upper","19 Jun 2026, 14:26","19 Jun 2026, 15:32","","Lat Pulldown (Machine)",,"",1,"normal",117,7,,,
"Upper","19 Jun 2026, 14:26","19 Jun 2026, 15:32","","Butterfly (Pec Deck)",,"",0,"normal",82,8,,,
"Upper","19 Jun 2026, 14:26","19 Jun 2026, 15:32","","Butterfly (Pec Deck)",,"",1,"normal",82,6,,,
"Upper","19 Jun 2026, 14:26","19 Jun 2026, 15:32","","Butterfly (Pec Deck)",,"",2,"normal",75,7,,,
"Upper","19 Jun 2026, 14:26","19 Jun 2026, 15:32","","Lateral Raise (Machine)",,"",0,"normal",39,12,,,
"Upper","19 Jun 2026, 14:26","19 Jun 2026, 15:32","","Lateral Raise (Machine)",,"",1,"normal",39,10,,,
"Legs","17 Jun 2026, 15:54","17 Jun 2026, 16:59","","Squat (Barbell)",,"",0,"normal",75,8,,,
"Legs","17 Jun 2026, 15:54","17 Jun 2026, 16:59","","Squat (Barbell)",,"",1,"normal",75,7,,,
"Legs","17 Jun 2026, 15:54","17 Jun 2026, 16:59","","Squat (Barbell)",,"",2,"normal",70,8,,,
"Legs","17 Jun 2026, 15:54","17 Jun 2026, 16:59","","Romanian Deadlift (Barbell)",,"",0,"normal",100,10,,,
"Legs","17 Jun 2026, 15:54","17 Jun 2026, 16:59","","Romanian Deadlift (Barbell)",,"",1,"normal",100,8,,,
"Legs","17 Jun 2026, 15:54","17 Jun 2026, 16:59","","Crunch (Machine)",,"",0,"normal",45,10,,,
"Legs","17 Jun 2026, 15:54","17 Jun 2026, 16:59","","Crunch (Machine)",,"",1,"normal",45,8,,,
"Legs","17 Jun 2026, 15:54","17 Jun 2026, 16:59","","Standing Calf Raise (Machine)",,"",0,"normal",145,12,,,
"Legs","17 Jun 2026, 15:54","17 Jun 2026, 16:59","","Standing Calf Raise (Machine)",,"",1,"normal",145,12,,,
"Legs","17 Jun 2026, 15:54","17 Jun 2026, 16:59","","Leg Extension (Machine)",,"",0,"normal",117,10,,,
"Legs","17 Jun 2026, 15:54","17 Jun 2026, 16:59","","Leg Extension (Machine)",,"",1,"normal",117,8,,,
"Legs","17 Jun 2026, 15:54","17 Jun 2026, 16:59","","Seated Leg Curl (Machine)",,"",0,"normal",96,8,,,
"Legs","17 Jun 2026, 15:54","17 Jun 2026, 16:59","","Seated Leg Curl (Machine)",,"",1,"normal",96,8,,,
"Pull","16 Jun 2026, 06:46","16 Jun 2026, 07:54","","Pull Up (Weighted)",,"",0,"normal",30,9,,,
"Pull","16 Jun 2026, 06:46","16 Jun 2026, 07:54","","Pull Up (Weighted)",,"",1,"normal",30,7,,,
"Pull","16 Jun 2026, 06:46","16 Jun 2026, 07:54","","Pull Up (Weighted)",,"",2,"normal",20,9,,,
"Pull","16 Jun 2026, 06:46","16 Jun 2026, 07:54","","Iso-Lateral Row (Machine)",,"",0,"normal",130,9,,,
"Pull","16 Jun 2026, 06:46","16 Jun 2026, 07:54","","Iso-Lateral Row (Machine)",,"",1,"normal",130,7,,,
"Pull","16 Jun 2026, 06:46","16 Jun 2026, 07:54","","Iso-Lateral Row (Machine)",,"",2,"normal",120,12,,,
"Pull","16 Jun 2026, 06:46","16 Jun 2026, 07:54","","Shoulder Press (Machine Plates)",,"",0,"normal",80,10,,,
"Pull","16 Jun 2026, 06:46","16 Jun 2026, 07:54","","Shoulder Press (Machine Plates)",,"",1,"normal",80,7,,,
"Pull","16 Jun 2026, 06:46","16 Jun 2026, 07:54","","Shoulder Press (Machine Plates)",,"",2,"normal",70,8,,,
"Pull","16 Jun 2026, 06:46","16 Jun 2026, 07:54","","Preacher Curl (Machine)",,"",0,"normal",81,9,,,
"Pull","16 Jun 2026, 06:46","16 Jun 2026, 07:54","","Preacher Curl (Machine)",,"",1,"normal",74,9,,,
"Pull","16 Jun 2026, 06:46","16 Jun 2026, 07:54","","Preacher Curl (Machine)",,"",2,"normal",74,6,,,
"Pull","16 Jun 2026, 06:46","16 Jun 2026, 07:54","","Lat Pulldown (Cable)",,"",0,"normal",97,7,,,
"Pull","16 Jun 2026, 06:46","16 Jun 2026, 07:54","","Lat Pulldown (Cable)",,"",1,"normal",87,10,,,
"Push","15 Jun 2026, 15:53","15 Jun 2026, 16:56","","Incline Bench Press (Dumbbell)",,"",0,"normal",60,8,,,
"Push","15 Jun 2026, 15:53","15 Jun 2026, 16:56","","Incline Bench Press (Dumbbell)",,"",1,"normal",60,6,,,
"Push","15 Jun 2026, 15:53","15 Jun 2026, 16:56","","Incline Bench Press (Dumbbell)",,"",2,"normal",56,8,,,
"Push","15 Jun 2026, 15:53","15 Jun 2026, 16:56","","Shoulder Press (Machine Plates)",,"",0,"normal",80,9,,,
"Push","15 Jun 2026, 15:53","15 Jun 2026, 16:56","","Shoulder Press (Machine Plates)",,"",1,"normal",70,8,,,
"Push","15 Jun 2026, 15:53","15 Jun 2026, 16:56","","Flat iso-Lateral Press",,"",0,"normal",96,7,,,
"Push","15 Jun 2026, 15:53","15 Jun 2026, 16:56","","Flat iso-Lateral Press",,"",1,"normal",96,6,,,
"Push","15 Jun 2026, 15:53","15 Jun 2026, 16:56","","Flat iso-Lateral Press",,"",2,"normal",86,8,,,
"Push","15 Jun 2026, 15:53","15 Jun 2026, 16:56","","Skullcrusher (Barbell)",,"",0,"normal",35,8,,,
"Push","15 Jun 2026, 15:53","15 Jun 2026, 16:56","","Skullcrusher (Barbell)",,"",1,"normal",32.5,8,,,
"Push","15 Jun 2026, 15:53","15 Jun 2026, 16:56","","Lateral Raise (Cable)",,"",0,"normal",7.5,12,,,
"Push","15 Jun 2026, 15:53","15 Jun 2026, 16:56","","Lateral Raise (Cable)",,"",1,"normal",7.5,12,,,
"Push","15 Jun 2026, 15:53","15 Jun 2026, 16:56","","Triceps Pushdown",,"",0,"normal",38.5,10,,,
"Push","15 Jun 2026, 15:53","15 Jun 2026, 16:56","","Triceps Pushdown",,"",1,"normal",35,9,,,
"Upper","12 Jun 2026, 07:11","12 Jun 2026, 08:27","","Incline Bench Press (Smith Machine)",,"",0,"normal",70,9,,,
"Upper","12 Jun 2026, 07:11","12 Jun 2026, 08:27","","Incline Bench Press (Smith Machine)",,"",1,"normal",70,6,,,
"Upper","12 Jun 2026, 07:11","12 Jun 2026, 08:27","","Incline Bench Press (Smith Machine)",,"",2,"normal",65,7,,,
"Upper","12 Jun 2026, 07:11","12 Jun 2026, 08:27","","Seated Row (Machine)",,"",0,"normal",103,10,,,
"Upper","12 Jun 2026, 07:11","12 Jun 2026, 08:27","","Seated Row (Machine)",,"",1,"normal",103,8,,,
"Upper","12 Jun 2026, 07:11","12 Jun 2026, 08:27","","Seated Row (Machine)",,"",2,"normal",96,9,,,
"Upper","12 Jun 2026, 07:11","12 Jun 2026, 08:27","","Seated Shoulder Press (Machine)",,"",0,"normal",53,7,,,
"Upper","12 Jun 2026, 07:11","12 Jun 2026, 08:27","","Seated Shoulder Press (Machine)",,"",1,"normal",46,8,,,
"Upper","12 Jun 2026, 07:11","12 Jun 2026, 08:27","","Seated Shoulder Press (Machine)",,"",2,"normal",46,7,,,
"Upper","12 Jun 2026, 07:11","12 Jun 2026, 08:27","","Lat Pulldown (Machine)",,"",0,"normal",117,9,,,
"Upper","12 Jun 2026, 07:11","12 Jun 2026, 08:27","","Lat Pulldown (Machine)",,"",1,"normal",117,7,,,
"Upper","12 Jun 2026, 07:11","12 Jun 2026, 08:27","","Butterfly (Pec Deck)",,"",0,"normal",87,7,,,
"Upper","12 Jun 2026, 07:11","12 Jun 2026, 08:27","","Butterfly (Pec Deck)",,"",1,"normal",82,6,,,
"Upper","12 Jun 2026, 07:11","12 Jun 2026, 08:27","","Butterfly (Pec Deck)",,"",2,"normal",75,8,,,
"Upper","12 Jun 2026, 07:11","12 Jun 2026, 08:27","","Lateral Raise (Machine)",,"",0,"normal",37,12,,,
"Upper","12 Jun 2026, 07:11","12 Jun 2026, 08:27","","Lateral Raise (Machine)",,"",1,"normal",39,10,,,
"Upper","12 Jun 2026, 07:11","12 Jun 2026, 08:27","","Rear Delt Reverse Fly (Machine)",,"",0,"normal",54,12,,,
"Upper","12 Jun 2026, 07:11","12 Jun 2026, 08:27","","Rear Delt Reverse Fly (Machine)",,"",1,"normal",54,12,,,
"Legs","11 Jun 2026, 06:24","11 Jun 2026, 07:34","","Squat (Barbell)",,"",0,"normal",75,8,,,
"Legs","11 Jun 2026, 06:24","11 Jun 2026, 07:34","","Squat (Barbell)",,"",1,"normal",75,7,,,
"Legs","11 Jun 2026, 06:24","11 Jun 2026, 07:34","","Squat (Barbell)",,"",2,"normal",70,7,,,
"Legs","11 Jun 2026, 06:24","11 Jun 2026, 07:34","","Romanian Deadlift (Barbell)",,"",0,"normal",90,10,,,
"Legs","11 Jun 2026, 06:24","11 Jun 2026, 07:34","","Romanian Deadlift (Barbell)",,"",1,"normal",90,10,,,
"Legs","11 Jun 2026, 06:24","11 Jun 2026, 07:34","","Standing Calf Raise (Machine)",,"",0,"normal",145,12,,,
"Legs","11 Jun 2026, 06:24","11 Jun 2026, 07:34","","Standing Calf Raise (Machine)",,"",1,"normal",145,12,,,
"Legs","11 Jun 2026, 06:24","11 Jun 2026, 07:34","","Leg Extension (Machine)",,"",0,"normal",110,12,,,
"Legs","11 Jun 2026, 06:24","11 Jun 2026, 07:34","","Leg Extension (Machine)",,"",1,"normal",110,12,,,
"Legs","11 Jun 2026, 06:24","11 Jun 2026, 07:34","","Crunch (Machine)",,"",0,"normal",45,10,,,
"Legs","11 Jun 2026, 06:24","11 Jun 2026, 07:34","","Crunch (Machine)",,"",1,"normal",45,8,,,
"Legs","11 Jun 2026, 06:24","11 Jun 2026, 07:34","","Hip Adduction (Machine)",0,"Separation: 6",0,"normal",49,12,,,
"Legs","11 Jun 2026, 06:24","11 Jun 2026, 07:34","","Hip Adduction (Machine)",0,"Separation: 6",1,"normal",49,10,,,
"Legs","11 Jun 2026, 06:24","11 Jun 2026, 07:34","","Hip Abduction (Machine)",0,"",0,"normal",56,12,,,
"Legs","11 Jun 2026, 06:24","11 Jun 2026, 07:34","","Hip Abduction (Machine)",0,"",1,"normal",63,12,,,
"Legs","11 Jun 2026, 06:24","11 Jun 2026, 07:34","","Seated Leg Curl (Machine)",,"",0,"normal",96,8,,,
"Legs","11 Jun 2026, 06:24","11 Jun 2026, 07:34","","Seated Leg Curl (Machine)",,"",1,"normal",96,8,,,
"Pull","10 Jun 2026, 17:58","10 Jun 2026, 18:52","","Pull Up (Weighted)",,"",0,"normal",30,10,,,
"Pull","10 Jun 2026, 17:58","10 Jun 2026, 18:52","","Pull Up (Weighted)",,"",1,"normal",30,7,,,
"Pull","10 Jun 2026, 17:58","10 Jun 2026, 18:52","","Pull Up (Weighted)",,"",2,"normal",20,7,,,
"Pull","10 Jun 2026, 17:58","10 Jun 2026, 18:52","","Iso-Lateral Row (Machine)",,"",0,"normal",130,9,,,
"Pull","10 Jun 2026, 17:58","10 Jun 2026, 18:52","","Iso-Lateral Row (Machine)",,"",1,"normal",130,7,,,
"Pull","10 Jun 2026, 17:58","10 Jun 2026, 18:52","","Iso-Lateral Row (Machine)",,"",2,"normal",120,10,,,
"Pull","10 Jun 2026, 17:58","10 Jun 2026, 18:52","","Shoulder Press (Machine Plates)",,"",0,"normal",80,10,,,
"Pull","10 Jun 2026, 17:58","10 Jun 2026, 18:52","","Shoulder Press (Machine Plates)",,"",1,"normal",80,7,,,
"Pull","10 Jun 2026, 17:58","10 Jun 2026, 18:52","","Shoulder Press (Machine Plates)",,"",2,"normal",70,8,,,
"Pull","10 Jun 2026, 17:58","10 Jun 2026, 18:52","","Preacher Curl (Machine)",,"",0,"normal",81,8,,,
"Pull","10 Jun 2026, 17:58","10 Jun 2026, 18:52","","Preacher Curl (Machine)",,"",1,"normal",74,8,,,
"Pull","10 Jun 2026, 17:58","10 Jun 2026, 18:52","","Lat Pulldown (Cable)",,"",0,"normal",97,7,,,
"Pull","10 Jun 2026, 17:58","10 Jun 2026, 18:52","","Lat Pulldown (Cable)",,"",1,"normal",87,9,,,
"Push","8 Jun 2026, 07:20","8 Jun 2026, 08:49","","Incline Bench Press (Dumbbell)",,"",0,"normal",60,8,,,
"Push","8 Jun 2026, 07:20","8 Jun 2026, 08:49","","Incline Bench Press (Dumbbell)",,"",1,"normal",60,6,,,
"Push","8 Jun 2026, 07:20","8 Jun 2026, 08:49","","Incline Bench Press (Dumbbell)",,"",2,"normal",56,7,,,
"Push","8 Jun 2026, 07:20","8 Jun 2026, 08:49","","Shrug (Machine)",,"",0,"normal",140,12,,,
"Push","8 Jun 2026, 07:20","8 Jun 2026, 08:49","","Shrug (Machine)",,"",1,"normal",140,12,,,
"Push","8 Jun 2026, 07:20","8 Jun 2026, 08:49","","Shrug (Machine)",,"",2,"normal",140,12,,,
"Push","8 Jun 2026, 07:20","8 Jun 2026, 08:49","","Flat iso-Lateral Press",,"",0,"normal",96,8,,,
"Push","8 Jun 2026, 07:20","8 Jun 2026, 08:49","","Flat iso-Lateral Press",,"",1,"normal",96,7,,,
"Push","8 Jun 2026, 07:20","8 Jun 2026, 08:49","","Flat iso-Lateral Press",,"",2,"normal",86,9,,,
"Push","8 Jun 2026, 07:20","8 Jun 2026, 08:49","","Skullcrusher (Barbell)",,"",0,"normal",35,11,,,
"Push","8 Jun 2026, 07:20","8 Jun 2026, 08:49","","Skullcrusher (Barbell)",,"",1,"normal",35,8,,,
"Push","8 Jun 2026, 07:20","8 Jun 2026, 08:49","","Skullcrusher (Barbell)",,"",2,"normal",32.5,9,,,
"Push","8 Jun 2026, 07:20","8 Jun 2026, 08:49","","Iso-Lateral Chest Press (Machine)",,"",0,"normal",76,9,,,
"Push","8 Jun 2026, 07:20","8 Jun 2026, 08:49","","Iso-Lateral Chest Press (Machine)",,"",1,"normal",76,8,,,
"Push","8 Jun 2026, 07:20","8 Jun 2026, 08:49","","Lateral Raise (Cable)",,"",0,"normal",7.5,11,,,
"Push","8 Jun 2026, 07:20","8 Jun 2026, 08:49","","Lateral Raise (Cable)",,"",1,"normal",7.5,11,,,
"Push","8 Jun 2026, 07:20","8 Jun 2026, 08:49","","Triceps Pushdown",,"",0,"normal",38.5,8,,,
"Push","8 Jun 2026, 07:20","8 Jun 2026, 08:49","","Triceps Pushdown",,"",1,"normal",35,8,,,
"Full body","6 Jun 2026, 10:07","6 Jun 2026, 11:32","","Pull Up (Weighted)",,"",0,"normal",30,10,,,
"Full body","6 Jun 2026, 10:07","6 Jun 2026, 11:32","","Pull Up (Weighted)",,"",1,"normal",30,7,,,
"Full body","6 Jun 2026, 10:07","6 Jun 2026, 11:32","","Pull Up (Weighted)",,"",2,"normal",20,8,,,
"Full body","6 Jun 2026, 10:07","6 Jun 2026, 11:32","","Squat (Barbell)",,"",0,"normal",75,8,,,
"Full body","6 Jun 2026, 10:07","6 Jun 2026, 11:32","","Squat (Barbell)",,"",1,"normal",75,7,,,
"Full body","6 Jun 2026, 10:07","6 Jun 2026, 11:32","","Chest Dip (Weighted)",,"",0,"normal",20,9,,,
"Full body","6 Jun 2026, 10:07","6 Jun 2026, 11:32","","Chest Dip (Weighted)",,"",1,"normal",20,7,,,
"Full body","6 Jun 2026, 10:07","6 Jun 2026, 11:32","","Chest Dip (Weighted)",,"",2,"normal",15,8,,,
"Full body","6 Jun 2026, 10:07","6 Jun 2026, 11:32","","Seated Row (Machine)",,"",0,"normal",103,10,,,
"Full body","6 Jun 2026, 10:07","6 Jun 2026, 11:32","","Seated Row (Machine)",,"",1,"normal",96,10,,,
"Full body","6 Jun 2026, 10:07","6 Jun 2026, 11:32","","Seated Row (Machine)",,"",2,"normal",96,8,,,
"Full body","6 Jun 2026, 10:07","6 Jun 2026, 11:32","","Iso Lateral Leg Curl",,"(Weight per leg)",0,"warmup",28,10,,,
"Full body","6 Jun 2026, 10:07","6 Jun 2026, 11:32","","Iso Lateral Leg Curl",,"(Weight per leg)",1,"normal",38,7,,,
"Full body","6 Jun 2026, 10:07","6 Jun 2026, 11:32","","Shoulder Press (Machine Plates)",,"",0,"normal",80,8,,,
"Full body","6 Jun 2026, 10:07","6 Jun 2026, 11:32","","Shoulder Press (Machine Plates)",,"",1,"normal",70,8,,,
"Full body","6 Jun 2026, 10:07","6 Jun 2026, 11:32","","Shoulder Press (Machine Plates)",,"",2,"normal",70,7,,,
"Full body","6 Jun 2026, 10:07","6 Jun 2026, 11:32","","Preacher Curl (Machine)",0,"",0,"normal",81,10,,,
"Full body","6 Jun 2026, 10:07","6 Jun 2026, 11:32","","Preacher Curl (Machine)",0,"",1,"normal",74,8,,,
"Full body","6 Jun 2026, 10:07","6 Jun 2026, 11:32","","Triceps Pushdown",0,"",0,"normal",38.5,8,,,
"Full body","6 Jun 2026, 10:07","6 Jun 2026, 11:32","","Triceps Pushdown",0,"",1,"normal",35,12,,,
"Pull","29 May 2026, 07:54","29 May 2026, 08:58","","Pull Up (Weighted)",,"",0,"normal",30,9,,,
"Pull","29 May 2026, 07:54","29 May 2026, 08:58","","Pull Up (Weighted)",,"",1,"normal",30,7,,,
"Pull","29 May 2026, 07:54","29 May 2026, 08:58","","Pull Up (Weighted)",,"",2,"normal",20,8,,,
"Pull","29 May 2026, 07:54","29 May 2026, 08:58","","Iso-Lateral Row (Machine)",,"",0,"normal",130,10,,,
"Pull","29 May 2026, 07:54","29 May 2026, 08:58","","Iso-Lateral Row (Machine)",,"",1,"normal",130,8,,,
"Pull","29 May 2026, 07:54","29 May 2026, 08:58","","Iso-Lateral Row (Machine)",,"",2,"normal",120,9,,,
"Pull","29 May 2026, 07:54","29 May 2026, 08:58","","Shoulder Press (Machine Plates)",,"",0,"normal",80,9,,,
"Pull","29 May 2026, 07:54","29 May 2026, 08:58","","Shoulder Press (Machine Plates)",,"",1,"normal",70,8,,,
"Pull","29 May 2026, 07:54","29 May 2026, 08:58","","Preacher Curl (Machine)",,"",0,"normal",81,10,,,
"Pull","29 May 2026, 07:54","29 May 2026, 08:58","","Preacher Curl (Machine)",,"",1,"normal",74,8,,,
"Pull","29 May 2026, 07:54","29 May 2026, 08:58","","Preacher Curl (Machine)",,"",2,"normal",74,7,,,
"Pull","29 May 2026, 07:54","29 May 2026, 08:58","","Leg Extension (Machine)",,"",0,"normal",117,12,,,
"Pull","29 May 2026, 07:54","29 May 2026, 08:58","","Leg Extension (Machine)",,"",1,"normal",117,10,,,
"Pull","29 May 2026, 07:54","29 May 2026, 08:58","","Lat Pulldown (Cable)",,"",0,"normal",97,8,,,
"Pull","29 May 2026, 07:54","29 May 2026, 08:58","","Lat Pulldown (Cable)",,"",1,"normal",87,8,,,
"Push","28 May 2026, 14:00","28 May 2026, 15:22","","Chest Dip (Weighted)",,"",0,"normal",20,9,,,
"Push","28 May 2026, 14:00","28 May 2026, 15:22","","Chest Dip (Weighted)",,"",1,"normal",20,7,,,
"Push","28 May 2026, 14:00","28 May 2026, 15:22","","Chest Dip (Weighted)",,"",2,"normal",15,9,,,
"Push","28 May 2026, 14:00","28 May 2026, 15:22","","Shrug (Machine)",,"",0,"normal",140,12,,,
"Push","28 May 2026, 14:00","28 May 2026, 15:22","","Shrug (Machine)",,"",1,"normal",140,12,,,
"Push","28 May 2026, 14:00","28 May 2026, 15:22","","Shrug (Machine)",,"",2,"normal",140,12,,,
"Push","28 May 2026, 14:00","28 May 2026, 15:22","","Flat iso-Lateral Press",,"",0,"normal",96,8,,,
"Push","28 May 2026, 14:00","28 May 2026, 15:22","","Flat iso-Lateral Press",,"",1,"normal",96,6,,,
"Push","28 May 2026, 14:00","28 May 2026, 15:22","","Flat iso-Lateral Press",,"",2,"normal",86,8,,,
"Push","28 May 2026, 14:00","28 May 2026, 15:22","","Skullcrusher (Barbell)",,"",0,"normal",35,9,,,
"Push","28 May 2026, 14:00","28 May 2026, 15:22","","Skullcrusher (Barbell)",,"",1,"normal",35,7,,,
"Push","28 May 2026, 14:00","28 May 2026, 15:22","","Skullcrusher (Barbell)",,"",2,"normal",30,9,,,
"Push","28 May 2026, 14:00","28 May 2026, 15:22","","Seated Leg Curl (Machine)",,"",0,"normal",96,12,,,
"Push","28 May 2026, 14:00","28 May 2026, 15:22","","Seated Leg Curl (Machine)",,"",1,"normal",96,10,,,
"Push","28 May 2026, 14:00","28 May 2026, 15:22","","Lateral Raise (Cable)",,"",0,"normal",7.5,12,,,
"Push","28 May 2026, 14:00","28 May 2026, 15:22","","Lateral Raise (Cable)",,"",1,"normal",7.5,12,,,
"Push","28 May 2026, 14:00","28 May 2026, 15:22","","Triceps Pushdown",,"",0,"normal",38.5,8,,,
"Push","28 May 2026, 14:00","28 May 2026, 15:22","","Triceps Pushdown",,"",1,"normal",35,12,,,
"Upper","26 May 2026, 14:28","26 May 2026, 15:42","","Incline Bench Press (Smith Machine)",,"",0,"normal",70,9,,,
"Upper","26 May 2026, 14:28","26 May 2026, 15:42","","Incline Bench Press (Smith Machine)",,"",1,"normal",70,6,,,
"Upper","26 May 2026, 14:28","26 May 2026, 15:42","","Incline Bench Press (Smith Machine)",,"",2,"normal",65,7,,,
"Upper","26 May 2026, 14:28","26 May 2026, 15:42","","Seated Row (Machine)",,"",0,"normal",103,10,,,
"Upper","26 May 2026, 14:28","26 May 2026, 15:42","","Seated Row (Machine)",,"",1,"normal",103,8,,,
"Upper","26 May 2026, 14:28","26 May 2026, 15:42","","Seated Row (Machine)",,"",2,"normal",96,10,,,
"Upper","26 May 2026, 14:28","26 May 2026, 15:42","","Shoulder Press (Machine Plates)",,"",0,"normal",80,8,,,
"Upper","26 May 2026, 14:28","26 May 2026, 15:42","","Shoulder Press (Machine Plates)",,"",1,"normal",70,8,,,
"Upper","26 May 2026, 14:28","26 May 2026, 15:42","","Lat Pulldown (Machine)",,"",0,"normal",117,10,,,
"Upper","26 May 2026, 14:28","26 May 2026, 15:42","","Lat Pulldown (Machine)",,"",1,"normal",117,7,,,
"Upper","26 May 2026, 14:28","26 May 2026, 15:42","","Lat Pulldown (Machine)",,"",2,"normal",110,8,,,
"Upper","26 May 2026, 14:28","26 May 2026, 15:42","","Butterfly (Pec Deck)",,"",0,"normal",75,12,,,
"Upper","26 May 2026, 14:28","26 May 2026, 15:42","","Butterfly (Pec Deck)",,"",1,"normal",75,9,,,
"Upper","26 May 2026, 14:28","26 May 2026, 15:42","","Butterfly (Pec Deck)",,"",2,"normal",75,7,,,
"Upper","26 May 2026, 14:28","26 May 2026, 15:42","","Lateral Raise (Machine)",,"",0,"normal",34.5,14,,,
"Upper","26 May 2026, 14:28","26 May 2026, 15:42","","Lateral Raise (Machine)",,"",1,"normal",34.5,10,,,
"Upper","26 May 2026, 14:28","26 May 2026, 15:42","","Lateral Raise (Machine)",,"",2,"normal",34.5,10,,,
"Legs","23 May 2026, 13:36","23 May 2026, 14:44","","Squat (Barbell)",,"",0,"normal",75,8,,,
"Legs","23 May 2026, 13:36","23 May 2026, 14:44","","Squat (Barbell)",,"",1,"normal",75,7,,,
"Legs","23 May 2026, 13:36","23 May 2026, 14:44","","Squat (Barbell)",,"",2,"normal",70,7,,,
"Legs","23 May 2026, 13:36","23 May 2026, 14:44","","Shoulder Press (Machine Plates)",,"",0,"normal",70,12,,,
"Legs","23 May 2026, 13:36","23 May 2026, 14:44","","Shoulder Press (Machine Plates)",,"",1,"normal",70,9,,,
"Legs","23 May 2026, 13:36","23 May 2026, 14:44","","Plate Loaded Hip Thrust",,"",0,"normal",120,12,,,
"Legs","23 May 2026, 13:36","23 May 2026, 14:44","","Plate Loaded Hip Thrust",,"",1,"normal",120,12,,,
"Legs","23 May 2026, 13:36","23 May 2026, 14:44","","Leg Press (Machine)",,"",0,"normal",133,10,,,
"Legs","23 May 2026, 13:36","23 May 2026, 14:44","","Leg Press (Machine)",,"",1,"normal",133,10,,,
"Legs","23 May 2026, 13:36","23 May 2026, 14:44","","Crunch (Machine)",,"",0,"normal",45,12,,,
"Legs","23 May 2026, 13:36","23 May 2026, 14:44","","Crunch (Machine)",,"",1,"normal",45,10,,,
"Legs","23 May 2026, 13:36","23 May 2026, 14:44","","Standing Calf Raise (Machine)",,"",0,"normal",145,12,,,
"Legs","23 May 2026, 13:36","23 May 2026, 14:44","","Standing Calf Raise (Machine)",,"",1,"normal",145,12,,,
"Legs","23 May 2026, 13:36","23 May 2026, 14:44","","Seated Leg Curl (Machine)",,"",0,"normal",96,8,,,
"Legs","23 May 2026, 13:36","23 May 2026, 14:44","","Seated Leg Curl (Machine)",,"",1,"normal",96,8,,,
"Upper","22 May 2026, 14:10","22 May 2026, 15:15","","Chest Dip (Weighted)",,"",0,"normal",20,8,,,
"Upper","22 May 2026, 14:10","22 May 2026, 15:15","","Chest Dip (Weighted)",,"",1,"normal",15,10,,,
"Upper","22 May 2026, 14:10","22 May 2026, 15:15","","Chest Dip (Weighted)",,"",2,"normal",15,8,,,
"Upper","22 May 2026, 14:10","22 May 2026, 15:15","","Pull Up (Weighted)",,"",0,"normal",30,8,,,
"Upper","22 May 2026, 14:10","22 May 2026, 15:15","","Pull Up (Weighted)",,"",1,"normal",20,10,,,
"Upper","22 May 2026, 14:10","22 May 2026, 15:15","","Pull Up (Weighted)",,"",2,"normal",20,7,,,
"Upper","22 May 2026, 14:10","22 May 2026, 15:15","","Flat iso-Lateral Press",,"",0,"normal",96,8,,,
"Upper","22 May 2026, 14:10","22 May 2026, 15:15","","Flat iso-Lateral Press",,"",1,"normal",86,9,,,
"Upper","22 May 2026, 14:10","22 May 2026, 15:15","","Flat iso-Lateral Press",,"",2,"normal",86,6,,,
"Upper","22 May 2026, 14:10","22 May 2026, 15:15","","Iso-Lateral Row (Machine)",,"",0,"normal",120,12,,,
"Upper","22 May 2026, 14:10","22 May 2026, 15:15","","Iso-Lateral Row (Machine)",,"",1,"normal",120,9,,,
"Upper","22 May 2026, 14:10","22 May 2026, 15:15","","Iso-Lateral Row (Machine)",,"",2,"normal",120,8,,,
"Upper","22 May 2026, 14:10","22 May 2026, 15:15","","Shoulder Press (Machine Plates)",,"",0,"normal",70,9,,,
"Upper","22 May 2026, 14:10","22 May 2026, 15:15","","Shoulder Press (Machine Plates)",,"",1,"normal",70,8,,,
"Upper","22 May 2026, 14:10","22 May 2026, 15:15","","Shoulder Press (Machine Plates)",,"",2,"normal",70,6,,,
"Pull","15 May 2026, 07:51","15 May 2026, 09:05","","Pull Up (Weighted)",,"",0,"normal",30,9,,,
"Pull","15 May 2026, 07:51","15 May 2026, 09:05","","Pull Up (Weighted)",,"",1,"normal",30,7,,,
"Pull","15 May 2026, 07:51","15 May 2026, 09:05","","Pull Up (Weighted)",,"",2,"normal",20,9,,,
"Pull","15 May 2026, 07:51","15 May 2026, 09:05","","Iso-Lateral Row (Machine)",,"",0,"normal",130,11,,,
"Pull","15 May 2026, 07:51","15 May 2026, 09:05","","Iso-Lateral Row (Machine)",,"",1,"normal",130,8,,,
"Pull","15 May 2026, 07:51","15 May 2026, 09:05","","Iso-Lateral Row (Machine)",,"",2,"normal",120,11,,,
"Pull","15 May 2026, 07:51","15 May 2026, 09:05","","Shoulder Press (Machine Plates)",,"",0,"normal",80,9,,,
"Pull","15 May 2026, 07:51","15 May 2026, 09:05","","Shoulder Press (Machine Plates)",,"",1,"normal",80,7,,,
"Pull","15 May 2026, 07:51","15 May 2026, 09:05","","Shoulder Press (Machine Plates)",,"",2,"normal",70,7,,,
"Pull","15 May 2026, 07:51","15 May 2026, 09:05","","Preacher Curl (Machine)",,"",0,"normal",81,10,,,
"Pull","15 May 2026, 07:51","15 May 2026, 09:05","","Preacher Curl (Machine)",,"",1,"normal",74,8,,,
"Pull","15 May 2026, 07:51","15 May 2026, 09:05","","Preacher Curl (Machine)",,"",2,"normal",74,7,,,
"Pull","15 May 2026, 07:51","15 May 2026, 09:05","","Leg Extension (Machine)",,"",0,"normal",117,12,,,
"Pull","15 May 2026, 07:51","15 May 2026, 09:05","","Leg Extension (Machine)",,"",1,"normal",117,10,,,
"Pull","15 May 2026, 07:51","15 May 2026, 09:05","","Lat Pulldown (Cable)",,"",0,"normal",87,11,,,
"Pull","15 May 2026, 07:51","15 May 2026, 09:05","","Lat Pulldown (Cable)",,"",1,"normal",87,10,,,
"Push","14 May 2026, 14:07","14 May 2026, 15:27","","Incline Bench Press (Dumbbell)",,"",0,"normal",60,8,,,
"Push","14 May 2026, 14:07","14 May 2026, 15:27","","Incline Bench Press (Dumbbell)",,"",1,"normal",56,9,,,
"Push","14 May 2026, 14:07","14 May 2026, 15:27","","Incline Bench Press (Dumbbell)",,"",2,"normal",56,8,,,
"Push","14 May 2026, 14:07","14 May 2026, 15:27","","Shrug (Machine)",,"",0,"normal",140,12,,,
"Push","14 May 2026, 14:07","14 May 2026, 15:27","","Shrug (Machine)",,"",1,"normal",140,10,,,
"Push","14 May 2026, 14:07","14 May 2026, 15:27","","Shrug (Machine)",,"",2,"normal",140,12,,,
"Push","14 May 2026, 14:07","14 May 2026, 15:27","","Flat iso-Lateral Press",,"",0,"normal",96,9,,,
"Push","14 May 2026, 14:07","14 May 2026, 15:27","","Flat iso-Lateral Press",,"",1,"normal",96,6,,,
"Push","14 May 2026, 14:07","14 May 2026, 15:27","","Flat iso-Lateral Press",,"",2,"normal",86,8,,,
"Push","14 May 2026, 14:07","14 May 2026, 15:27","","Chest Dip (Weighted)",,"",0,"normal",10,10,,,
"Push","14 May 2026, 14:07","14 May 2026, 15:27","","Chest Dip (Weighted)",,"",1,"normal",10,7,,,
"Push","14 May 2026, 14:07","14 May 2026, 15:27","","Chest Dip (Weighted)",,"",2,"normal",,10,,,
"Push","14 May 2026, 14:07","14 May 2026, 15:27","","Seated Leg Curl (Machine)",,"",0,"normal",96,12,,,
"Push","14 May 2026, 14:07","14 May 2026, 15:27","","Seated Leg Curl (Machine)",,"",1,"normal",96,10,,,
"Push","14 May 2026, 14:07","14 May 2026, 15:27","","Lateral Raise (Cable)",,"",0,"normal",7.5,12,,,
"Push","14 May 2026, 14:07","14 May 2026, 15:27","","Lateral Raise (Cable)",,"",1,"normal",7.5,12,,,
"Pull","8 May 2026, 14:16","8 May 2026, 15:27","","Pull Up (Weighted)",,"",0,"normal",30,9,,,
"Pull","8 May 2026, 14:16","8 May 2026, 15:27","","Pull Up (Weighted)",,"",1,"normal",30,7,,,
"Pull","8 May 2026, 14:16","8 May 2026, 15:27","","Pull Up (Weighted)",,"",2,"normal",20,9,,,
"Pull","8 May 2026, 14:16","8 May 2026, 15:27","","Iso-Lateral Row (Machine)",,"",0,"normal",130,9,,,
"Pull","8 May 2026, 14:16","8 May 2026, 15:27","","Iso-Lateral Row (Machine)",,"",1,"normal",130,8,,,
"Pull","8 May 2026, 14:16","8 May 2026, 15:27","","Iso-Lateral Row (Machine)",,"",2,"normal",120,12,,,
"Pull","8 May 2026, 14:16","8 May 2026, 15:27","","Shoulder Press (Machine Plates)",,"",0,"normal",80,10,,,
"Pull","8 May 2026, 14:16","8 May 2026, 15:27","","Shoulder Press (Machine Plates)",,"",1,"normal",70,9,,,
"Pull","8 May 2026, 14:16","8 May 2026, 15:27","","Shoulder Press (Machine Plates)",,"",2,"normal",70,7,,,
"Pull","8 May 2026, 14:16","8 May 2026, 15:27","","Preacher Curl (Machine)",,"",0,"normal",81,10,,,
"Pull","8 May 2026, 14:16","8 May 2026, 15:27","","Preacher Curl (Machine)",,"",1,"normal",74,7,,,
"Pull","8 May 2026, 14:16","8 May 2026, 15:27","","Preacher Curl (Machine)",,"",2,"normal",74,6,,,
"Pull","8 May 2026, 14:16","8 May 2026, 15:27","","Lat Pulldown (Cable)",,"",0,"normal",87,10,,,
"Pull","8 May 2026, 14:16","8 May 2026, 15:27","","Lat Pulldown (Cable)",,"",1,"normal",87,9,,,
"Pull","8 May 2026, 14:16","8 May 2026, 15:27","","Leg Extension (Machine)",,"",0,"normal",110,12,,,
"Pull","8 May 2026, 14:16","8 May 2026, 15:27","","Leg Extension (Machine)",,"",1,"normal",110,10,,,
"Push","7 May 2026, 07:49","7 May 2026, 09:06","","Incline Bench Press (Dumbbell)",,"",0,"normal",60,8,,,
"Push","7 May 2026, 07:49","7 May 2026, 09:06","","Incline Bench Press (Dumbbell)",,"",1,"normal",56,9,,,
"Push","7 May 2026, 07:49","7 May 2026, 09:06","","Incline Bench Press (Dumbbell)",,"",2,"normal",56,8,,,
"Push","7 May 2026, 07:49","7 May 2026, 09:06","","Shrug (Machine)",,"",0,"normal",140,12,,,
"Push","7 May 2026, 07:49","7 May 2026, 09:06","","Shrug (Machine)",,"",1,"normal",140,12,,,
"Push","7 May 2026, 07:49","7 May 2026, 09:06","","Shrug (Machine)",,"",2,"normal",140,10,,,
"Push","7 May 2026, 07:49","7 May 2026, 09:06","","Flat iso-Lateral Press",,"",0,"normal",96,9,,,
"Push","7 May 2026, 07:49","7 May 2026, 09:06","","Flat iso-Lateral Press",,"",1,"normal",96,6,,,
"Push","7 May 2026, 07:49","7 May 2026, 09:06","","Flat iso-Lateral Press",,"",2,"normal",86,7,,,
"Push","7 May 2026, 07:49","7 May 2026, 09:06","","Skullcrusher (Barbell)",,"",0,"normal",35,9,,,
"Push","7 May 2026, 07:49","7 May 2026, 09:06","","Skullcrusher (Barbell)",,"",1,"normal",35,7,,,
"Push","7 May 2026, 07:49","7 May 2026, 09:06","","Skullcrusher (Barbell)",,"",2,"normal",30,8,,,
"Push","7 May 2026, 07:49","7 May 2026, 09:06","","Seated Leg Curl (Machine)",,"",0,"normal",96,10,,,
"Push","7 May 2026, 07:49","7 May 2026, 09:06","","Seated Leg Curl (Machine)",,"",1,"normal",96,8,,,
"Push","7 May 2026, 07:49","7 May 2026, 09:06","","Lateral Raise (Cable)",,"",0,"normal",7.5,12,,,
"Push","7 May 2026, 07:49","7 May 2026, 09:06","","Lateral Raise (Cable)",,"",1,"normal",7.5,12,,,
"Push","7 May 2026, 07:49","7 May 2026, 09:06","","Triceps Pushdown",,"",0,"normal",38.5,8,,,
"Push","7 May 2026, 07:49","7 May 2026, 09:06","","Triceps Pushdown",,"",1,"normal",35,10,,,
"Legs","2 May 2026, 17:28","2 May 2026, 18:27","","Squat (Barbell)",,"",0,"normal",70,10,,,
"Legs","2 May 2026, 17:28","2 May 2026, 18:27","","Squat (Barbell)",,"",1,"normal",70,8,,,
"Legs","2 May 2026, 17:28","2 May 2026, 18:27","","Squat (Barbell)",,"",2,"normal",70,8,,,
"Legs","2 May 2026, 17:28","2 May 2026, 18:27","","Romanian Deadlift (Barbell)",,"",0,"normal",90,10,,,
"Legs","2 May 2026, 17:28","2 May 2026, 18:27","","Romanian Deadlift (Barbell)",,"",1,"normal",90,10,,,
"Legs","2 May 2026, 17:28","2 May 2026, 18:27","","Standing Calf Raise (Machine)",,"",0,"normal",145,12,,,
"Legs","2 May 2026, 17:28","2 May 2026, 18:27","","Standing Calf Raise (Machine)",,"",1,"normal",145,10,,,
"Legs","2 May 2026, 17:28","2 May 2026, 18:27","","Crunch (Machine)",,"",0,"normal",45,12,,,
"Legs","2 May 2026, 17:28","2 May 2026, 18:27","","Crunch (Machine)",,"",1,"normal",45,10,,,
"Legs","2 May 2026, 17:28","2 May 2026, 18:27","","Leg Extension (Machine)",,"",0,"normal",110,12,,,
"Legs","2 May 2026, 17:28","2 May 2026, 18:27","","Leg Extension (Machine)",,"",1,"normal",110,8,,,
"Legs","2 May 2026, 17:28","2 May 2026, 18:27","","Seated Leg Curl (Machine)",,"",0,"normal",96,8,,,
"Legs","2 May 2026, 17:28","2 May 2026, 18:27","","Seated Leg Curl (Machine)",,"",1,"normal",96,8,,,
"Legs","2 May 2026, 17:28","2 May 2026, 18:27","","Hip Adduction (Machine)",,"",0,"normal",49,12,,,
"Legs","2 May 2026, 17:28","2 May 2026, 18:27","","Hip Adduction (Machine)",,"",1,"normal",49,8,,,
"Legs","2 May 2026, 17:28","2 May 2026, 18:27","","Hip Abduction (Machine)",,"",0,"normal",56,12,,,
"Legs","2 May 2026, 17:28","2 May 2026, 18:27","","Hip Abduction (Machine)",,"",1,"normal",63,12,,,
"Pull","1 May 2026, 07:54","1 May 2026, 08:58","","Pull Up (Weighted)",,"",0,"normal",30,9,,,
"Pull","1 May 2026, 07:54","1 May 2026, 08:58","","Pull Up (Weighted)",,"",1,"normal",30,7,,,
"Pull","1 May 2026, 07:54","1 May 2026, 08:58","","Pull Up (Weighted)",,"",2,"normal",20,8,,,
"Pull","1 May 2026, 07:54","1 May 2026, 08:58","","Iso-Lateral Row (Machine)",,"",0,"normal",130,9,,,
"Pull","1 May 2026, 07:54","1 May 2026, 08:58","","Iso-Lateral Row (Machine)",,"",1,"normal",130,8,,,
"Pull","1 May 2026, 07:54","1 May 2026, 08:58","","Iso-Lateral Row (Machine)",,"",2,"normal",120,10,,,
"Pull","1 May 2026, 07:54","1 May 2026, 08:58","","Shoulder Press (Machine Plates)",,"",0,"normal",80,9,,,
"Pull","1 May 2026, 07:54","1 May 2026, 08:58","","Shoulder Press (Machine Plates)",,"",1,"normal",70,9,,,
"Pull","1 May 2026, 07:54","1 May 2026, 08:58","","Shoulder Press (Machine Plates)",,"",2,"normal",70,6,,,
"Pull","1 May 2026, 07:54","1 May 2026, 08:58","","Leg Extension (Machine)",,"",0,"normal",110,10,,,
"Pull","1 May 2026, 07:54","1 May 2026, 08:58","","Leg Extension (Machine)",,"",1,"normal",110,10,,,
"Pull","1 May 2026, 07:54","1 May 2026, 08:58","","Preacher Curl (Machine)",,"",0,"normal",81,9,,,
"Pull","1 May 2026, 07:54","1 May 2026, 08:58","","Preacher Curl (Machine)",,"",1,"normal",74,7,,,
"Pull","1 May 2026, 07:54","1 May 2026, 08:58","","Lat Pulldown (Cable)",,"",0,"normal",87,10,,,
"Pull","1 May 2026, 07:54","1 May 2026, 08:58","","Lat Pulldown (Cable)",,"",1,"normal",87,10,,,
"Push","30 Apr 2026, 14:07","30 Apr 2026, 15:29","","Incline Bench Press (Dumbbell)",,"",0,"normal",60,9,,,
"Push","30 Apr 2026, 14:07","30 Apr 2026, 15:29","","Incline Bench Press (Dumbbell)",,"",1,"normal",56,10,,,
"Push","30 Apr 2026, 14:07","30 Apr 2026, 15:29","","Incline Bench Press (Dumbbell)",,"",2,"normal",56,8,,,
"Push","30 Apr 2026, 14:07","30 Apr 2026, 15:29","","Shrug (Machine)",,"",0,"normal",140,12,,,
"Push","30 Apr 2026, 14:07","30 Apr 2026, 15:29","","Shrug (Machine)",,"",1,"normal",140,12,,,
"Push","30 Apr 2026, 14:07","30 Apr 2026, 15:29","","Shrug (Machine)",,"",2,"normal",140,10,,,
"Push","30 Apr 2026, 14:07","30 Apr 2026, 15:29","","Flat iso-Lateral Press",,"",0,"normal",96,9,,,
"Push","30 Apr 2026, 14:07","30 Apr 2026, 15:29","","Flat iso-Lateral Press",,"",1,"normal",96,7,,,
"Push","30 Apr 2026, 14:07","30 Apr 2026, 15:29","","Flat iso-Lateral Press",,"",2,"normal",86,7,,,
"Push","30 Apr 2026, 14:07","30 Apr 2026, 15:29","","Skullcrusher (Barbell)",,"",0,"normal",35,9,,,
"Push","30 Apr 2026, 14:07","30 Apr 2026, 15:29","","Skullcrusher (Barbell)",,"",1,"normal",35,7,,,
"Push","30 Apr 2026, 14:07","30 Apr 2026, 15:29","","Skullcrusher (Barbell)",,"",2,"normal",30,8,,,
"Push","30 Apr 2026, 14:07","30 Apr 2026, 15:29","","Lateral Raise (Cable)",,"",0,"normal",7.5,12,,,
"Push","30 Apr 2026, 14:07","30 Apr 2026, 15:29","","Lateral Raise (Cable)",,"",1,"normal",7.5,12,,,
"Push","30 Apr 2026, 14:07","30 Apr 2026, 15:29","","Seated Leg Curl (Machine)",,"",0,"normal",96,8,,,
"Push","30 Apr 2026, 14:07","30 Apr 2026, 15:29","","Seated Leg Curl (Machine)",,"",1,"normal",89,8,,,
"Push","30 Apr 2026, 14:07","30 Apr 2026, 15:29","","Triceps Pushdown",,"",0,"normal",38.5,8,,,
"Push","30 Apr 2026, 14:07","30 Apr 2026, 15:29","","Triceps Pushdown",,"",1,"normal",35,10,,,
"Upper","27 Apr 2026, 16:02","27 Apr 2026, 16:51","","Incline Bench Press (Smith Machine)",,"",0,"normal",70,10,,,
"Upper","27 Apr 2026, 16:02","27 Apr 2026, 16:51","","Incline Bench Press (Smith Machine)",,"",1,"normal",70,8,,,
"Upper","27 Apr 2026, 16:02","27 Apr 2026, 16:51","","Incline Bench Press (Smith Machine)",,"",2,"normal",70,6,,,
"Upper","27 Apr 2026, 16:02","27 Apr 2026, 16:51","","Lat Pulldown (Machine)",,"",0,"normal",117,10,,,
"Upper","27 Apr 2026, 16:02","27 Apr 2026, 16:51","","Lat Pulldown (Machine)",,"",1,"normal",117,7,,,
"Upper","27 Apr 2026, 16:02","27 Apr 2026, 16:51","","Shoulder Press (Machine Plates)",,"",0,"normal",80,8,,,
"Upper","27 Apr 2026, 16:02","27 Apr 2026, 16:51","","Shoulder Press (Machine Plates)",,"",1,"normal",70,8,,,
"Upper","27 Apr 2026, 16:02","27 Apr 2026, 16:51","","Seated Row (Machine)",,"",0,"normal",103,10,,,
"Upper","27 Apr 2026, 16:02","27 Apr 2026, 16:51","","Seated Row (Machine)",,"",1,"normal",103,8,,,
"Upper","27 Apr 2026, 16:02","27 Apr 2026, 16:51","","Butterfly (Pec Deck)",,"",0,"normal",75,10,,,
"Upper","27 Apr 2026, 16:02","27 Apr 2026, 16:51","","Butterfly (Pec Deck)",,"",1,"normal",75,9,,,
"Legs","25 Apr 2026, 14:27","25 Apr 2026, 15:37","","Squat (Barbell)",,"",0,"normal",70,10,,,
"Legs","25 Apr 2026, 14:27","25 Apr 2026, 15:37","","Squat (Barbell)",,"",1,"normal",70,8,,,
"Legs","25 Apr 2026, 14:27","25 Apr 2026, 15:37","","Squat (Barbell)",,"",2,"normal",70,8,,,
"Legs","25 Apr 2026, 14:27","25 Apr 2026, 15:37","","Romanian Deadlift (Barbell)",,"",0,"normal",90,10,,,
"Legs","25 Apr 2026, 14:27","25 Apr 2026, 15:37","","Romanian Deadlift (Barbell)",,"",1,"normal",90,10,,,
"Legs","25 Apr 2026, 14:27","25 Apr 2026, 15:37","","Crunch (Machine)",,"",0,"normal",45,10,,,
"Legs","25 Apr 2026, 14:27","25 Apr 2026, 15:37","","Crunch (Machine)",,"",1,"normal",45,10,,,
"Legs","25 Apr 2026, 14:27","25 Apr 2026, 15:37","","Standing Calf Raise (Machine)",,"",0,"normal",135,12,,,
"Legs","25 Apr 2026, 14:27","25 Apr 2026, 15:37","","Standing Calf Raise (Machine)",,"",1,"normal",145,10,,,
"Legs","25 Apr 2026, 14:27","25 Apr 2026, 15:37","","Leg Extension (Machine)",,"",0,"normal",110,10,,,
"Legs","25 Apr 2026, 14:27","25 Apr 2026, 15:37","","Leg Extension (Machine)",,"",1,"normal",110,8,,,
"Legs","25 Apr 2026, 14:27","25 Apr 2026, 15:37","","Seated Leg Curl (Machine)",,"",0,"normal",96,8,,,
"Legs","25 Apr 2026, 14:27","25 Apr 2026, 15:37","","Seated Leg Curl (Machine)",,"",1,"normal",89,8,,,
"Legs","25 Apr 2026, 14:27","25 Apr 2026, 15:37","","Hip Adduction (Machine)",,"Separation: 6",0,"normal",49,11,,,
"Legs","25 Apr 2026, 14:27","25 Apr 2026, 15:37","","Hip Adduction (Machine)",,"Separation: 6",1,"normal",49,8,,,
"Legs","25 Apr 2026, 14:27","25 Apr 2026, 15:37","","Hip Abduction (Machine)",,"",0,"normal",56,14,,,
"Legs","25 Apr 2026, 14:27","25 Apr 2026, 15:37","","Hip Abduction (Machine)",,"",1,"normal",56,12,,,
"Pull","24 Apr 2026, 14:08","24 Apr 2026, 15:13","","Pull Up (Weighted)",,"",0,"normal",30,9,,,
"Pull","24 Apr 2026, 14:08","24 Apr 2026, 15:13","","Pull Up (Weighted)",,"",1,"normal",30,7,,,
"Pull","24 Apr 2026, 14:08","24 Apr 2026, 15:13","","Pull Up (Weighted)",,"",2,"normal",25,6,,,
"Pull","24 Apr 2026, 14:08","24 Apr 2026, 15:13","","Iso-Lateral Row (Machine)",,"",0,"normal",130,9,,,
"Pull","24 Apr 2026, 14:08","24 Apr 2026, 15:13","","Iso-Lateral Row (Machine)",,"",1,"normal",130,8,,,
"Pull","24 Apr 2026, 14:08","24 Apr 2026, 15:13","","Iso-Lateral Row (Machine)",,"",2,"normal",120,10,,,
"Pull","24 Apr 2026, 14:08","24 Apr 2026, 15:13","","Shoulder Press (Machine Plates)",,"",0,"normal",80,9,,,
"Pull","24 Apr 2026, 14:08","24 Apr 2026, 15:13","","Shoulder Press (Machine Plates)",,"",1,"normal",70,9,,,
"Pull","24 Apr 2026, 14:08","24 Apr 2026, 15:13","","Shoulder Press (Machine Plates)",,"",2,"normal",70,6,,,
"Pull","24 Apr 2026, 14:08","24 Apr 2026, 15:13","","Preacher Curl (Machine)",,"",0,"normal",81,10,,,
"Pull","24 Apr 2026, 14:08","24 Apr 2026, 15:13","","Preacher Curl (Machine)",,"",1,"normal",74,8,,,
"Pull","24 Apr 2026, 14:08","24 Apr 2026, 15:13","","Preacher Curl (Machine)",,"",2,"normal",74,6,,,
"Pull","24 Apr 2026, 14:08","24 Apr 2026, 15:13","","Leg Extension (Machine)",,"",0,"normal",110,12,,,
"Pull","24 Apr 2026, 14:08","24 Apr 2026, 15:13","","Leg Extension (Machine)",,"",1,"normal",110,12,,,
"Pull","24 Apr 2026, 14:08","24 Apr 2026, 15:13","","Lat Pulldown (Cable)",,"",0,"normal",87,11,,,
"Pull","24 Apr 2026, 14:08","24 Apr 2026, 15:13","","Lat Pulldown (Cable)",,"",1,"normal",87,8,,,
"Push","23 Apr 2026, 07:44","23 Apr 2026, 09:06","","Incline Bench Press (Dumbbell)",,"",0,"normal",56,11,,,9.5
"Push","23 Apr 2026, 07:44","23 Apr 2026, 09:06","","Incline Bench Press (Dumbbell)",,"",1,"normal",56,8,,,
"Push","23 Apr 2026, 07:44","23 Apr 2026, 09:06","","Incline Bench Press (Dumbbell)",,"",2,"normal",56,7,,,
"Push","23 Apr 2026, 07:44","23 Apr 2026, 09:06","","Shrug (Machine)",,"",0,"normal",140,12,,,
"Push","23 Apr 2026, 07:44","23 Apr 2026, 09:06","","Shrug (Machine)",,"",1,"normal",140,12,,,
"Push","23 Apr 2026, 07:44","23 Apr 2026, 09:06","","Shrug (Machine)",,"",2,"normal",140,10,,,
"Push","23 Apr 2026, 07:44","23 Apr 2026, 09:06","","Flat iso-Lateral Press",,"",0,"normal",96,10,,,
"Push","23 Apr 2026, 07:44","23 Apr 2026, 09:06","","Flat iso-Lateral Press",,"",1,"normal",96,6,,,
"Push","23 Apr 2026, 07:44","23 Apr 2026, 09:06","","Flat iso-Lateral Press",,"",2,"normal",86,7,,,
"Push","23 Apr 2026, 07:44","23 Apr 2026, 09:06","","Skullcrusher (Barbell)",,"",0,"normal",35,9,,,
"Push","23 Apr 2026, 07:44","23 Apr 2026, 09:06","","Skullcrusher (Barbell)",,"",1,"normal",35,7,,,
"Push","23 Apr 2026, 07:44","23 Apr 2026, 09:06","","Skullcrusher (Barbell)",,"",2,"normal",30,10,,,
"Push","23 Apr 2026, 07:44","23 Apr 2026, 09:06","","Lateral Raise (Cable)",,"",0,"normal",7.5,12,,,
"Push","23 Apr 2026, 07:44","23 Apr 2026, 09:06","","Lateral Raise (Cable)",,"",1,"normal",7.5,12,,,
"Push","23 Apr 2026, 07:44","23 Apr 2026, 09:06","","Seated Leg Curl (Machine)",,"",0,"normal",96,10,,,
"Push","23 Apr 2026, 07:44","23 Apr 2026, 09:06","","Seated Leg Curl (Machine)",,"",1,"normal",96,10,,,
"Push","23 Apr 2026, 07:44","23 Apr 2026, 09:06","","Triceps Pushdown",,"",0,"normal",38.5,9,,,
"Push","23 Apr 2026, 07:44","23 Apr 2026, 09:06","","Triceps Pushdown",,"",1,"normal",35,10,,,
"Upper","17 Apr 2026, 18:32","17 Apr 2026, 19:33","","Incline Bench Press (Smith Machine)",,"",0,"normal",70,9,,,
"Upper","17 Apr 2026, 18:32","17 Apr 2026, 19:33","","Incline Bench Press (Smith Machine)",,"",1,"normal",70,7,,,
"Upper","17 Apr 2026, 18:32","17 Apr 2026, 19:33","","Incline Bench Press (Smith Machine)",,"",2,"normal",70,6,,,
"Upper","17 Apr 2026, 18:32","17 Apr 2026, 19:33","","Seated Row (Machine)",,"",0,"normal",103,10,,,
"Upper","17 Apr 2026, 18:32","17 Apr 2026, 19:33","","Seated Row (Machine)",,"",1,"normal",103,9,,,
"Upper","17 Apr 2026, 18:32","17 Apr 2026, 19:33","","Seated Row (Machine)",,"",2,"normal",96,10,,,
"Upper","17 Apr 2026, 18:32","17 Apr 2026, 19:33","","Seated Shoulder Press (Machine)",,"",0,"normal",53,7,,,
"Upper","17 Apr 2026, 18:32","17 Apr 2026, 19:33","","Seated Shoulder Press (Machine)",,"",1,"normal",46,10,,,
"Upper","17 Apr 2026, 18:32","17 Apr 2026, 19:33","","Lat Pulldown (Machine)",,"",0,"normal",117,10,,,
"Upper","17 Apr 2026, 18:32","17 Apr 2026, 19:33","","Lat Pulldown (Machine)",,"",1,"normal",117,7,,,
"Upper","17 Apr 2026, 18:32","17 Apr 2026, 19:33","","Lat Pulldown (Machine)",,"",2,"normal",110,9,,,
"Upper","17 Apr 2026, 18:32","17 Apr 2026, 19:33","","Butterfly (Pec Deck)",,"",0,"normal",82,9,,,
"Upper","17 Apr 2026, 18:32","17 Apr 2026, 19:33","","Butterfly (Pec Deck)",,"",1,"normal",75,8,,,
"Upper","17 Apr 2026, 18:32","17 Apr 2026, 19:33","","Butterfly (Pec Deck)",,"",2,"normal",75,7,,,
"Upper","17 Apr 2026, 18:32","17 Apr 2026, 19:33","","Lateral Raise (Machine)",,"",0,"normal",34.5,12,,,
"Upper","17 Apr 2026, 18:32","17 Apr 2026, 19:33","","Lateral Raise (Machine)",,"",1,"normal",34.5,10,,,
"Legs","16 Apr 2026, 18:20","16 Apr 2026, 19:02","","Squat (Barbell)",,"",0,"normal",70,10,,,
"Legs","16 Apr 2026, 18:20","16 Apr 2026, 19:02","","Squat (Barbell)",,"",1,"normal",70,8,,,
"Legs","16 Apr 2026, 18:20","16 Apr 2026, 19:02","","Squat (Barbell)",,"",2,"normal",70,8,,,
"Legs","16 Apr 2026, 18:20","16 Apr 2026, 19:02","","Standing Calf Raise (Machine)",,"",0,"normal",135,12,,,
"Legs","16 Apr 2026, 18:20","16 Apr 2026, 19:02","","Standing Calf Raise (Machine)",,"",1,"normal",135,12,,,
"Legs","16 Apr 2026, 18:20","16 Apr 2026, 19:02","","Crunch (Machine)",,"",0,"normal",45,10,,,
"Legs","16 Apr 2026, 18:20","16 Apr 2026, 19:02","","Crunch (Machine)",,"",1,"normal",45,8,,,
"Legs","16 Apr 2026, 18:20","16 Apr 2026, 19:02","","Seated Leg Curl (Machine)",,"",0,"normal",96,10,,,
"Legs","16 Apr 2026, 18:20","16 Apr 2026, 19:02","","Seated Leg Curl (Machine)",,"",1,"normal",96,10,,,
"Legs","16 Apr 2026, 18:20","16 Apr 2026, 19:02","","Leg Extension (Machine)",,"",0,"normal",110,10,,,
"Legs","16 Apr 2026, 18:20","16 Apr 2026, 19:02","","Leg Extension (Machine)",,"",1,"normal",110,8,,,
"Pull","14 Apr 2026, 19:57","14 Apr 2026, 21:12","","Pull Up (Weighted)",,"",0,"normal",30,9,,,
"Pull","14 Apr 2026, 19:57","14 Apr 2026, 21:12","","Pull Up (Weighted)",,"",1,"normal",30,7,,,
"Pull","14 Apr 2026, 19:57","14 Apr 2026, 21:12","","Pull Up (Weighted)",,"",2,"normal",20,9,,,
"Pull","14 Apr 2026, 19:57","14 Apr 2026, 21:12","","Iso-Lateral Row (Machine)",,"",0,"normal",130,8,,,
"Pull","14 Apr 2026, 19:57","14 Apr 2026, 21:12","","Iso-Lateral Row (Machine)",,"",1,"normal",130,7,,,
"Pull","14 Apr 2026, 19:57","14 Apr 2026, 21:12","","Iso-Lateral Row (Machine)",,"",2,"normal",120,9,,,
"Pull","14 Apr 2026, 19:57","14 Apr 2026, 21:12","","Shoulder Press (Machine Plates)",,"",0,"normal",80,10,,,
"Pull","14 Apr 2026, 19:57","14 Apr 2026, 21:12","","Shoulder Press (Machine Plates)",,"",1,"normal",70,9,,,
"Pull","14 Apr 2026, 19:57","14 Apr 2026, 21:12","","Shoulder Press (Machine Plates)",,"",2,"normal",70,6,,,
"Pull","14 Apr 2026, 19:57","14 Apr 2026, 21:12","","Preacher Curl (Machine)",,"",0,"normal",81,10,,,
"Pull","14 Apr 2026, 19:57","14 Apr 2026, 21:12","","Preacher Curl (Machine)",,"",1,"normal",74,8,,,
"Pull","14 Apr 2026, 19:57","14 Apr 2026, 21:12","","Preacher Curl (Machine)",,"",2,"normal",74,8,,,
"Pull","14 Apr 2026, 19:57","14 Apr 2026, 21:12","","Iso-Lateral High Row (Machine)",,"",0,"normal",66,12,,,
"Pull","14 Apr 2026, 19:57","14 Apr 2026, 21:12","","Iso-Lateral High Row (Machine)",,"",1,"normal",66,10,,,
"Push","13 Apr 2026, 06:47","13 Apr 2026, 08:03","","Incline Bench Press (Dumbbell)",,"",0,"normal",56,10,,,8.5
"Push","13 Apr 2026, 06:47","13 Apr 2026, 08:03","","Incline Bench Press (Dumbbell)",,"",1,"normal",56,9,,,9
"Push","13 Apr 2026, 06:47","13 Apr 2026, 08:03","","Incline Bench Press (Dumbbell)",,"",2,"normal",56,7,,,9.5
"Push","13 Apr 2026, 06:47","13 Apr 2026, 08:03","","Shrug (Machine)",,"",0,"normal",140,12,,,
"Push","13 Apr 2026, 06:47","13 Apr 2026, 08:03","","Shrug (Machine)",,"",1,"normal",140,10,,,
"Push","13 Apr 2026, 06:47","13 Apr 2026, 08:03","","Shrug (Machine)",,"",2,"normal",140,10,,,
"Push","13 Apr 2026, 06:47","13 Apr 2026, 08:03","","Flat iso-Lateral Press",,"",0,"normal",96,8,,,
"Push","13 Apr 2026, 06:47","13 Apr 2026, 08:03","","Flat iso-Lateral Press",,"",1,"normal",86,9,,,
"Push","13 Apr 2026, 06:47","13 Apr 2026, 08:03","","Flat iso-Lateral Press",,"",2,"normal",86,7,,,
"Push","13 Apr 2026, 06:47","13 Apr 2026, 08:03","","Skullcrusher (Barbell)",,"",0,"normal",35,9,,,
"Push","13 Apr 2026, 06:47","13 Apr 2026, 08:03","","Skullcrusher (Barbell)",,"",1,"normal",35,8,,,
"Push","13 Apr 2026, 06:47","13 Apr 2026, 08:03","","Skullcrusher (Barbell)",,"",2,"normal",30,11,,,
"Push","13 Apr 2026, 06:47","13 Apr 2026, 08:03","","Lateral Raise (Cable)",,"",0,"normal",7.5,12,,,
"Push","13 Apr 2026, 06:47","13 Apr 2026, 08:03","","Lateral Raise (Cable)",,"",1,"normal",7.5,12,,,
"Push","13 Apr 2026, 06:47","13 Apr 2026, 08:03","","Triceps Pushdown",,"",0,"normal",38.5,10,,,
"Push","13 Apr 2026, 06:47","13 Apr 2026, 08:03","","Triceps Pushdown",,"",1,"normal",35,10,,,
"Upper","11 Apr 2026, 19:05","11 Apr 2026, 20:20","","Incline Bench Press (Smith Machine)",,"",0,"normal",70,10,,,
"Upper","11 Apr 2026, 19:05","11 Apr 2026, 20:20","","Incline Bench Press (Smith Machine)",,"",1,"normal",70,7,,,
"Upper","11 Apr 2026, 19:05","11 Apr 2026, 20:20","","Incline Bench Press (Smith Machine)",,"",2,"normal",70,6,,,
"Upper","11 Apr 2026, 19:05","11 Apr 2026, 20:20","","Seated Row (Machine)",,"",0,"normal",103,8,,,
"Upper","11 Apr 2026, 19:05","11 Apr 2026, 20:20","","Seated Row (Machine)",,"",1,"normal",96,10,,,
"Upper","11 Apr 2026, 19:05","11 Apr 2026, 20:20","","Seated Row (Machine)",,"",2,"normal",96,8,,,
"Upper","11 Apr 2026, 19:05","11 Apr 2026, 20:20","","Shoulder Press (Machine Plates)",,"",0,"normal",70,12,,,
"Upper","11 Apr 2026, 19:05","11 Apr 2026, 20:20","","Shoulder Press (Machine Plates)",,"",1,"normal",70,10,,,
"Upper","11 Apr 2026, 19:05","11 Apr 2026, 20:20","","Shoulder Press (Machine Plates)",,"",2,"normal",70,7,,,
"Upper","11 Apr 2026, 19:05","11 Apr 2026, 20:20","","Lat Pulldown (Machine)",,"",0,"normal",117,8,,,
"Upper","11 Apr 2026, 19:05","11 Apr 2026, 20:20","","Lat Pulldown (Machine)",,"",1,"normal",110,10,,,
"Upper","11 Apr 2026, 19:05","11 Apr 2026, 20:20","","Lat Pulldown (Machine)",,"",2,"normal",110,8,,,
"Upper","11 Apr 2026, 19:05","11 Apr 2026, 20:20","","Butterfly (Pec Deck)",,"",0,"normal",82,8,,,
"Upper","11 Apr 2026, 19:05","11 Apr 2026, 20:20","","Butterfly (Pec Deck)",,"",1,"normal",75,9,,,
"Upper","11 Apr 2026, 19:05","11 Apr 2026, 20:20","","Butterfly (Pec Deck)",,"",2,"normal",75,7,,,
"Upper","11 Apr 2026, 19:05","11 Apr 2026, 20:20","","Lateral Raise (Machine)",,"",0,"normal",34.5,10,,,
"Upper","11 Apr 2026, 19:05","11 Apr 2026, 20:20","","Lateral Raise (Machine)",,"",1,"normal",34.5,12,,,
"Upper","11 Apr 2026, 19:05","11 Apr 2026, 20:20","","Lateral Raise (Machine)",,"",2,"normal",34.5,10,,,
"Legs","9 Apr 2026, 20:27","9 Apr 2026, 21:00","","Hack Squat (Machine)",,"",0,"normal",105,12,,,
"Legs","9 Apr 2026, 20:27","9 Apr 2026, 21:00","","Hack Squat (Machine)",,"",1,"normal",105,8,,,
"Legs","9 Apr 2026, 20:27","9 Apr 2026, 21:00","","Hack Squat (Machine)",,"",2,"normal",105,7,,,
"Legs","9 Apr 2026, 20:27","9 Apr 2026, 21:00","","Crunch (Machine)",,"",0,"normal",45,8,,,
"Legs","9 Apr 2026, 20:27","9 Apr 2026, 21:00","","Crunch (Machine)",,"",1,"normal",45,8,,,
"Legs","9 Apr 2026, 20:27","9 Apr 2026, 21:00","","Standing Calf Raise (Machine)",,"",0,"normal",135,12,,,
"Legs","9 Apr 2026, 20:27","9 Apr 2026, 21:00","","Standing Calf Raise (Machine)",,"",1,"normal",135,12,,,
"Legs","9 Apr 2026, 20:27","9 Apr 2026, 21:00","","Seated Leg Curl (Machine)",,"",0,"normal",89,12,,,
"Legs","9 Apr 2026, 20:27","9 Apr 2026, 21:00","","Seated Leg Curl (Machine)",,"",1,"normal",89,10,,,
"Legs","9 Apr 2026, 20:27","9 Apr 2026, 21:00","","Leg Extension (Machine)",,"",0,"normal",115,8,,,
"Legs","9 Apr 2026, 20:27","9 Apr 2026, 21:00","","Leg Extension (Machine)",,"",1,"normal",101,10,,,
"Pull","8 Apr 2026, 20:54","8 Apr 2026, 21:43","","Pull Up (Weighted)",,"",0,"normal",30,9,,,
"Pull","8 Apr 2026, 20:54","8 Apr 2026, 21:43","","Pull Up (Weighted)",,"",1,"normal",30,7,,,
"Pull","8 Apr 2026, 20:54","8 Apr 2026, 21:43","","Iso-Lateral Row (Machine)",,"",0,"normal",130,8,,,
"Pull","8 Apr 2026, 20:54","8 Apr 2026, 21:43","","Iso-Lateral Row (Machine)",,"",1,"normal",120,12,,,
"Pull","8 Apr 2026, 20:54","8 Apr 2026, 21:43","","Shoulder Press (Machine Plates)",,"",0,"normal",70,12,,,
"Pull","8 Apr 2026, 20:54","8 Apr 2026, 21:43","","Shoulder Press (Machine Plates)",,"",1,"normal",70,9,,,
"Pull","8 Apr 2026, 20:54","8 Apr 2026, 21:43","","Preacher Curl (Machine)",,"",0,"normal",81,9,,,
"Pull","8 Apr 2026, 20:54","8 Apr 2026, 21:43","","Preacher Curl (Machine)",,"",1,"normal",74,9,,,
"Pull","8 Apr 2026, 20:54","8 Apr 2026, 21:43","","Lat Pulldown (Cable)",,"",0,"normal",87,10,,,
"Pull","8 Apr 2026, 20:54","8 Apr 2026, 21:43","","Lat Pulldown (Cable)",,"",1,"normal",77,10,,,
"Pull","8 Apr 2026, 20:54","8 Apr 2026, 21:43","","Rear Delt Reverse Fly (Machine)",,"",0,"normal",54,14,,,
"Pull","8 Apr 2026, 20:54","8 Apr 2026, 21:43","","Rear Delt Reverse Fly (Machine)",,"",1,"normal",54,12,,,
"Push","6 Apr 2026, 11:16","6 Apr 2026, 12:34","","Incline Bench Press (Dumbbell)",,"",0,"normal",56,12,,,
"Push","6 Apr 2026, 11:16","6 Apr 2026, 12:34","","Incline Bench Press (Dumbbell)",,"",1,"normal",56,7,,,
"Push","6 Apr 2026, 11:16","6 Apr 2026, 12:34","","Incline Bench Press (Dumbbell)",,"",2,"normal",56,7,,,
"Push","6 Apr 2026, 11:16","6 Apr 2026, 12:34","","Shoulder Press (Machine Plates)",,"",0,"normal",80,7,,,
"Push","6 Apr 2026, 11:16","6 Apr 2026, 12:34","","Shoulder Press (Machine Plates)",,"",1,"normal",70,7,,,
"Push","6 Apr 2026, 11:16","6 Apr 2026, 12:34","","Flat iso-Lateral Press",,"",0,"normal",86,10,,,
"Push","6 Apr 2026, 11:16","6 Apr 2026, 12:34","","Flat iso-Lateral Press",,"",1,"normal",86,7,,,
"Push","6 Apr 2026, 11:16","6 Apr 2026, 12:34","","Skullcrusher (Barbell)",,"",0,"normal",35,9,,,
"Push","6 Apr 2026, 11:16","6 Apr 2026, 12:34","","Skullcrusher (Barbell)",,"",1,"normal",30,10,,,
"Push","6 Apr 2026, 11:16","6 Apr 2026, 12:34","","Skullcrusher (Barbell)",,"",2,"normal",30,9,,,
"Push","6 Apr 2026, 11:16","6 Apr 2026, 12:34","","Lateral Raise (Cable)",,"",0,"normal",7.5,12,,,
"Push","6 Apr 2026, 11:16","6 Apr 2026, 12:34","","Lateral Raise (Cable)",,"",1,"normal",7.5,12,,,
"Push","6 Apr 2026, 11:16","6 Apr 2026, 12:34","","Lateral Raise (Cable)",,"",2,"normal",7.5,8,,,
"Push","30 Mar 2026, 13:07","30 Mar 2026, 14:35","","Incline Bench Press (Dumbbell)",,"",0,"normal",56,12,,,
"Push","30 Mar 2026, 13:07","30 Mar 2026, 14:35","","Incline Bench Press (Dumbbell)",,"",1,"normal",56,8,,,
"Push","30 Mar 2026, 13:07","30 Mar 2026, 14:35","","Incline Bench Press (Dumbbell)",,"",2,"normal",56,7,,,
"Push","30 Mar 2026, 13:07","30 Mar 2026, 14:35","","Shrug (Machine)",,"",0,"normal",140,12,,,
"Push","30 Mar 2026, 13:07","30 Mar 2026, 14:35","","Shrug (Machine)",,"",1,"normal",140,10,,,
"Push","30 Mar 2026, 13:07","30 Mar 2026, 14:35","","Shrug (Machine)",,"",2,"normal",140,8,,,
"Push","30 Mar 2026, 13:07","30 Mar 2026, 14:35","","Flat iso-Lateral Press",,"",0,"normal",96,10,,,
"Push","30 Mar 2026, 13:07","30 Mar 2026, 14:35","","Flat iso-Lateral Press",,"",1,"normal",96,7,,,
"Push","30 Mar 2026, 13:07","30 Mar 2026, 14:35","","Flat iso-Lateral Press",,"",2,"normal",86,8,,,
"Push","30 Mar 2026, 13:07","30 Mar 2026, 14:35","","Skullcrusher (Barbell)",,"",0,"normal",35,9,,,
"Push","30 Mar 2026, 13:07","30 Mar 2026, 14:35","","Skullcrusher (Barbell)",,"",1,"normal",35,9,,,
"Push","30 Mar 2026, 13:07","30 Mar 2026, 14:35","","Skullcrusher (Barbell)",,"",2,"normal",30,11,,,
"Push","30 Mar 2026, 13:07","30 Mar 2026, 14:35","","Iso-Lateral Chest Press (Machine)",,"",0,"normal",76,9,,,
"Push","30 Mar 2026, 13:07","30 Mar 2026, 14:35","","Iso-Lateral Chest Press (Machine)",,"",1,"normal",76,8,,,
"Push","30 Mar 2026, 13:07","30 Mar 2026, 14:35","","Lateral Raise (Cable)",,"",0,"normal",7.5,12,,,
"Push","30 Mar 2026, 13:07","30 Mar 2026, 14:35","","Lateral Raise (Cable)",,"",1,"normal",7.5,12,,,
"Push","30 Mar 2026, 13:07","30 Mar 2026, 14:35","","Triceps Pushdown",,"",0,"normal",38.5,10,,,
"Push","30 Mar 2026, 13:07","30 Mar 2026, 14:35","","Triceps Pushdown",,"",1,"normal",35,10,,,
"Push","23 Mar 2026, 14:43","23 Mar 2026, 16:16","","Incline Bench Press (Dumbbell)",,"",0,"normal",56,11,,,
"Push","23 Mar 2026, 14:43","23 Mar 2026, 16:16","","Incline Bench Press (Dumbbell)",,"",1,"normal",56,9,,,
"Push","23 Mar 2026, 14:43","23 Mar 2026, 16:16","","Incline Bench Press (Dumbbell)",,"",2,"normal",56,7,,,
"Push","23 Mar 2026, 14:43","23 Mar 2026, 16:16","","Shrug (Machine)",,"",0,"normal",120,12,,,
"Push","23 Mar 2026, 14:43","23 Mar 2026, 16:16","","Shrug (Machine)",,"",1,"normal",120,12,,,
"Push","23 Mar 2026, 14:43","23 Mar 2026, 16:16","","Shrug (Machine)",,"",2,"normal",120,12,,,
"Push","23 Mar 2026, 14:43","23 Mar 2026, 16:16","","Flat iso-Lateral Press",,"",0,"normal",96,10,,,
"Push","23 Mar 2026, 14:43","23 Mar 2026, 16:16","","Flat iso-Lateral Press",,"",1,"normal",96,7,,,
"Push","23 Mar 2026, 14:43","23 Mar 2026, 16:16","","Flat iso-Lateral Press",,"",2,"normal",86,8,,,
"Push","23 Mar 2026, 14:43","23 Mar 2026, 16:16","","Skullcrusher (Barbell)",,"",0,"normal",35,10,,,
"Push","23 Mar 2026, 14:43","23 Mar 2026, 16:16","","Skullcrusher (Barbell)",,"",1,"normal",35,8,,,
"Push","23 Mar 2026, 14:43","23 Mar 2026, 16:16","","Skullcrusher (Barbell)",,"",2,"normal",30,9,,,
"Push","23 Mar 2026, 14:43","23 Mar 2026, 16:16","","Iso-Lateral Chest Press (Machine)",,"",0,"normal",76,10,,,
"Push","23 Mar 2026, 14:43","23 Mar 2026, 16:16","","Iso-Lateral Chest Press (Machine)",,"",1,"normal",76,8,,,
"Push","23 Mar 2026, 14:43","23 Mar 2026, 16:16","","Lateral Raise (Cable)",,"",0,"normal",7.5,12,,,
"Push","23 Mar 2026, 14:43","23 Mar 2026, 16:16","","Lateral Raise (Cable)",,"",1,"normal",7.5,12,,,
"Push","23 Mar 2026, 14:43","23 Mar 2026, 16:16","","Triceps Pushdown",,"",0,"normal",38.5,10,,,
"Push","23 Mar 2026, 14:43","23 Mar 2026, 16:16","","Triceps Pushdown",,"",1,"normal",35.8,7,,,
"Push","23 Mar 2026, 14:43","23 Mar 2026, 16:16","","Triceps Pushdown",,"",2,"normal",35,9,,,
"Upper","17 Mar 2026, 14:01","17 Mar 2026, 15:11","Lowk forgot straps","Incline Bench Press (Smith Machine)",,"",0,"normal",70,10,,,
"Upper","17 Mar 2026, 14:01","17 Mar 2026, 15:11","Lowk forgot straps","Incline Bench Press (Smith Machine)",,"",1,"normal",70,7,,,
"Upper","17 Mar 2026, 14:01","17 Mar 2026, 15:11","Lowk forgot straps","Incline Bench Press (Smith Machine)",,"",2,"normal",70,6,,,
"Upper","17 Mar 2026, 14:01","17 Mar 2026, 15:11","Lowk forgot straps","Seated Row (Machine)",,"",0,"normal",96,10,,,
"Upper","17 Mar 2026, 14:01","17 Mar 2026, 15:11","Lowk forgot straps","Seated Row (Machine)",,"",1,"normal",96,10,,,
"Upper","17 Mar 2026, 14:01","17 Mar 2026, 15:11","Lowk forgot straps","Seated Row (Machine)",,"",2,"normal",96,8,,,
"Upper","17 Mar 2026, 14:01","17 Mar 2026, 15:11","Lowk forgot straps","Seated Shoulder Press (Machine)",,"",0,"normal",53,7,,,
"Upper","17 Mar 2026, 14:01","17 Mar 2026, 15:11","Lowk forgot straps","Seated Shoulder Press (Machine)",,"",1,"normal",53,6,,,
"Upper","17 Mar 2026, 14:01","17 Mar 2026, 15:11","Lowk forgot straps","Seated Shoulder Press (Machine)",,"",2,"normal",46,8,,,
"Upper","17 Mar 2026, 14:01","17 Mar 2026, 15:11","Lowk forgot straps","Lat Pulldown (Machine)",,"",0,"normal",117,8,,,
"Upper","17 Mar 2026, 14:01","17 Mar 2026, 15:11","Lowk forgot straps","Lat Pulldown (Machine)",,"",1,"normal",110,10,,,
"Upper","17 Mar 2026, 14:01","17 Mar 2026, 15:11","Lowk forgot straps","Butterfly (Pec Deck)",,"",0,"normal",82,9,,,
"Upper","17 Mar 2026, 14:01","17 Mar 2026, 15:11","Lowk forgot straps","Butterfly (Pec Deck)",,"",1,"normal",75,8,,,
"Upper","17 Mar 2026, 14:01","17 Mar 2026, 15:11","Lowk forgot straps","Butterfly (Pec Deck)",,"",2,"normal",75,7,,,
"Upper","17 Mar 2026, 14:01","17 Mar 2026, 15:11","Lowk forgot straps","Lateral Raise (Machine)",,"",0,"normal",32,14,,,
"Upper","17 Mar 2026, 14:01","17 Mar 2026, 15:11","Lowk forgot straps","Lateral Raise (Machine)",,"",1,"normal",32,12,,,
"Legs","14 Mar 2026, 18:23","14 Mar 2026, 19:31","","Squat (Barbell)",,"",0,"normal",70,10,,,
"Legs","14 Mar 2026, 18:23","14 Mar 2026, 19:31","","Squat (Barbell)",,"",1,"normal",70,8,,,
"Legs","14 Mar 2026, 18:23","14 Mar 2026, 19:31","","Squat (Barbell)",,"",2,"normal",70,8,,,
"Legs","14 Mar 2026, 18:23","14 Mar 2026, 19:31","","Romanian Deadlift (Barbell)",,"",0,"normal",90,10,,,
"Legs","14 Mar 2026, 18:23","14 Mar 2026, 19:31","","Romanian Deadlift (Barbell)",,"",1,"normal",90,8,,,
"Legs","14 Mar 2026, 18:23","14 Mar 2026, 19:31","","Standing Calf Raise (Machine)",,"",0,"normal",135,10,,,
"Legs","14 Mar 2026, 18:23","14 Mar 2026, 19:31","","Standing Calf Raise (Machine)",,"",1,"normal",135,8,,,
"Legs","14 Mar 2026, 18:23","14 Mar 2026, 19:31","","Crunch (Machine)",,"",0,"normal",40,10,,,
"Legs","14 Mar 2026, 18:23","14 Mar 2026, 19:31","","Crunch (Machine)",,"",1,"normal",40,10,,,
"Legs","14 Mar 2026, 18:23","14 Mar 2026, 19:31","","Seated Leg Curl (Machine)",,"",0,"normal",89,10,,,
"Legs","14 Mar 2026, 18:23","14 Mar 2026, 19:31","","Seated Leg Curl (Machine)",,"",1,"normal",89,10,,,
"Legs","14 Mar 2026, 18:23","14 Mar 2026, 19:31","","Leg Extension (Machine)",,"",0,"normal",110,12,,,
"Legs","14 Mar 2026, 18:23","14 Mar 2026, 19:31","","Leg Extension (Machine)",,"",1,"normal",110,10,,,
"Legs","14 Mar 2026, 18:23","14 Mar 2026, 19:31","","Hip Adduction (Machine)",,"",0,"normal",49,10,,,
"Legs","14 Mar 2026, 18:23","14 Mar 2026, 19:31","","Hip Adduction (Machine)",,"",1,"normal",49,8,,,
"Legs","14 Mar 2026, 18:23","14 Mar 2026, 19:31","","Hip Abduction (Machine)",,"",0,"normal",56,12,,,
"Legs","14 Mar 2026, 18:23","14 Mar 2026, 19:31","","Hip Abduction (Machine)",,"",1,"normal",56,12,,,
"Pull","13 Mar 2026, 14:17","13 Mar 2026, 15:31","","Pull Up (Weighted)",,"",0,"normal",30,8,,,
"Pull","13 Mar 2026, 14:17","13 Mar 2026, 15:31","","Pull Up (Weighted)",,"",1,"normal",30,7,,,
"Pull","13 Mar 2026, 14:17","13 Mar 2026, 15:31","","Pull Up (Weighted)",,"",2,"normal",20,8,,,
"Pull","13 Mar 2026, 14:17","13 Mar 2026, 15:31","","Iso-Lateral Row (Machine)",,"",0,"normal",130,8,,,
"Pull","13 Mar 2026, 14:17","13 Mar 2026, 15:31","","Iso-Lateral Row (Machine)",,"",1,"normal",120,12,,,
"Pull","13 Mar 2026, 14:17","13 Mar 2026, 15:31","","Iso-Lateral Row (Machine)",,"",2,"normal",120,9,,,
"Pull","13 Mar 2026, 14:17","13 Mar 2026, 15:31","","Shoulder Press (Machine Plates)",,"",0,"normal",80,10,,,
"Pull","13 Mar 2026, 14:17","13 Mar 2026, 15:31","","Shoulder Press (Machine Plates)",,"",1,"normal",80,7,,,
"Pull","13 Mar 2026, 14:17","13 Mar 2026, 15:31","","Shoulder Press (Machine Plates)",,"",2,"normal",70,8,,,
"Pull","13 Mar 2026, 14:17","13 Mar 2026, 15:31","","Preacher Curl (Machine)",,"",0,"normal",81,10,,,
"Pull","13 Mar 2026, 14:17","13 Mar 2026, 15:31","","Preacher Curl (Machine)",,"",1,"normal",74,9,,,
"Pull","13 Mar 2026, 14:17","13 Mar 2026, 15:31","","Preacher Curl (Machine)",,"",2,"normal",74,7,,,
"Pull","13 Mar 2026, 14:17","13 Mar 2026, 15:31","","Lat Pulldown (Cable)",,"",0,"normal",87,10,,,
"Pull","13 Mar 2026, 14:17","13 Mar 2026, 15:31","","Lat Pulldown (Cable)",,"",1,"normal",77,12,,,
"Pull","13 Mar 2026, 14:17","13 Mar 2026, 15:31","","Lat Pulldown (Cable)",,"",2,"normal",77,10,,,
"Pull","13 Mar 2026, 14:17","13 Mar 2026, 15:31","","Rear Delt Reverse Fly (Machine)",,"Great form reset ahh",0,"normal",54,14,,,
"Pull","13 Mar 2026, 14:17","13 Mar 2026, 15:31","","Rear Delt Reverse Fly (Machine)",,"Great form reset ahh",1,"normal",54,12,,,
"Push","12 Mar 2026, 07:49","12 Mar 2026, 08:59","","Incline Bench Press (Barbell)",,"",0,"normal",65,8,,,
"Push","12 Mar 2026, 07:49","12 Mar 2026, 08:59","","Incline Bench Press (Barbell)",,"",1,"normal",65,7,,,
"Push","12 Mar 2026, 07:49","12 Mar 2026, 08:59","","Incline Bench Press (Barbell)",,"",2,"normal",60,7,,,
"Push","12 Mar 2026, 07:49","12 Mar 2026, 08:59","","Shrug (Machine)",,"",0,"normal",120,12,,,
"Push","12 Mar 2026, 07:49","12 Mar 2026, 08:59","","Shrug (Machine)",,"",1,"normal",120,12,,,
"Push","12 Mar 2026, 07:49","12 Mar 2026, 08:59","","Shrug (Machine)",,"",2,"normal",120,12,,,
"Push","12 Mar 2026, 07:49","12 Mar 2026, 08:59","","Flat iso-Lateral Press",,"",0,"normal",96,8,,,
"Push","12 Mar 2026, 07:49","12 Mar 2026, 08:59","","Flat iso-Lateral Press",,"",1,"normal",96,7,,,
"Push","12 Mar 2026, 07:49","12 Mar 2026, 08:59","","Flat iso-Lateral Press",,"",2,"normal",86,8,,,
"Push","12 Mar 2026, 07:49","12 Mar 2026, 08:59","","Skullcrusher (Barbell)",,"",0,"normal",35,8,,,
"Push","12 Mar 2026, 07:49","12 Mar 2026, 08:59","","Skullcrusher (Barbell)",,"",1,"normal",35,7,,,
"Push","12 Mar 2026, 07:49","12 Mar 2026, 08:59","","Skullcrusher (Barbell)",,"",2,"normal",30,9,,,
"Push","12 Mar 2026, 07:49","12 Mar 2026, 08:59","","Lateral Raise (Cable)",,"",0,"normal",7.5,12,,,
"Push","12 Mar 2026, 07:49","12 Mar 2026, 08:59","","Lateral Raise (Cable)",,"",1,"normal",7.5,12,,,
"Push","12 Mar 2026, 07:49","12 Mar 2026, 08:59","","Triceps Pushdown",,"",0,"normal",38.5,8,,,
"Push","12 Mar 2026, 07:49","12 Mar 2026, 08:59","","Triceps Pushdown",,"",1,"normal",35,10,,,
"Upper","8 Mar 2026, 17:18","8 Mar 2026, 18:44","","Incline Bench Press (Smith Machine)",,"",0,"normal",70,10,,,
"Upper","8 Mar 2026, 17:18","8 Mar 2026, 18:44","","Incline Bench Press (Smith Machine)",,"",1,"normal",70,8,,,
"Upper","8 Mar 2026, 17:18","8 Mar 2026, 18:44","","Incline Bench Press (Smith Machine)",,"",2,"normal",70,7,,,
"Upper","8 Mar 2026, 17:18","8 Mar 2026, 18:44","","Seated Row (Machine)",,"",0,"normal",96,10,,,
"Upper","8 Mar 2026, 17:18","8 Mar 2026, 18:44","","Seated Row (Machine)",,"",1,"normal",96,10,,,
"Upper","8 Mar 2026, 17:18","8 Mar 2026, 18:44","","Seated Row (Machine)",,"",2,"normal",96,8,,,
"Upper","8 Mar 2026, 17:18","8 Mar 2026, 18:44","","Seated Shoulder Press (Machine)",,"",0,"normal",53,8,,,
"Upper","8 Mar 2026, 17:18","8 Mar 2026, 18:44","","Seated Shoulder Press (Machine)",,"",1,"normal",53,7,,,
"Upper","8 Mar 2026, 17:18","8 Mar 2026, 18:44","","Seated Shoulder Press (Machine)",,"",2,"normal",46,9,,,
"Upper","8 Mar 2026, 17:18","8 Mar 2026, 18:44","","Lat Pulldown (Machine)",,"",0,"normal",117,8,,,
"Upper","8 Mar 2026, 17:18","8 Mar 2026, 18:44","","Lat Pulldown (Machine)",,"",1,"normal",110,10,,,
"Upper","8 Mar 2026, 17:18","8 Mar 2026, 18:44","","Lat Pulldown (Machine)",,"",2,"normal",110,8,,,
"Upper","8 Mar 2026, 17:18","8 Mar 2026, 18:44","","Butterfly (Pec Deck)",,"",0,"normal",82,9,,,
"Upper","8 Mar 2026, 17:18","8 Mar 2026, 18:44","","Butterfly (Pec Deck)",,"",1,"normal",75,9,,,
"Upper","8 Mar 2026, 17:18","8 Mar 2026, 18:44","","Butterfly (Pec Deck)",,"",2,"normal",75,9,,,
"Upper","8 Mar 2026, 17:18","8 Mar 2026, 18:44","","Lateral Raise (Machine)",,"",0,"normal",32,12,,,
"Upper","8 Mar 2026, 17:18","8 Mar 2026, 18:44","","Lateral Raise (Machine)",,"",1,"normal",32,12,,,
"Upper","8 Mar 2026, 17:18","8 Mar 2026, 18:44","","Lateral Raise (Machine)",,"",2,"normal",32,12,,,
"Upper","8 Mar 2026, 17:18","8 Mar 2026, 18:44","","Rear Delt Reverse Fly (Machine)",,"",0,"normal",68,14,,,
"Upper","8 Mar 2026, 17:18","8 Mar 2026, 18:44","","Rear Delt Reverse Fly (Machine)",,"",1,"normal",61,14,,,
"Legs","7 Mar 2026, 18:42","7 Mar 2026, 19:42","","Squat (Barbell)",,"",0,"normal",70,9,,,
"Legs","7 Mar 2026, 18:42","7 Mar 2026, 19:42","","Squat (Barbell)",,"",1,"normal",70,7,,,
"Legs","7 Mar 2026, 18:42","7 Mar 2026, 19:42","","Squat (Barbell)",,"",2,"normal",60,10,,,
"Legs","7 Mar 2026, 18:42","7 Mar 2026, 19:42","","Romanian Deadlift (Barbell)",,"",0,"normal",90,10,,,
"Legs","7 Mar 2026, 18:42","7 Mar 2026, 19:42","","Romanian Deadlift (Barbell)",,"",1,"normal",90,8,,,
"Legs","7 Mar 2026, 18:42","7 Mar 2026, 19:42","","Standing Calf Raise (Machine)",,"",0,"normal",125,12,,,
"Legs","7 Mar 2026, 18:42","7 Mar 2026, 19:42","","Standing Calf Raise (Machine)",,"",1,"normal",125,12,,,
"Legs","7 Mar 2026, 18:42","7 Mar 2026, 19:42","","Crunch (Machine)",,"",0,"normal",40,10,,,
"Legs","7 Mar 2026, 18:42","7 Mar 2026, 19:42","","Crunch (Machine)",,"",1,"normal",40,10,,,
"Legs","7 Mar 2026, 18:42","7 Mar 2026, 19:42","","Leg Extension (Machine)",,"",0,"normal",110,12,,,
"Legs","7 Mar 2026, 18:42","7 Mar 2026, 19:42","","Leg Extension (Machine)",,"",1,"normal",110,9,,,
"Legs","7 Mar 2026, 18:42","7 Mar 2026, 19:42","","Seated Leg Curl (Machine)",,"",0,"normal",89,10,,,
"Legs","7 Mar 2026, 18:42","7 Mar 2026, 19:42","","Seated Leg Curl (Machine)",,"",1,"normal",89,8,,,
"Legs","7 Mar 2026, 18:42","7 Mar 2026, 19:42","","Hip Adduction (Machine)",,"",0,"normal",42,12,,,
"Legs","7 Mar 2026, 18:42","7 Mar 2026, 19:42","","Hip Abduction (Machine)",,"",0,"normal",56,12,,,
"Pull","6 Mar 2026, 07:47","6 Mar 2026, 08:57","","Pull Up (Weighted)",,"",0,"normal",30,8,,,
"Pull","6 Mar 2026, 07:47","6 Mar 2026, 08:57","","Pull Up (Weighted)",,"",1,"normal",30,6,,,
"Pull","6 Mar 2026, 07:47","6 Mar 2026, 08:57","","Pull Up (Weighted)",,"",2,"normal",20,8,,,
"Pull","6 Mar 2026, 07:47","6 Mar 2026, 08:57","","Iso-Lateral Row (Machine)",,"",0,"normal",130,8,,,
"Pull","6 Mar 2026, 07:47","6 Mar 2026, 08:57","","Iso-Lateral Row (Machine)",,"",1,"normal",120,10,,,
"Pull","6 Mar 2026, 07:47","6 Mar 2026, 08:57","","Iso-Lateral Row (Machine)",,"",2,"normal",120,9,,,
"Pull","6 Mar 2026, 07:47","6 Mar 2026, 08:57","","Shoulder Press (Machine Plates)",,"",0,"normal",80,9,,,
"Pull","6 Mar 2026, 07:47","6 Mar 2026, 08:57","","Shoulder Press (Machine Plates)",,"",1,"normal",80,6,,,
"Pull","6 Mar 2026, 07:47","6 Mar 2026, 08:57","","Shoulder Press (Machine Plates)",,"",2,"normal",70,8,,,
"Pull","6 Mar 2026, 07:47","6 Mar 2026, 08:57","","Lat Pulldown (Cable)",,"",0,"normal",87,12,,,
"Pull","6 Mar 2026, 07:47","6 Mar 2026, 08:57","","Lat Pulldown (Cable)",,"",1,"normal",87,10,,,
"Pull","6 Mar 2026, 07:47","6 Mar 2026, 08:57","","Lat Pulldown (Cable)",,"",2,"normal",77,8,,,
"Pull","6 Mar 2026, 07:47","6 Mar 2026, 08:57","","Preacher Curl (Machine)",,"",0,"normal",81,7,,,
"Pull","6 Mar 2026, 07:47","6 Mar 2026, 08:57","","Preacher Curl (Machine)",,"",1,"normal",74,7,,,
"Pull","6 Mar 2026, 07:47","6 Mar 2026, 08:57","","Rear Delt Reverse Fly (Machine)",,"",0,"normal",68,14,,,
"Pull","6 Mar 2026, 07:47","6 Mar 2026, 08:57","","Rear Delt Reverse Fly (Machine)",,"",1,"normal",61,14,,,
"Pull","6 Mar 2026, 07:47","6 Mar 2026, 08:57","","Rear Delt Reverse Fly (Machine)",,"",2,"normal",61,9,,,
"Push","5 Mar 2026, 14:05","5 Mar 2026, 15:23","","Incline Bench Press (Barbell)",,"",0,"normal",65,8,,,
"Push","5 Mar 2026, 14:05","5 Mar 2026, 15:23","","Incline Bench Press (Barbell)",,"",1,"normal",65,6,,,
"Push","5 Mar 2026, 14:05","5 Mar 2026, 15:23","","Incline Bench Press (Barbell)",,"",2,"normal",60,7,,,
"Push","5 Mar 2026, 14:05","5 Mar 2026, 15:23","","Shrug (Machine)",,"",0,"normal",120,12,,,
"Push","5 Mar 2026, 14:05","5 Mar 2026, 15:23","","Shrug (Machine)",,"",1,"normal",120,12,,,
"Push","5 Mar 2026, 14:05","5 Mar 2026, 15:23","","Shrug (Machine)",,"",2,"normal",120,10,,,
"Push","5 Mar 2026, 14:05","5 Mar 2026, 15:23","","Flat iso-Lateral Press",,"Default: 8kg each side",0,"normal",96,9,,,
"Push","5 Mar 2026, 14:05","5 Mar 2026, 15:23","","Flat iso-Lateral Press",,"Default: 8kg each side",1,"normal",96,6,,,
"Push","5 Mar 2026, 14:05","5 Mar 2026, 15:23","","Flat iso-Lateral Press",,"Default: 8kg each side",2,"normal",86,7,,,
"Push","5 Mar 2026, 14:05","5 Mar 2026, 15:23","","Skullcrusher (Barbell)",,"",0,"normal",35,10,,,
"Push","5 Mar 2026, 14:05","5 Mar 2026, 15:23","","Skullcrusher (Barbell)",,"",1,"normal",35,7,,,
"Push","5 Mar 2026, 14:05","5 Mar 2026, 15:23","","Skullcrusher (Barbell)",,"",2,"normal",30,9,,,
"Push","5 Mar 2026, 14:05","5 Mar 2026, 15:23","","Lateral Raise (Cable)",,"",0,"normal",7.5,12,,,
"Push","5 Mar 2026, 14:05","5 Mar 2026, 15:23","","Lateral Raise (Cable)",,"",1,"normal",7.5,12,,,
"Push","5 Mar 2026, 14:05","5 Mar 2026, 15:23","","Lateral Raise (Cable)",,"",2,"normal",7.5,10,,,
"Push","5 Mar 2026, 14:05","5 Mar 2026, 15:23","","Triceps Pushdown",,"",0,"normal",38.5,10,,,
"Push","5 Mar 2026, 14:05","5 Mar 2026, 15:23","","Triceps Pushdown",,"",1,"normal",35,8,,,
"Push","26 Feb 2026, 14:04","26 Feb 2026, 15:15","","Incline Bench Press (Dumbbell)",,"",0,"normal",56,10,,,
"Push","26 Feb 2026, 14:04","26 Feb 2026, 15:15","","Incline Bench Press (Dumbbell)",,"",1,"normal",56,10,,,
"Push","26 Feb 2026, 14:04","26 Feb 2026, 15:15","","Incline Bench Press (Dumbbell)",,"",2,"normal",56,7,,,
"Push","26 Feb 2026, 14:04","26 Feb 2026, 15:15","","Shrug (Machine)",,"",0,"normal",120,12,,,
"Push","26 Feb 2026, 14:04","26 Feb 2026, 15:15","","Shrug (Machine)",,"",1,"normal",120,12,,,
"Push","26 Feb 2026, 14:04","26 Feb 2026, 15:15","","Shrug (Machine)",,"",2,"normal",120,10,,,
"Push","26 Feb 2026, 14:04","26 Feb 2026, 15:15","","Flat iso-Lateral Press",,"",0,"normal",96,9,,,
"Push","26 Feb 2026, 14:04","26 Feb 2026, 15:15","","Flat iso-Lateral Press",,"",1,"normal",96,7,,,
"Push","26 Feb 2026, 14:04","26 Feb 2026, 15:15","","Flat iso-Lateral Press",,"",2,"normal",86,9,,,
"Push","26 Feb 2026, 14:04","26 Feb 2026, 15:15","","Skullcrusher (Barbell)",,"",0,"normal",35,10,,,
"Push","26 Feb 2026, 14:04","26 Feb 2026, 15:15","","Skullcrusher (Barbell)",,"",1,"normal",35,8,,,
"Push","26 Feb 2026, 14:04","26 Feb 2026, 15:15","","Skullcrusher (Barbell)",,"",2,"normal",30,9,,,
"Push","26 Feb 2026, 14:04","26 Feb 2026, 15:15","","Lateral Raise (Cable)",,"",0,"normal",7.5,12,,,
"Push","26 Feb 2026, 14:04","26 Feb 2026, 15:15","","Lateral Raise (Cable)",,"",1,"normal",7.5,12,,,
"Push","26 Feb 2026, 14:04","26 Feb 2026, 15:15","","Lateral Raise (Cable)",,"",2,"normal",7.5,10,,,
"Upper","22 Feb 2026, 13:14","22 Feb 2026, 14:39","","Incline Bench Press (Smith Machine)",,"",0,"normal",70,10,,,
"Upper","22 Feb 2026, 13:14","22 Feb 2026, 14:39","","Incline Bench Press (Smith Machine)",,"",1,"normal",70,8,,,
"Upper","22 Feb 2026, 13:14","22 Feb 2026, 14:39","","Incline Bench Press (Smith Machine)",,"",2,"normal",70,7,,,
"Upper","22 Feb 2026, 13:14","22 Feb 2026, 14:39","","Seated Row (Machine)",,"",0,"normal",96,10,,,
"Upper","22 Feb 2026, 13:14","22 Feb 2026, 14:39","","Seated Row (Machine)",,"",1,"normal",96,10,,,
"Upper","22 Feb 2026, 13:14","22 Feb 2026, 14:39","","Seated Row (Machine)",,"",2,"normal",96,8,,,
"Upper","22 Feb 2026, 13:14","22 Feb 2026, 14:39","","Seated Shoulder Press (Machine)",,"Neutral grip",0,"normal",53,8,,,
"Upper","22 Feb 2026, 13:14","22 Feb 2026, 14:39","","Seated Shoulder Press (Machine)",,"Neutral grip",1,"normal",53,7,,,
"Upper","22 Feb 2026, 13:14","22 Feb 2026, 14:39","","Seated Shoulder Press (Machine)",,"Neutral grip",2,"normal",46,8,,,
"Upper","22 Feb 2026, 13:14","22 Feb 2026, 14:39","","Lat Pulldown (Machine)",,"",0,"normal",110,12,,,
"Upper","22 Feb 2026, 13:14","22 Feb 2026, 14:39","","Lat Pulldown (Machine)",,"",1,"normal",110,8,,,
"Upper","22 Feb 2026, 13:14","22 Feb 2026, 14:39","","Lat Pulldown (Machine)",,"",2,"normal",110,8,,,
"Upper","22 Feb 2026, 13:14","22 Feb 2026, 14:39","","Butterfly (Pec Deck)",,"",0,"normal",75,12,,,
"Upper","22 Feb 2026, 13:14","22 Feb 2026, 14:39","","Butterfly (Pec Deck)",,"",1,"normal",75,9,,,
"Upper","22 Feb 2026, 13:14","22 Feb 2026, 14:39","","Butterfly (Pec Deck)",,"",2,"normal",68,8,,,
"Upper","22 Feb 2026, 13:14","22 Feb 2026, 14:39","","Lateral Raise (Machine)",,"",0,"normal",32,14,,,
"Upper","22 Feb 2026, 13:14","22 Feb 2026, 14:39","","Lateral Raise (Machine)",,"",1,"normal",32,10,,,
"Upper","22 Feb 2026, 13:14","22 Feb 2026, 14:39","","Lateral Raise (Machine)",,"",2,"normal",32,12,,,
"Upper","22 Feb 2026, 13:14","22 Feb 2026, 14:39","","Rear Delt Reverse Fly (Machine)",,"",0,"normal",68,12,,,
"Upper","22 Feb 2026, 13:14","22 Feb 2026, 14:39","","Rear Delt Reverse Fly (Machine)",,"",1,"normal",68,12,,,
"Upper","22 Feb 2026, 13:14","22 Feb 2026, 14:39","","Rear Delt Reverse Fly (Machine)",,"",2,"normal",61,10,,,
"Legs","21 Feb 2026, 14:25","21 Feb 2026, 15:36","","Squat (Barbell)",,"",0,"normal",70,10,,,
"Legs","21 Feb 2026, 14:25","21 Feb 2026, 15:36","","Squat (Barbell)",,"",1,"normal",70,8,,,
"Legs","21 Feb 2026, 14:25","21 Feb 2026, 15:36","","Squat (Barbell)",,"",2,"normal",60,12,,,
"Legs","21 Feb 2026, 14:25","21 Feb 2026, 15:36","","Romanian Deadlift (Barbell)",,"",0,"normal",90,10,,,
"Legs","21 Feb 2026, 14:25","21 Feb 2026, 15:36","","Romanian Deadlift (Barbell)",,"",1,"normal",90,8,,,
"Legs","21 Feb 2026, 14:25","21 Feb 2026, 15:36","","Standing Calf Raise (Machine)",,"",0,"normal",125,12,,,
"Legs","21 Feb 2026, 14:25","21 Feb 2026, 15:36","","Standing Calf Raise (Machine)",,"",1,"normal",125,12,,,
"Legs","21 Feb 2026, 14:25","21 Feb 2026, 15:36","","Crunch (Machine)",,"",0,"normal",40,10,,,
"Legs","21 Feb 2026, 14:25","21 Feb 2026, 15:36","","Crunch (Machine)",,"",1,"normal",40,10,,,
"Legs","21 Feb 2026, 14:25","21 Feb 2026, 15:36","","Leg Extension (Machine)",,"",0,"normal",110,11,,,
"Legs","21 Feb 2026, 14:25","21 Feb 2026, 15:36","","Leg Extension (Machine)",,"",1,"normal",110,9,,,
"Legs","21 Feb 2026, 14:25","21 Feb 2026, 15:36","","Seated Leg Curl (Machine)",,"",0,"normal",89,11,,,
"Legs","21 Feb 2026, 14:25","21 Feb 2026, 15:36","","Seated Leg Curl (Machine)",,"",1,"normal",89,8,,,
"Legs","21 Feb 2026, 14:25","21 Feb 2026, 15:36","","Hip Adduction (Machine)",,"Separation: 6",0,"normal",42,11,,,
"Legs","21 Feb 2026, 14:25","21 Feb 2026, 15:36","","Hip Adduction (Machine)",,"Separation: 6",1,"normal",35,12,,,
"Legs","21 Feb 2026, 14:25","21 Feb 2026, 15:36","","Hip Abduction (Machine)",,"",0,"normal",56,12,,,
"Legs","21 Feb 2026, 14:25","21 Feb 2026, 15:36","","Hip Abduction (Machine)",,"",1,"normal",56,12,,,
"Pull","19 Feb 2026, 15:39","19 Feb 2026, 16:52","","Pull Up (Weighted)",,"",0,"normal",30,9,,,
"Pull","19 Feb 2026, 15:39","19 Feb 2026, 16:52","","Pull Up (Weighted)",,"",1,"normal",30,6,,,
"Pull","19 Feb 2026, 15:39","19 Feb 2026, 16:52","","Pull Up (Weighted)",,"",2,"normal",15,9,,,
"Pull","19 Feb 2026, 15:39","19 Feb 2026, 16:52","","Seated Row (Machine)",,"",0,"normal",96,9,,,
"Pull","19 Feb 2026, 15:39","19 Feb 2026, 16:52","","Seated Row (Machine)",,"",1,"normal",96,8,,,
"Pull","19 Feb 2026, 15:39","19 Feb 2026, 16:52","","Seated Row (Machine)",,"",2,"normal",89,10,,,
"Pull","19 Feb 2026, 15:39","19 Feb 2026, 16:52","","Shoulder Press (Machine Plates)",,"",0,"normal",80,10,,,
"Pull","19 Feb 2026, 15:39","19 Feb 2026, 16:52","","Shoulder Press (Machine Plates)",,"",1,"normal",70,9,,,
"Pull","19 Feb 2026, 15:39","19 Feb 2026, 16:52","","Shoulder Press (Machine Plates)",,"",2,"normal",70,7,,,
"Pull","19 Feb 2026, 15:39","19 Feb 2026, 16:52","","Preacher Curl (Machine)",,"",0,"normal",81,10,,,
"Pull","19 Feb 2026, 15:39","19 Feb 2026, 16:52","","Preacher Curl (Machine)",,"",1,"normal",81,7,,,
"Pull","19 Feb 2026, 15:39","19 Feb 2026, 16:52","","Preacher Curl (Machine)",,"",2,"normal",74,7,,,
"Pull","19 Feb 2026, 15:39","19 Feb 2026, 16:52","","Lat Pulldown (Cable)",,"",0,"normal",87,10,,,
"Pull","19 Feb 2026, 15:39","19 Feb 2026, 16:52","","Lat Pulldown (Cable)",,"",1,"normal",77,11,,,
"Pull","19 Feb 2026, 15:39","19 Feb 2026, 16:52","","Lat Pulldown (Cable)",,"",2,"normal",77,10,,,
"Push","18 Feb 2026, 15:48","18 Feb 2026, 16:54","","Incline Bench Press (Dumbbell)",,"",0,"normal",56,12,,,
"Push","18 Feb 2026, 15:48","18 Feb 2026, 16:54","","Incline Bench Press (Dumbbell)",,"",1,"normal",56,8,,,
"Push","18 Feb 2026, 15:48","18 Feb 2026, 16:54","","Incline Bench Press (Dumbbell)",,"",2,"normal",56,8,,,
"Push","18 Feb 2026, 15:48","18 Feb 2026, 16:54","","Shrug (Machine)",,"",0,"normal",120,12,,,
"Push","18 Feb 2026, 15:48","18 Feb 2026, 16:54","","Shrug (Machine)",,"",1,"normal",120,12,,,
"Push","18 Feb 2026, 15:48","18 Feb 2026, 16:54","","Shrug (Machine)",,"",2,"normal",120,10,,,
"Push","18 Feb 2026, 15:48","18 Feb 2026, 16:54","","Flat iso-Lateral Press",,"Default weight: 8kg each side",0,"normal",96,10,,,
"Push","18 Feb 2026, 15:48","18 Feb 2026, 16:54","","Flat iso-Lateral Press",,"Default weight: 8kg each side",1,"normal",96,6,,,
"Push","18 Feb 2026, 15:48","18 Feb 2026, 16:54","","Flat iso-Lateral Press",,"Default weight: 8kg each side",2,"normal",86,8,,,
"Push","18 Feb 2026, 15:48","18 Feb 2026, 16:54","","Skullcrusher (Barbell)",,"",0,"normal",30,12,,,
"Push","18 Feb 2026, 15:48","18 Feb 2026, 16:54","","Skullcrusher (Barbell)",,"",1,"normal",30,10,,,
"Push","18 Feb 2026, 15:48","18 Feb 2026, 16:54","","Skullcrusher (Barbell)",,"",2,"normal",30,8,,,
"Push","18 Feb 2026, 15:48","18 Feb 2026, 16:54","","Lateral Raise (Cable)",,"",0,"normal",7.5,12,,,
"Push","18 Feb 2026, 15:48","18 Feb 2026, 16:54","","Lateral Raise (Cable)",,"",1,"normal",7.5,12,,,
"Push","18 Feb 2026, 15:48","18 Feb 2026, 16:54","","Lateral Raise (Cable)",,"",2,"normal",7.5,8,,,
"Pull","13 Feb 2026, 21:39","13 Feb 2026, 22:19","","Pull Up (Weighted)",,"",0,"normal",25,10,,,
"Pull","13 Feb 2026, 21:39","13 Feb 2026, 22:19","","Pull Up (Weighted)",,"",1,"normal",25,7,,,
"Pull","13 Feb 2026, 21:39","13 Feb 2026, 22:19","","Iso-Lateral Row (Machine)",,"",0,"normal",120,12,,,
"Pull","13 Feb 2026, 21:39","13 Feb 2026, 22:19","","Iso-Lateral Row (Machine)",,"",1,"normal",120,10,,,
"Pull","13 Feb 2026, 21:39","13 Feb 2026, 22:19","","Preacher Curl (Machine)",,"",0,"normal",81,8,,,
"Pull","13 Feb 2026, 21:39","13 Feb 2026, 22:19","","Preacher Curl (Machine)",,"",1,"normal",74,8,,,
"Pull","13 Feb 2026, 21:39","13 Feb 2026, 22:19","","Lat Pulldown (Cable)",,"",0,"normal",87,10,,,
"Pull","13 Feb 2026, 21:39","13 Feb 2026, 22:19","","Lat Pulldown (Cable)",,"",1,"normal",87,8,,,
"Pull","13 Feb 2026, 21:39","13 Feb 2026, 22:19","","Lat Pulldown (Cable)",,"",2,"normal",77,12,,,
"Pull","13 Feb 2026, 21:39","13 Feb 2026, 22:19","","Rear Delt Reverse Fly (Machine)",,"",0,"normal",68,10,,,
"Pull","13 Feb 2026, 21:39","13 Feb 2026, 22:19","","Rear Delt Reverse Fly (Machine)",,"",1,"normal",61,12,,,
"Push","12 Feb 2026, 14:04","12 Feb 2026, 15:15","","Incline Bench Press (Dumbbell)",,"",0,"normal",56,10,,,
"Push","12 Feb 2026, 14:04","12 Feb 2026, 15:15","","Incline Bench Press (Dumbbell)",,"",1,"normal",56,8,,,
"Push","12 Feb 2026, 14:04","12 Feb 2026, 15:15","","Incline Bench Press (Dumbbell)",,"",2,"normal",56,8,,,
"Push","12 Feb 2026, 14:04","12 Feb 2026, 15:15","","Leg Extension (Machine)",,"",0,"normal",110,12,,,
"Push","12 Feb 2026, 14:04","12 Feb 2026, 15:15","","Leg Extension (Machine)",,"",1,"normal",110,10,,,
"Push","12 Feb 2026, 14:04","12 Feb 2026, 15:15","","Shrug (Machine)",,"",0,"normal",120,12,,,
"Push","12 Feb 2026, 14:04","12 Feb 2026, 15:15","","Shrug (Machine)",,"",1,"normal",120,10,,,
"Push","12 Feb 2026, 14:04","12 Feb 2026, 15:15","","Shrug (Machine)",,"",2,"normal",120,10,,,
"Push","12 Feb 2026, 14:04","12 Feb 2026, 15:15","","Flat iso-Lateral Press",,"",0,"normal",86,12,,,
"Push","12 Feb 2026, 14:04","12 Feb 2026, 15:15","","Flat iso-Lateral Press",,"",1,"normal",86,9,,,
"Push","12 Feb 2026, 14:04","12 Feb 2026, 15:15","","Flat iso-Lateral Press",,"",2,"normal",78,10,,,
"Push","12 Feb 2026, 14:04","12 Feb 2026, 15:15","","Skullcrusher (Barbell)",,"",0,"normal",30,12,,,
"Push","12 Feb 2026, 14:04","12 Feb 2026, 15:15","","Skullcrusher (Barbell)",,"",1,"normal",30,11,,,
"Push","12 Feb 2026, 14:04","12 Feb 2026, 15:15","","Skullcrusher (Barbell)",,"",2,"normal",30,9,,,
"Push","12 Feb 2026, 14:04","12 Feb 2026, 15:15","","Lateral Raise (Cable)",,"",0,"normal",7.5,12,,,
"Push","12 Feb 2026, 14:04","12 Feb 2026, 15:15","","Lateral Raise (Cable)",,"",1,"normal",7.5,9,,,
"Push","12 Feb 2026, 14:04","12 Feb 2026, 15:15","","Lateral Raise (Cable)",,"",2,"normal",7.5,8,,,
"Sharms","7 Feb 2026, 11:37","7 Feb 2026, 12:34","","Shoulder Press (Machine Plates)",,"",0,"normal",80,11,,,
"Sharms","7 Feb 2026, 11:37","7 Feb 2026, 12:34","","Shoulder Press (Machine Plates)",,"",1,"normal",80,7,,,
"Sharms","7 Feb 2026, 11:37","7 Feb 2026, 12:34","","Shoulder Press (Machine Plates)",,"",2,"normal",80,6,,,
"Sharms","7 Feb 2026, 11:37","7 Feb 2026, 12:34","","Preacher Curl (Machine)",,"",0,"normal",88,8,,,
"Sharms","7 Feb 2026, 11:37","7 Feb 2026, 12:34","","Preacher Curl (Machine)",,"",1,"normal",86,8,,,
"Sharms","7 Feb 2026, 11:37","7 Feb 2026, 12:34","","Preacher Curl (Machine)",,"",2,"normal",81,6,,,
"Sharms","7 Feb 2026, 11:37","7 Feb 2026, 12:34","","Triceps Extension (Cable)",,"",0,"normal",28,10,,,
"Sharms","7 Feb 2026, 11:37","7 Feb 2026, 12:34","","Triceps Extension (Cable)",,"",1,"normal",28,8,,,
"Sharms","7 Feb 2026, 11:37","7 Feb 2026, 12:34","","Triceps Extension (Cable)",,"",2,"normal",24.5,10,,,
"Sharms","7 Feb 2026, 11:37","7 Feb 2026, 12:34","","Lateral Raise (Cable)",,"",0,"normal",7.5,12,,,
"Sharms","7 Feb 2026, 11:37","7 Feb 2026, 12:34","","Lateral Raise (Cable)",,"",1,"normal",7.5,10,,,
"Sharms","7 Feb 2026, 11:37","7 Feb 2026, 12:34","","Triceps Pushdown",,"",0,"normal",38.5,10,,,
"Sharms","7 Feb 2026, 11:37","7 Feb 2026, 12:34","","Triceps Pushdown",,"",1,"normal",35,9,,,
"Sharms","7 Feb 2026, 11:37","7 Feb 2026, 12:34","","Triceps Pushdown",,"",2,"normal",35,8,,,
"Upper","5 Feb 2026, 14:37","5 Feb 2026, 15:30","No straps no music","Incline Bench Press (Smith Machine)",,"",0,"normal",70,9,,,
"Upper","5 Feb 2026, 14:37","5 Feb 2026, 15:30","No straps no music","Incline Bench Press (Smith Machine)",,"",1,"normal",70,8,,,
"Upper","5 Feb 2026, 14:37","5 Feb 2026, 15:30","No straps no music","Seated Row (Machine)",,"",0,"normal",96,10,,,
"Upper","5 Feb 2026, 14:37","5 Feb 2026, 15:30","No straps no music","Seated Row (Machine)",,"",1,"normal",96,9,,,
"Upper","5 Feb 2026, 14:37","5 Feb 2026, 15:30","No straps no music","Seated Row (Machine)",,"",2,"normal",89,10,,,
"Upper","5 Feb 2026, 14:37","5 Feb 2026, 15:30","No straps no music","Shoulder Press (Machine Plates)",,"",0,"normal",80,8,,,
"Upper","5 Feb 2026, 14:37","5 Feb 2026, 15:30","No straps no music","Shoulder Press (Machine Plates)",,"",1,"normal",70,7,,,
"Upper","5 Feb 2026, 14:37","5 Feb 2026, 15:30","No straps no music","Lat Pulldown (Machine)",,"",0,"normal",110,10,,,
"Upper","5 Feb 2026, 14:37","5 Feb 2026, 15:30","No straps no music","Lat Pulldown (Machine)",,"",1,"normal",110,8,,,
"Upper","5 Feb 2026, 14:37","5 Feb 2026, 15:30","No straps no music","Lat Pulldown (Machine)",,"",2,"normal",103,10,,,
"Upper","5 Feb 2026, 14:37","5 Feb 2026, 15:30","No straps no music","Lateral Raise (Cable)",,"",0,"normal",7.5,12,,,
"Upper","5 Feb 2026, 14:37","5 Feb 2026, 15:30","No straps no music","Lateral Raise (Cable)",,"",1,"normal",7.5,10,,,
"Upper","5 Feb 2026, 14:37","5 Feb 2026, 15:30","No straps no music","Lateral Raise (Cable)",,"",2,"normal",7.5,8,,,
"Upper","5 Feb 2026, 14:37","5 Feb 2026, 15:30","No straps no music","Butterfly (Pec Deck)",,"",0,"normal",75,12,,,
"Upper","5 Feb 2026, 14:37","5 Feb 2026, 15:30","No straps no music","Butterfly (Pec Deck)",,"",1,"normal",75,9,,,
"Upper","5 Feb 2026, 14:37","5 Feb 2026, 15:30","No straps no music","Butterfly (Pec Deck)",,"",2,"normal",75,7,,,
"Upper","5 Feb 2026, 14:37","5 Feb 2026, 15:30","No straps no music","Rear Delt Reverse Fly (Machine)",,"",0,"normal",75,8,,,
"Upper","5 Feb 2026, 14:37","5 Feb 2026, 15:30","No straps no music","Rear Delt Reverse Fly (Machine)",,"",1,"normal",61,14,,,
"Upper","5 Feb 2026, 14:37","5 Feb 2026, 15:30","No straps no music","Rear Delt Reverse Fly (Machine)",,"",2,"normal",61,12,,,
"Legs","4 Feb 2026, 06:35","4 Feb 2026, 07:26","","Squat (Barbell)",,"",0,"normal",70,8,,,
"Legs","4 Feb 2026, 06:35","4 Feb 2026, 07:26","","Squat (Barbell)",,"",1,"normal",70,7,,,
"Legs","4 Feb 2026, 06:35","4 Feb 2026, 07:26","","Squat (Barbell)",,"",2,"normal",60,10,,,
"Legs","4 Feb 2026, 06:35","4 Feb 2026, 07:26","","Romanian Deadlift (Barbell)",,"",0,"normal",90,10,,,
"Legs","4 Feb 2026, 06:35","4 Feb 2026, 07:26","","Romanian Deadlift (Barbell)",,"",1,"normal",90,8,,,
"Legs","4 Feb 2026, 06:35","4 Feb 2026, 07:26","","Standing Calf Raise (Machine)",,"",0,"normal",125,10,,,
"Legs","4 Feb 2026, 06:35","4 Feb 2026, 07:26","","Standing Calf Raise (Machine)",,"",1,"normal",125,10,,,
"Legs","4 Feb 2026, 06:35","4 Feb 2026, 07:26","","Leg Extension (Machine)",,"",0,"normal",110,8,,,
"Legs","4 Feb 2026, 06:35","4 Feb 2026, 07:26","","Leg Extension (Machine)",,"",1,"normal",110,8,,,
"Legs","4 Feb 2026, 06:35","4 Feb 2026, 07:26","","Seated Leg Curl (Machine)",,"",0,"normal",82,12,,,
"Legs","4 Feb 2026, 06:35","4 Feb 2026, 07:26","","Seated Leg Curl (Machine)",,"",1,"normal",82,10,,,
"Pull","3 Feb 2026, 06:20","3 Feb 2026, 07:30","","Pull Up (Weighted)",,"",0,"normal",25,10,,,
"Pull","3 Feb 2026, 06:20","3 Feb 2026, 07:30","","Pull Up (Weighted)",,"",1,"normal",25,7,,,
"Pull","3 Feb 2026, 06:20","3 Feb 2026, 07:30","","Pull Up (Weighted)",,"",2,"normal",15,10,,,
"Pull","3 Feb 2026, 06:20","3 Feb 2026, 07:30","","Iso-Lateral Row (Machine)",,"",0,"normal",120,12,,,
"Pull","3 Feb 2026, 06:20","3 Feb 2026, 07:30","","Iso-Lateral Row (Machine)",,"",1,"normal",120,10,,,
"Pull","3 Feb 2026, 06:20","3 Feb 2026, 07:30","","Iso-Lateral Row (Machine)",,"",2,"normal",120,9,,,
"Pull","3 Feb 2026, 06:20","3 Feb 2026, 07:30","","Shoulder Press (Machine Plates)",,"",0,"normal",70,10,,,
"Pull","3 Feb 2026, 06:20","3 Feb 2026, 07:30","","Shoulder Press (Machine Plates)",,"",1,"normal",70,9,,,
"Pull","3 Feb 2026, 06:20","3 Feb 2026, 07:30","","Shoulder Press (Machine Plates)",,"",2,"normal",70,7,,,
"Pull","3 Feb 2026, 06:20","3 Feb 2026, 07:30","","Bayesian Curls",,"",0,"normal",15,12,,,
"Pull","3 Feb 2026, 06:20","3 Feb 2026, 07:30","","Bayesian Curls",,"",1,"normal",15,10,,,
"Pull","3 Feb 2026, 06:20","3 Feb 2026, 07:30","","Bayesian Curls",,"",2,"normal",13.75,8,,,
"Pull","3 Feb 2026, 06:20","3 Feb 2026, 07:30","","Hammer Strength Pulldown (Plate Loaded)",,"",0,"normal",66,12,,,
"Pull","3 Feb 2026, 06:20","3 Feb 2026, 07:30","","Hammer Strength Pulldown (Plate Loaded)",,"",1,"normal",76,8,,,
"Push","2 Feb 2026, 15:36","2 Feb 2026, 16:39","","Incline Bench Press (Dumbbell)",,"",0,"normal",56,10,,,9
"Push","2 Feb 2026, 15:36","2 Feb 2026, 16:39","","Incline Bench Press (Dumbbell)",,"",1,"normal",56,8,,,9.5
"Push","2 Feb 2026, 15:36","2 Feb 2026, 16:39","","Incline Bench Press (Dumbbell)",,"",2,"normal",56,6,,,
"Push","2 Feb 2026, 15:36","2 Feb 2026, 16:39","","Shoulder Press (Machine Plates)",,"",0,"normal",80,6,,,
"Push","2 Feb 2026, 15:36","2 Feb 2026, 16:39","","Shoulder Press (Machine Plates)",,"",1,"normal",70,8,,,
"Push","2 Feb 2026, 15:36","2 Feb 2026, 16:39","","Shoulder Press (Machine Plates)",,"",2,"normal",70,6,,,
"Push","2 Feb 2026, 15:36","2 Feb 2026, 16:39","","Flat iso-Lateral Press",,"",0,"normal",86,10,,,
"Push","2 Feb 2026, 15:36","2 Feb 2026, 16:39","","Flat iso-Lateral Press",,"",1,"normal",86,10,,,
"Push","2 Feb 2026, 15:36","2 Feb 2026, 16:39","","Skullcrusher (Barbell)",,"",0,"normal",30,12,,,
"Push","2 Feb 2026, 15:36","2 Feb 2026, 16:39","","Skullcrusher (Barbell)",,"",1,"normal",30,11,,,
"Push","2 Feb 2026, 15:36","2 Feb 2026, 16:39","","Skullcrusher (Barbell)",,"",2,"normal",30,9,,,
"Push","2 Feb 2026, 15:36","2 Feb 2026, 16:39","","Lateral Raise (Cable)",,"",0,"normal",7.5,12,,,
"Push","2 Feb 2026, 15:36","2 Feb 2026, 16:39","","Lateral Raise (Cable)",,"",1,"normal",7.5,10,,,
"Pull","27 Jan 2026, 13:31","27 Jan 2026, 14:46","","Pull Up (Weighted)",,"",0,"normal",25,10,,,
"Pull","27 Jan 2026, 13:31","27 Jan 2026, 14:46","","Pull Up (Weighted)",,"",1,"normal",25,7,,,
"Pull","27 Jan 2026, 13:31","27 Jan 2026, 14:46","","Pull Up (Weighted)",,"",2,"normal",15,10,,,
"Pull","27 Jan 2026, 13:31","27 Jan 2026, 14:46","","Iso-Lateral Row (Machine)",,"",0,"normal",120,12,,,
"Pull","27 Jan 2026, 13:31","27 Jan 2026, 14:46","","Iso-Lateral Row (Machine)",,"",1,"normal",120,9,,,
"Pull","27 Jan 2026, 13:31","27 Jan 2026, 14:46","","Iso-Lateral Row (Machine)",,"",2,"normal",120,9,,,
"Pull","27 Jan 2026, 13:31","27 Jan 2026, 14:46","","Shoulder Press (Machine Plates)",,"",0,"normal",70,12,,,
"Pull","27 Jan 2026, 13:31","27 Jan 2026, 14:46","","Shoulder Press (Machine Plates)",,"",1,"normal",70,9,,,
"Pull","27 Jan 2026, 13:31","27 Jan 2026, 14:46","","Shoulder Press (Machine Plates)",,"",2,"normal",70,7,,,
"Pull","27 Jan 2026, 13:31","27 Jan 2026, 14:46","","Bayesian Curls",,"Weight for each arm, 1.25 addon",0,"normal",16.25,8,,,
"Pull","27 Jan 2026, 13:31","27 Jan 2026, 14:46","","Bayesian Curls",,"Weight for each arm, 1.25 addon",1,"normal",15,10,,,
"Pull","27 Jan 2026, 13:31","27 Jan 2026, 14:46","","Bayesian Curls",,"Weight for each arm, 1.25 addon",2,"normal",15,8,,,
"Pull","27 Jan 2026, 13:31","27 Jan 2026, 14:46","","Lat Pulldown (Cable)",,"",0,"normal",87,10,,,
"Pull","27 Jan 2026, 13:31","27 Jan 2026, 14:46","","Lat Pulldown (Cable)",,"",1,"normal",77,12,,,
"Pull","27 Jan 2026, 13:31","27 Jan 2026, 14:46","","Lat Pulldown (Cable)",,"",2,"normal",77,8,,,
"Push","26 Jan 2026, 14:11","26 Jan 2026, 15:24","","Incline Bench Press (Dumbbell)",,"",0,"normal",56,10,,,
"Push","26 Jan 2026, 14:11","26 Jan 2026, 15:24","","Incline Bench Press (Dumbbell)",,"",1,"normal",56,7,,,
"Push","26 Jan 2026, 14:11","26 Jan 2026, 15:24","","Incline Bench Press (Dumbbell)",,"",2,"normal",52,9,,,
"Push","26 Jan 2026, 14:11","26 Jan 2026, 15:24","","Shoulder Press (Machine Plates)",,"",0,"normal",70,10,,,
"Push","26 Jan 2026, 14:11","26 Jan 2026, 15:24","","Shoulder Press (Machine Plates)",,"",1,"normal",70,8,,,
"Push","26 Jan 2026, 14:11","26 Jan 2026, 15:24","","Iso-Lateral Chest Press (Machine)",,"",0,"normal",96,7,,,
"Push","26 Jan 2026, 14:11","26 Jan 2026, 15:24","","Iso-Lateral Chest Press (Machine)",,"",1,"normal",86,8,,,
"Push","26 Jan 2026, 14:11","26 Jan 2026, 15:24","","Iso-Lateral Chest Press (Machine)",,"",2,"normal",86,7,,,
"Push","26 Jan 2026, 14:11","26 Jan 2026, 15:24","","Skullcrusher (Barbell)",,"",0,"normal",35,7,,,
"Push","26 Jan 2026, 14:11","26 Jan 2026, 15:24","","Skullcrusher (Barbell)",,"",1,"normal",30,10,,,
"Push","26 Jan 2026, 14:11","26 Jan 2026, 15:24","","Skullcrusher (Barbell)",,"",2,"normal",30,10,,,
"Push","26 Jan 2026, 14:11","26 Jan 2026, 15:24","","Lateral Raise (Cable)",,"",0,"normal",8.25,8,,,
"Push","26 Jan 2026, 14:11","26 Jan 2026, 15:24","","Lateral Raise (Cable)",,"",1,"normal",7.5,12,,,
"Upper","23 Jan 2026, 17:41","23 Jan 2026, 19:12","","Incline Bench Press (Smith Machine)",,"Incline 3",0,"normal",70,9,,,
"Upper","23 Jan 2026, 17:41","23 Jan 2026, 19:12","","Incline Bench Press (Smith Machine)",,"Incline 3",1,"normal",70,7,,,
"Upper","23 Jan 2026, 17:41","23 Jan 2026, 19:12","","Incline Bench Press (Smith Machine)",,"Incline 3",2,"normal",65,7,,,
"Upper","23 Jan 2026, 17:41","23 Jan 2026, 19:12","","Seated Row (Machine)",,"Chest pad 3",0,"normal",96,10,,,
"Upper","23 Jan 2026, 17:41","23 Jan 2026, 19:12","","Seated Row (Machine)",,"Chest pad 3",1,"normal",96,8,,,
"Upper","23 Jan 2026, 17:41","23 Jan 2026, 19:12","","Seated Row (Machine)",,"Chest pad 3",2,"normal",89,10,,,
"Upper","23 Jan 2026, 17:41","23 Jan 2026, 19:12","","Shoulder Press (Machine Plates)",,"5kg each side default",0,"normal",80,9,,,
"Upper","23 Jan 2026, 17:41","23 Jan 2026, 19:12","","Shoulder Press (Machine Plates)",,"5kg each side default",1,"normal",70,10,,,
"Upper","23 Jan 2026, 17:41","23 Jan 2026, 19:12","","Lat Pulldown (Cable)",,"",0,"normal",87,10,,,
"Upper","23 Jan 2026, 17:41","23 Jan 2026, 19:12","","Lat Pulldown (Cable)",,"",1,"normal",87,9,,,
"Upper","23 Jan 2026, 17:41","23 Jan 2026, 19:12","","Lat Pulldown (Cable)",,"",2,"normal",77,12,,,
"Upper","23 Jan 2026, 17:41","23 Jan 2026, 19:12","","Lateral Raise (Cable)",,"",0,"normal",7.5,12,,,
"Upper","23 Jan 2026, 17:41","23 Jan 2026, 19:12","","Lateral Raise (Cable)",,"",1,"normal",7.5,10,,,
"Upper","23 Jan 2026, 17:41","23 Jan 2026, 19:12","","Butterfly (Pec Deck)",,"",0,"normal",75,9,,,
"Upper","23 Jan 2026, 17:41","23 Jan 2026, 19:12","","Butterfly (Pec Deck)",,"",1,"normal",75,8,,,
"Upper","23 Jan 2026, 17:41","23 Jan 2026, 19:12","","Butterfly (Pec Deck)",,"",2,"normal",68,10,,,
"Upper","23 Jan 2026, 17:41","23 Jan 2026, 19:12","","Rear Delt Reverse Fly (Machine)",,"",0,"normal",61,12,,,
"Upper","23 Jan 2026, 17:41","23 Jan 2026, 19:12","","Rear Delt Reverse Fly (Machine)",,"",1,"normal",54,14,,,
"Upper","23 Jan 2026, 17:41","23 Jan 2026, 19:12","","Rear Delt Reverse Fly (Machine)",,"",2,"normal",54,14,,,
"Legs","21 Jan 2026, 17:51","21 Jan 2026, 19:08","","Squat (Barbell)",,"",0,"normal",70,8,,,
"Legs","21 Jan 2026, 17:51","21 Jan 2026, 19:08","","Squat (Barbell)",,"",1,"normal",70,8,,,
"Legs","21 Jan 2026, 17:51","21 Jan 2026, 19:08","","Squat (Barbell)",,"",2,"normal",60,10,,,
"Legs","21 Jan 2026, 17:51","21 Jan 2026, 19:08","","Romanian Deadlift (Barbell)",,"",0,"normal",90,10,,,
"Legs","21 Jan 2026, 17:51","21 Jan 2026, 19:08","","Romanian Deadlift (Barbell)",,"",1,"normal",90,8,,,
"Legs","21 Jan 2026, 17:51","21 Jan 2026, 19:08","","Standing Calf Raise (Machine)",,"",0,"normal",125,10,,,
"Legs","21 Jan 2026, 17:51","21 Jan 2026, 19:08","","Standing Calf Raise (Machine)",,"",1,"normal",125,10,,,
"Legs","21 Jan 2026, 17:51","21 Jan 2026, 19:08","","Leg Extension (Machine)",,"",0,"normal",110,12,,,
"Legs","21 Jan 2026, 17:51","21 Jan 2026, 19:08","","Leg Extension (Machine)",,"",1,"normal",110,10,,,
"Legs","21 Jan 2026, 17:51","21 Jan 2026, 19:08","","Seated Leg Curl (Machine)",,"",0,"normal",89,10,,,
"Legs","21 Jan 2026, 17:51","21 Jan 2026, 19:08","","Seated Leg Curl (Machine)",,"",1,"normal",89,8,,,
"Legs","21 Jan 2026, 17:51","21 Jan 2026, 19:08","","Crunch (Machine)",,"",0,"normal",40,8,,,
"Legs","21 Jan 2026, 17:51","21 Jan 2026, 19:08","","Crunch (Machine)",,"",1,"normal",40,12,,,
"Pull","20 Jan 2026, 17:44","20 Jan 2026, 18:47","","Pull Up (Weighted)",,"",0,"normal",25,9,,,
"Pull","20 Jan 2026, 17:44","20 Jan 2026, 18:47","","Pull Up (Weighted)",,"",1,"normal",25,7,,,
"Pull","20 Jan 2026, 17:44","20 Jan 2026, 18:47","","Pull Up (Weighted)",,"",2,"normal",15,8,,,
"Pull","20 Jan 2026, 17:44","20 Jan 2026, 18:47","","Iso-Lateral Row (Machine)",,"",0,"normal",130,8,,,
"Pull","20 Jan 2026, 17:44","20 Jan 2026, 18:47","","Iso-Lateral Row (Machine)",,"",1,"normal",120,10,,,
"Pull","20 Jan 2026, 17:44","20 Jan 2026, 18:47","","Iso-Lateral Row (Machine)",,"",2,"normal",120,8,,,
"Pull","20 Jan 2026, 17:44","20 Jan 2026, 18:47","","Shrug (Machine)",,"",0,"normal",140,10,,,
"Pull","20 Jan 2026, 17:44","20 Jan 2026, 18:47","","Shrug (Machine)",,"",1,"normal",,10,,,
"Pull","20 Jan 2026, 17:44","20 Jan 2026, 18:47","","Preacher Curl (Machine)",,"",0,"normal",81,8,,,
"Pull","20 Jan 2026, 17:44","20 Jan 2026, 18:47","","Preacher Curl (Machine)",,"",1,"normal",74,8,,,
"Pull","20 Jan 2026, 17:44","20 Jan 2026, 18:47","","Preacher Curl (Machine)",,"",2,"normal",74,7,,,
"Pull","20 Jan 2026, 17:44","20 Jan 2026, 18:47","","Lat Pulldown (Machine)",,"",0,"normal",110,8,,,
"Pull","20 Jan 2026, 17:44","20 Jan 2026, 18:47","","Lat Pulldown (Machine)",,"",1,"normal",103,8,,,
"Push","19 Jan 2026, 17:34","19 Jan 2026, 18:49","","Incline Bench Press (Dumbbell)",,"",0,"normal",56,10,,,
"Push","19 Jan 2026, 17:34","19 Jan 2026, 18:49","","Incline Bench Press (Dumbbell)",,"",1,"normal",56,8,,,
"Push","19 Jan 2026, 17:34","19 Jan 2026, 18:49","","Incline Bench Press (Dumbbell)",,"",2,"normal",56,6,,,
"Push","19 Jan 2026, 17:34","19 Jan 2026, 18:49","","Seated Shoulder Press (Machine)",,"",0,"normal",46,8,,,
"Push","19 Jan 2026, 17:34","19 Jan 2026, 18:49","","Seated Shoulder Press (Machine)",,"",1,"normal",46,8,,,
"Push","19 Jan 2026, 17:34","19 Jan 2026, 18:49","","Iso-Lateral Chest Press (Machine)",,"",0,"normal",96,8,,,
"Push","19 Jan 2026, 17:34","19 Jan 2026, 18:49","","Iso-Lateral Chest Press (Machine)",,"",1,"normal",86,8,,,
"Push","19 Jan 2026, 17:34","19 Jan 2026, 18:49","","Iso-Lateral Chest Press (Machine)",,"",2,"normal",86,8,,,
"Push","19 Jan 2026, 17:34","19 Jan 2026, 18:49","","Skullcrusher (Barbell)",,"",0,"normal",30,12,,,
"Push","19 Jan 2026, 17:34","19 Jan 2026, 18:49","","Skullcrusher (Barbell)",,"",1,"normal",30,10,,,
"Push","19 Jan 2026, 17:34","19 Jan 2026, 18:49","","Skullcrusher (Barbell)",,"",2,"normal",30,9,,,
"Push","19 Jan 2026, 17:34","19 Jan 2026, 18:49","","Lateral Raise (Cable)",,"",0,"normal",7.5,12,,,
"Push","19 Jan 2026, 17:34","19 Jan 2026, 18:49","","Lateral Raise (Cable)",,"",1,"normal",7.5,10,,,
"Legs","14 Jan 2026, 17:50","14 Jan 2026, 19:09","","Squat (Barbell)",,"",0,"normal",60,9,,,
"Legs","14 Jan 2026, 17:50","14 Jan 2026, 19:09","","Squat (Barbell)",,"",1,"normal",70,6,,,
"Legs","14 Jan 2026, 17:50","14 Jan 2026, 19:09","","Squat (Barbell)",,"",2,"normal",60,8,,,
"Legs","14 Jan 2026, 17:50","14 Jan 2026, 19:09","","Romanian Deadlift (Barbell)",,"",0,"normal",90,10,,,
"Legs","14 Jan 2026, 17:50","14 Jan 2026, 19:09","","Romanian Deadlift (Barbell)",,"",1,"normal",90,10,,,
"Legs","14 Jan 2026, 17:50","14 Jan 2026, 19:09","","Standing Calf Raise (Machine)",,"",0,"normal",115,10,,,
"Legs","14 Jan 2026, 17:50","14 Jan 2026, 19:09","","Standing Calf Raise (Machine)",,"",1,"normal",125,10,,,
"Legs","14 Jan 2026, 17:50","14 Jan 2026, 19:09","","Crunch (Machine)",,"",0,"normal",40,8,,,
"Legs","14 Jan 2026, 17:50","14 Jan 2026, 19:09","","Crunch (Machine)",,"",1,"normal",40,8,,,
"Legs","14 Jan 2026, 17:50","14 Jan 2026, 19:09","","Leg Extension (Machine)",,"",0,"normal",110,12,,,
"Legs","14 Jan 2026, 17:50","14 Jan 2026, 19:09","","Leg Extension (Machine)",,"",1,"normal",110,10,,,
"Legs","14 Jan 2026, 17:50","14 Jan 2026, 19:09","","Seated Leg Curl (Machine)",,"",0,"normal",96,8,,,
"Legs","14 Jan 2026, 17:50","14 Jan 2026, 19:09","","Seated Leg Curl (Machine)",,"",1,"normal",89,10,,,
"Legs","14 Jan 2026, 17:50","14 Jan 2026, 19:09","","Hip Adduction (Machine)",0,"",0,"normal",42,10,,,
"Legs","14 Jan 2026, 17:50","14 Jan 2026, 19:09","","Hip Adduction (Machine)",0,"",1,"normal",42,10,,,
"Legs","14 Jan 2026, 17:50","14 Jan 2026, 19:09","","Hip Abduction (Machine)",0,"",0,"normal",49,10,,,
"Legs","14 Jan 2026, 17:50","14 Jan 2026, 19:09","","Hip Abduction (Machine)",0,"",1,"normal",49,10,,,
"Pull","13 Jan 2026, 15:18","13 Jan 2026, 16:45","","Pull Up (Weighted)",,"",0,"normal",25,10,,,
"Pull","13 Jan 2026, 15:18","13 Jan 2026, 16:45","","Pull Up (Weighted)",,"",1,"normal",25,8,,,
"Pull","13 Jan 2026, 15:18","13 Jan 2026, 16:45","","Pull Up (Weighted)",,"",2,"normal",15,9,,,
"Pull","13 Jan 2026, 15:18","13 Jan 2026, 16:45","","Iso-Lateral Row (Machine)",,"",0,"normal",125,10,,,
"Pull","13 Jan 2026, 15:18","13 Jan 2026, 16:45","","Iso-Lateral Row (Machine)",,"",1,"normal",125,8,,,
"Pull","13 Jan 2026, 15:18","13 Jan 2026, 16:45","","Iso-Lateral Row (Machine)",,"",2,"normal",115,9,,,
"Pull","13 Jan 2026, 15:18","13 Jan 2026, 16:45","","Shoulder Press (Machine Plates)",,"",0,"normal",65,12,,,
"Pull","13 Jan 2026, 15:18","13 Jan 2026, 16:45","","Shoulder Press (Machine Plates)",,"",1,"normal",65,9,,,
"Pull","13 Jan 2026, 15:18","13 Jan 2026, 16:45","","Shoulder Press (Machine Plates)",,"",2,"normal",55,9,,,
"Pull","13 Jan 2026, 15:18","13 Jan 2026, 16:45","","Bayesian Curls",,"Weight for each arm",0,"normal",13.75,12,,,
"Pull","13 Jan 2026, 15:18","13 Jan 2026, 16:45","","Bayesian Curls",,"Weight for each arm",1,"normal",13.75,10,,,
"Pull","13 Jan 2026, 15:18","13 Jan 2026, 16:45","","Bayesian Curls",,"Weight for each arm",2,"normal",11.25,12,,,
"Pull","13 Jan 2026, 15:18","13 Jan 2026, 16:45","","Lat Pulldown (Cable)",,"",0,"normal",87,12,,,
"Pull","13 Jan 2026, 15:18","13 Jan 2026, 16:45","","Lat Pulldown (Cable)",,"",1,"normal",87,9,,,
"Pull","13 Jan 2026, 15:18","13 Jan 2026, 16:45","","Lat Pulldown (Cable)",,"",2,"normal",77,9,,,
"Push","12 Jan 2026, 14:46","12 Jan 2026, 16:26","","Incline Bench Press (Dumbbell)",,"",0,"normal",56,11,,,9
"Push","12 Jan 2026, 14:46","12 Jan 2026, 16:26","","Incline Bench Press (Dumbbell)",,"",1,"normal",56,7,,,9
"Push","12 Jan 2026, 14:46","12 Jan 2026, 16:26","","Incline Bench Press (Dumbbell)",,"",2,"normal",56,7,,,9.5
"Push","12 Jan 2026, 14:46","12 Jan 2026, 16:26","","Shoulder Press (Dumbbell)",,"Each arm",0,"normal",40,10,,,9
"Push","12 Jan 2026, 14:46","12 Jan 2026, 16:26","","Shoulder Press (Dumbbell)",,"Each arm",1,"normal",20,19,,,9.5
"Push","12 Jan 2026, 14:46","12 Jan 2026, 16:26","","Shoulder Press (Dumbbell)",,"Each arm",2,"normal",20,9,,,9.5
"Push","12 Jan 2026, 14:46","12 Jan 2026, 16:26","","Flat iso-Lateral Press",,"",0,"normal",88,7,,,
"Push","12 Jan 2026, 14:46","12 Jan 2026, 16:26","","Flat iso-Lateral Press",,"",1,"normal",78,8,,,
"Push","12 Jan 2026, 14:46","12 Jan 2026, 16:26","","Flat iso-Lateral Press",,"",2,"normal",78,7,,,
"Push","12 Jan 2026, 14:46","12 Jan 2026, 16:26","","Skullcrusher (Barbell)",,"",0,"normal",30,12,,,
"Push","12 Jan 2026, 14:46","12 Jan 2026, 16:26","","Skullcrusher (Barbell)",,"",1,"normal",30,10,,,
"Push","12 Jan 2026, 14:46","12 Jan 2026, 16:26","","Skullcrusher (Barbell)",,"",2,"normal",30,9,,,
"Push","12 Jan 2026, 14:46","12 Jan 2026, 16:26","","Iso-Lateral Chest Press (Machine)",,"",0,"normal",73,8,,,
"Push","12 Jan 2026, 14:46","12 Jan 2026, 16:26","","Iso-Lateral Chest Press (Machine)",,"",1,"normal",73,8,,,
"Push","12 Jan 2026, 14:46","12 Jan 2026, 16:26","","Lateral Raise (Cable)",,"",0,"normal",7.5,12,,,
"Push","12 Jan 2026, 14:46","12 Jan 2026, 16:26","","Lateral Raise (Cable)",,"",1,"normal",7.5,10,,,
"Push","12 Jan 2026, 14:46","12 Jan 2026, 16:26","","Triceps Pushdown",,"",0,"normal",38.5,8,,,
"Push","12 Jan 2026, 14:46","12 Jan 2026, 16:26","","Triceps Pushdown",,"",1,"normal",35,9,,,
"Legs","8 Jan 2026, 05:12","8 Jan 2026, 05:58","","Squat (Smith Machine)",,"",0,"normal",60,8,,,
"Legs","8 Jan 2026, 05:12","8 Jan 2026, 05:58","","Squat (Smith Machine)",,"",1,"normal",60,8,,,
"Legs","8 Jan 2026, 05:12","8 Jan 2026, 05:58","","Squat (Smith Machine)",,"",2,"normal",60,8,,,
"Legs","8 Jan 2026, 05:12","8 Jan 2026, 05:58","","Romanian Deadlift (Barbell)",,"",0,"normal",90,8,,,
"Legs","8 Jan 2026, 05:12","8 Jan 2026, 05:58","","Romanian Deadlift (Barbell)",,"",1,"normal",90,10,,,
"Legs","8 Jan 2026, 05:12","8 Jan 2026, 05:58","","Plate Loaded Hip Thrust",,"",0,"normal",100,12,,,
"Legs","8 Jan 2026, 05:12","8 Jan 2026, 05:58","","Plate Loaded Hip Thrust",,"",1,"normal",100,12,,,
"Legs","8 Jan 2026, 05:12","8 Jan 2026, 05:58","","Seated Leg Curl (Machine)",,"",0,"normal",96,8,,,
"Legs","8 Jan 2026, 05:12","8 Jan 2026, 05:58","","Seated Leg Curl (Machine)",,"",1,"normal",89,10,,,
"Legs","8 Jan 2026, 05:12","8 Jan 2026, 05:58","","Leg Extension (Machine)",,"",0,"normal",110,12,,,
"Legs","8 Jan 2026, 05:12","8 Jan 2026, 05:58","","Leg Extension (Machine)",,"",1,"normal",110,10,,,
"Pull","7 Jan 2026, 05:03","7 Jan 2026, 06:11","","Pull Up (Weighted)",,"",0,"normal",25,10,,,
"Pull","7 Jan 2026, 05:03","7 Jan 2026, 06:11","","Pull Up (Weighted)",,"",1,"normal",25,7,,,
"Pull","7 Jan 2026, 05:03","7 Jan 2026, 06:11","","Pull Up (Weighted)",,"",2,"normal",15,10,,,
"Pull","7 Jan 2026, 05:03","7 Jan 2026, 06:11","","Iso-Lateral Row (Machine)",,"",0,"normal",125,8,,,
"Pull","7 Jan 2026, 05:03","7 Jan 2026, 06:11","","Iso-Lateral Row (Machine)",,"",1,"normal",125,8,,,
"Pull","7 Jan 2026, 05:03","7 Jan 2026, 06:11","","Iso-Lateral Row (Machine)",,"",2,"normal",115,10,,,
"Pull","7 Jan 2026, 05:03","7 Jan 2026, 06:11","","Shoulder Press (Machine Plates)",,"",0,"normal",65,12,,,
"Pull","7 Jan 2026, 05:03","7 Jan 2026, 06:11","","Shoulder Press (Machine Plates)",,"",1,"normal",65,10,,,
"Pull","7 Jan 2026, 05:03","7 Jan 2026, 06:11","","Preacher Curl (Machine)",,"",0,"normal",95,9,,,
"Pull","7 Jan 2026, 05:03","7 Jan 2026, 06:11","","Preacher Curl (Machine)",,"",1,"normal",81,7,,,
"Pull","7 Jan 2026, 05:03","7 Jan 2026, 06:11","","Preacher Curl (Machine)",,"",2,"normal",74,6,,,
"Pull","7 Jan 2026, 05:03","7 Jan 2026, 06:11","","Lat Pulldown (Cable)",,"",0,"normal",87,10,,,
"Pull","7 Jan 2026, 05:03","7 Jan 2026, 06:11","","Lat Pulldown (Cable)",,"",1,"normal",87,8,,,
"Pull","7 Jan 2026, 05:03","7 Jan 2026, 06:11","","Lat Pulldown (Cable)",,"",2,"normal",77,9,,,
"Push","5 Jan 2026, 18:46","5 Jan 2026, 19:43","","Incline Bench Press (Dumbbell)",,"",0,"normal",56,10,,,
"Push","5 Jan 2026, 18:46","5 Jan 2026, 19:43","","Incline Bench Press (Dumbbell)",,"",1,"normal",56,7,,,
"Push","5 Jan 2026, 18:46","5 Jan 2026, 19:43","","Incline Bench Press (Dumbbell)",,"",2,"normal",52,9,,,
"Push","5 Jan 2026, 18:46","5 Jan 2026, 19:43","","Shrug (Machine)",,"",0,"normal",120,12,,,
"Push","5 Jan 2026, 18:46","5 Jan 2026, 19:43","","Shrug (Machine)",,"",1,"normal",120,12,,,
"Push","5 Jan 2026, 18:46","5 Jan 2026, 19:43","","Shrug (Machine)",,"",2,"normal",120,8,,,
"Push","5 Jan 2026, 18:46","5 Jan 2026, 19:43","","Flat iso-Lateral Press",,"",0,"normal",88,9,,,
"Push","5 Jan 2026, 18:46","5 Jan 2026, 19:43","","Flat iso-Lateral Press",,"",1,"normal",88,7,,,
"Push","5 Jan 2026, 18:46","5 Jan 2026, 19:43","","Flat iso-Lateral Press",,"",2,"normal",78,7,,,
"Push","5 Jan 2026, 18:46","5 Jan 2026, 19:43","","Skullcrusher (Barbell)",,"",0,"normal",30,12,,,
"Push","5 Jan 2026, 18:46","5 Jan 2026, 19:43","","Skullcrusher (Barbell)",,"",1,"normal",30,10,,,
"Push","5 Jan 2026, 18:46","5 Jan 2026, 19:43","","Skullcrusher (Barbell)",,"",2,"normal",30,8,,,
"Push","5 Jan 2026, 18:46","5 Jan 2026, 19:43","","Lateral Raise (Cable)",,"",0,"normal",7.5,12,,,
"Push","5 Jan 2026, 18:46","5 Jan 2026, 19:43","","Lateral Raise (Cable)",,"",1,"normal",6.5,12,,,
"Upper","3 Jan 2026, 04:19","3 Jan 2026, 05:22","","Flat iso-Lateral Press",,"",0,"normal",88,9,,,
"Upper","3 Jan 2026, 04:19","3 Jan 2026, 05:22","","Flat iso-Lateral Press",,"",1,"normal",88,7,,,
"Upper","3 Jan 2026, 04:19","3 Jan 2026, 05:22","","Flat iso-Lateral Press",,"",2,"normal",78,8,,,
"Upper","3 Jan 2026, 04:19","3 Jan 2026, 05:22","","Seated Row (Machine)",,"",0,"normal",96,10,,,
"Upper","3 Jan 2026, 04:19","3 Jan 2026, 05:22","","Seated Row (Machine)",,"",1,"normal",96,8,,,
"Upper","3 Jan 2026, 04:19","3 Jan 2026, 05:22","","Seated Row (Machine)",,"",2,"normal",89,10,,,
"Upper","3 Jan 2026, 04:19","3 Jan 2026, 05:22","","Seated Shoulder Press (Machine)",,"",0,"normal",53,7,,,
"Upper","3 Jan 2026, 04:19","3 Jan 2026, 05:22","","Seated Shoulder Press (Machine)",,"",1,"normal",46,8,,,
"Upper","3 Jan 2026, 04:19","3 Jan 2026, 05:22","","Lat Pulldown (Machine)",,"",0,"normal",117,9,,,
"Upper","3 Jan 2026, 04:19","3 Jan 2026, 05:22","","Lat Pulldown (Machine)",,"",1,"normal",117,8,,,
"Upper","3 Jan 2026, 04:19","3 Jan 2026, 05:22","","Lat Pulldown (Machine)",,"",2,"normal",110,8,,,
"Upper","3 Jan 2026, 04:19","3 Jan 2026, 05:22","","Butterfly (Pec Deck)",,"",0,"normal",75,10,,,
"Upper","3 Jan 2026, 04:19","3 Jan 2026, 05:22","","Butterfly (Pec Deck)",,"",1,"normal",75,8,,,
"Upper","3 Jan 2026, 04:19","3 Jan 2026, 05:22","","Butterfly (Pec Deck)",,"",2,"normal",68,8,,,
"Upper","3 Jan 2026, 04:19","3 Jan 2026, 05:22","","Rear Delt Reverse Fly (Machine)",,"",0,"normal",61,12,,,
"Upper","3 Jan 2026, 04:19","3 Jan 2026, 05:22","","Rear Delt Reverse Fly (Machine)",,"",1,"normal",54,14,,,
"Legs","1 Jan 2026, 03:33","1 Jan 2026, 04:55","","Romanian Deadlift (Barbell)",,"",0,"normal",90,10,,,
"Legs","1 Jan 2026, 03:33","1 Jan 2026, 04:55","","Romanian Deadlift (Barbell)",,"",1,"normal",90,10,,,
"Legs","1 Jan 2026, 03:33","1 Jan 2026, 04:55","","Romanian Deadlift (Barbell)",,"",2,"normal",80,12,,,
"Legs","1 Jan 2026, 03:33","1 Jan 2026, 04:55","","Squat (Smith Machine)",,"",0,"normal",60,8,,,
"Legs","1 Jan 2026, 03:33","1 Jan 2026, 04:55","","Squat (Smith Machine)",,"",1,"normal",60,8,,,
"Legs","1 Jan 2026, 03:33","1 Jan 2026, 04:55","","Squat (Smith Machine)",,"",2,"normal",60,6,,,
"Legs","1 Jan 2026, 03:33","1 Jan 2026, 04:55","","Leg Extension (Machine)",,"",0,"normal",110,12,,,
"Legs","1 Jan 2026, 03:33","1 Jan 2026, 04:55","","Leg Extension (Machine)",,"",1,"normal",110,8,,,
"Legs","1 Jan 2026, 03:33","1 Jan 2026, 04:55","","Seated Leg Curl (Machine)",,"",0,"normal",89,10,,,
"Legs","1 Jan 2026, 03:33","1 Jan 2026, 04:55","","Seated Leg Curl (Machine)",,"",1,"normal",89,9,,,
"Legs","1 Jan 2026, 03:33","1 Jan 2026, 04:55","","Standing Calf Raise (Machine)",,"",0,"normal",105,12,,,
"Legs","1 Jan 2026, 03:33","1 Jan 2026, 04:55","","Standing Calf Raise (Machine)",,"",1,"normal",105,10,,,
"Legs","1 Jan 2026, 03:33","1 Jan 2026, 04:55","","Hanging Leg Raise",,"",0,"normal",,12,,,
"Legs","1 Jan 2026, 03:33","1 Jan 2026, 04:55","","Crunch (Machine)",,"",0,"normal",40,8,,,
"Legs","1 Jan 2026, 03:33","1 Jan 2026, 04:55","","Crunch (Machine)",,"",1,"normal",40,8,,,
"Pull","31 Dec 2025, 02:32","31 Dec 2025, 03:54","","Pull Up (Weighted)",,"",0,"normal",25,8,,,
"Pull","31 Dec 2025, 02:32","31 Dec 2025, 03:54","","Pull Up (Weighted)",,"",1,"normal",25,8,,,
"Pull","31 Dec 2025, 02:32","31 Dec 2025, 03:54","","Pull Up (Weighted)",,"",2,"normal",15,10,,,
"Pull","31 Dec 2025, 02:32","31 Dec 2025, 03:54","","Iso-Lateral Row (Machine)",,"",0,"normal",125,8,,,
"Pull","31 Dec 2025, 02:32","31 Dec 2025, 03:54","","Iso-Lateral Row (Machine)",,"",1,"normal",125,8,,,
"Pull","31 Dec 2025, 02:32","31 Dec 2025, 03:54","","Iso-Lateral Row (Machine)",,"",2,"normal",115,10,,,
"Pull","31 Dec 2025, 02:32","31 Dec 2025, 03:54","","Shoulder Press (Machine Plates)",,"",0,"normal",65,12,,,
"Pull","31 Dec 2025, 02:32","31 Dec 2025, 03:54","","Shoulder Press (Machine Plates)",,"",1,"normal",65,8,,,
"Pull","31 Dec 2025, 02:32","31 Dec 2025, 03:54","","Shoulder Press (Machine Plates)",,"",2,"normal",55,10,,,
"Pull","31 Dec 2025, 02:32","31 Dec 2025, 03:54","","Bayesian Curls",,"",0,"normal",13.75,10,,,
"Pull","31 Dec 2025, 02:32","31 Dec 2025, 03:54","","Bayesian Curls",,"",1,"normal",13.75,10,,,
"Pull","31 Dec 2025, 02:32","31 Dec 2025, 03:54","","Bayesian Curls",,"",2,"normal",11.75,10,,,
"Pull","31 Dec 2025, 02:32","31 Dec 2025, 03:54","","Lat Pulldown (Cable)",,"",0,"normal",87,9,,,
"Pull","31 Dec 2025, 02:32","31 Dec 2025, 03:54","","Lat Pulldown (Cable)",,"",1,"normal",87,9,,,
"Pull","31 Dec 2025, 02:32","31 Dec 2025, 03:54","","Lat Pulldown (Cable)",,"",2,"normal",77,12,,,
"Push","30 Dec 2025, 04:05","30 Dec 2025, 05:37","","Incline Bench Press (Dumbbell)",,"",0,"normal",56,8,,,
"Push","30 Dec 2025, 04:05","30 Dec 2025, 05:37","","Incline Bench Press (Dumbbell)",,"",1,"normal",56,7,,,
"Push","30 Dec 2025, 04:05","30 Dec 2025, 05:37","","Incline Bench Press (Dumbbell)",,"",2,"normal",52,8,,,
"Push","30 Dec 2025, 04:05","30 Dec 2025, 05:37","","Shrug (Machine)",,"",0,"normal",120,12,,,
"Push","30 Dec 2025, 04:05","30 Dec 2025, 05:37","","Shrug (Machine)",,"",1,"normal",100,10,,,
"Push","30 Dec 2025, 04:05","30 Dec 2025, 05:37","","Shrug (Machine)",,"",2,"normal",100,10,,,
"Push","30 Dec 2025, 04:05","30 Dec 2025, 05:37","","Flat iso-Lateral Press",,"",0,"normal",88,8,,,
"Push","30 Dec 2025, 04:05","30 Dec 2025, 05:37","","Flat iso-Lateral Press",,"",1,"normal",78,9,,,
"Push","30 Dec 2025, 04:05","30 Dec 2025, 05:37","","Flat iso-Lateral Press",,"",2,"normal",78,7,,,
"Push","30 Dec 2025, 04:05","30 Dec 2025, 05:37","","Skullcrusher (Barbell)",,"",0,"normal",30,10,,,
"Push","30 Dec 2025, 04:05","30 Dec 2025, 05:37","","Skullcrusher (Barbell)",,"",1,"normal",30,11,,,
"Push","30 Dec 2025, 04:05","30 Dec 2025, 05:37","","Skullcrusher (Barbell)",,"",2,"normal",30,9,,,
"Push","30 Dec 2025, 04:05","30 Dec 2025, 05:37","","Lateral Raise (Cable)",,"",0,"normal",7.5,10,,,
"Push","30 Dec 2025, 04:05","30 Dec 2025, 05:37","","Lateral Raise (Cable)",,"",1,"normal",7.5,10,,,
"Push","30 Dec 2025, 04:05","30 Dec 2025, 05:37","","Lateral Raise (Cable)",,"",2,"normal",7.5,8,,,
"Push","30 Dec 2025, 04:05","30 Dec 2025, 05:37","","Iso-Lateral Chest Press (Machine)",,"",0,"normal",73,8,,,
"Push","30 Dec 2025, 04:05","30 Dec 2025, 05:37","","Iso-Lateral Chest Press (Machine)",,"",1,"normal",73,8,,,
"Legs and Arms","21 Dec 2025, 04:54","21 Dec 2025, 06:09","","Hack Squat (Machine)",,"",0,"normal",74,12,,,
"Legs and Arms","21 Dec 2025, 04:54","21 Dec 2025, 06:09","","Hack Squat (Machine)",,"",1,"normal",74,10,,,
"Legs and Arms","21 Dec 2025, 04:54","21 Dec 2025, 06:09","","Hack Squat (Machine)",,"",2,"normal",74,8,,,
"Legs and Arms","21 Dec 2025, 04:54","21 Dec 2025, 06:09","","Iso Lateral Leg Curl",,"",0,"normal",43,12,,,
"Legs and Arms","21 Dec 2025, 04:54","21 Dec 2025, 06:09","","Iso Lateral Leg Curl",,"",1,"normal",43,10,,,
"Legs and Arms","21 Dec 2025, 04:54","21 Dec 2025, 06:09","","Triceps Extension (Cable)",,"",0,"normal",24.5,9,,,
"Legs and Arms","21 Dec 2025, 04:54","21 Dec 2025, 06:09","","Triceps Extension (Cable)",,"",1,"normal",21,12,,,
"Legs and Arms","21 Dec 2025, 04:54","21 Dec 2025, 06:09","","Triceps Extension (Cable)",,"",2,"normal",24.5,8,,,
"Legs and Arms","21 Dec 2025, 04:54","21 Dec 2025, 06:09","","Preacher Curl (Machine)",,"",0,"normal",95,9,,,
"Legs and Arms","21 Dec 2025, 04:54","21 Dec 2025, 06:09","","Preacher Curl (Machine)",,"",1,"normal",88,8,,,
"Legs and Arms","21 Dec 2025, 04:54","21 Dec 2025, 06:09","","Preacher Curl (Machine)",,"",2,"normal",81,8,,,
"Legs and Arms","21 Dec 2025, 04:54","21 Dec 2025, 06:09","","Triceps Pushdown",,"",0,"normal",35,12,,,
"Legs and Arms","21 Dec 2025, 04:54","21 Dec 2025, 06:09","","Triceps Pushdown",,"",1,"normal",35,10,,,
"Legs and Arms","21 Dec 2025, 04:54","21 Dec 2025, 06:09","","Triceps Pushdown",,"",2,"normal",31.5,12,,,
"Pull","16 Dec 2025, 17:22","16 Dec 2025, 18:33","","Pull Up (Weighted)",,"",0,"normal",25,8,,,
"Pull","16 Dec 2025, 17:22","16 Dec 2025, 18:33","","Pull Up (Weighted)",,"",1,"normal",25,8,,,
"Pull","16 Dec 2025, 17:22","16 Dec 2025, 18:33","","Pull Up (Weighted)",,"",2,"normal",15,12,,,
"Pull","16 Dec 2025, 17:22","16 Dec 2025, 18:33","","Iso-Lateral Row (Machine)",,"",0,"normal",125,8,,,
"Pull","16 Dec 2025, 17:22","16 Dec 2025, 18:33","","Iso-Lateral Row (Machine)",,"",1,"normal",115,10,,,
"Pull","16 Dec 2025, 17:22","16 Dec 2025, 18:33","","Iso-Lateral Row (Machine)",,"",2,"normal",115,10,,,
"Pull","16 Dec 2025, 17:22","16 Dec 2025, 18:33","","Shoulder Press (Machine Plates)",,"",0,"normal",65,12,,,
"Pull","16 Dec 2025, 17:22","16 Dec 2025, 18:33","","Shoulder Press (Machine Plates)",,"",1,"normal",65,8,,,
"Pull","16 Dec 2025, 17:22","16 Dec 2025, 18:33","","Shoulder Press (Machine Plates)",,"",2,"normal",55,8,,,
"Pull","16 Dec 2025, 17:22","16 Dec 2025, 18:33","","Bayesian Curls",,"Weight per arm",0,"normal",13.75,10,,,
"Pull","16 Dec 2025, 17:22","16 Dec 2025, 18:33","","Bayesian Curls",,"Weight per arm",1,"normal",11.25,10,,,
"Pull","16 Dec 2025, 17:22","16 Dec 2025, 18:33","","Bayesian Curls",,"Weight per arm",2,"normal",11.25,10,,,
"Pull","16 Dec 2025, 17:22","16 Dec 2025, 18:33","","Lat Pulldown (Cable)",,"",0,"normal",87,10,,,
"Pull","16 Dec 2025, 17:22","16 Dec 2025, 18:33","","Lat Pulldown (Cable)",,"",1,"normal",87,8,,,
"Pull","16 Dec 2025, 17:22","16 Dec 2025, 18:33","","Lat Pulldown (Cable)",,"",2,"normal",77,12,,,
"Pull","16 Dec 2025, 17:22","16 Dec 2025, 18:33","","Rear Delt Reverse Fly (Machine)",,"",0,"normal",61,12,,,
"Pull","16 Dec 2025, 17:22","16 Dec 2025, 18:33","","Rear Delt Reverse Fly (Machine)",,"",1,"normal",54,12,,,
"Push","15 Dec 2025, 04:08","15 Dec 2025, 05:03","","Incline Bench Press (Dumbbell)",,"",0,"normal",56,7,,,
"Push","15 Dec 2025, 04:08","15 Dec 2025, 05:03","","Incline Bench Press (Dumbbell)",,"",1,"normal",56,8,,,
"Push","15 Dec 2025, 04:08","15 Dec 2025, 05:03","","Incline Bench Press (Dumbbell)",,"",2,"normal",52,10,,,
"Push","15 Dec 2025, 04:08","15 Dec 2025, 05:03","","Shrug (Machine)",,"",0,"normal",120,10,,,
"Push","15 Dec 2025, 04:08","15 Dec 2025, 05:03","","Shrug (Machine)",,"",1,"normal",120,10,,,
"Push","15 Dec 2025, 04:08","15 Dec 2025, 05:03","","Shrug (Machine)",,"",2,"normal",120,10,,,
"Push","15 Dec 2025, 04:08","15 Dec 2025, 05:03","","Flat iso-Lateral Press",,"",0,"normal",88,8,,,
"Push","15 Dec 2025, 04:08","15 Dec 2025, 05:03","","Flat iso-Lateral Press",,"",1,"normal",78,9,,,
"Push","15 Dec 2025, 04:08","15 Dec 2025, 05:03","","Flat iso-Lateral Press",,"",2,"normal",78,7,,,
"Push","15 Dec 2025, 04:08","15 Dec 2025, 05:03","","Skullcrusher (Barbell)",,"",0,"normal",30,12,,,
"Push","15 Dec 2025, 04:08","15 Dec 2025, 05:03","","Skullcrusher (Barbell)",,"",1,"normal",30,10,,,
"Push","15 Dec 2025, 04:08","15 Dec 2025, 05:03","","Skullcrusher (Barbell)",,"",2,"normal",30,8,,,
"Push","15 Dec 2025, 04:08","15 Dec 2025, 05:03","","Lateral Raise (Cable)",,"",0,"normal",7.5,10,,,
"Push","15 Dec 2025, 04:08","15 Dec 2025, 05:03","","Lateral Raise (Cable)",,"",1,"normal",6.25,12,,,
"Upper","12 Dec 2025, 02:46","12 Dec 2025, 03:35","","Incline Bench Press (Smith Machine)",,"",0,"normal",70,8,,,
"Upper","12 Dec 2025, 02:46","12 Dec 2025, 03:35","","Incline Bench Press (Smith Machine)",,"",1,"normal",65,7,,,
"Upper","12 Dec 2025, 02:46","12 Dec 2025, 03:35","","Incline Bench Press (Smith Machine)",,"",2,"normal",60,10,,,
"Upper","12 Dec 2025, 02:46","12 Dec 2025, 03:35","","Seated Row (Machine)",,"",0,"normal",96,9,,,
"Upper","12 Dec 2025, 02:46","12 Dec 2025, 03:35","","Seated Row (Machine)",,"",1,"normal",89,11,,,
"Upper","12 Dec 2025, 02:46","12 Dec 2025, 03:35","","Seated Row (Machine)",,"",2,"normal",89,8,,,
"Upper","12 Dec 2025, 02:46","12 Dec 2025, 03:35","","Seated Shoulder Press (Machine)",,"",0,"normal",46,10,,,
"Upper","12 Dec 2025, 02:46","12 Dec 2025, 03:35","","Seated Shoulder Press (Machine)",,"",1,"normal",46,7,,,
"Upper","12 Dec 2025, 02:46","12 Dec 2025, 03:35","","Lat Pulldown (Cable)",,"",0,"normal",87,12,,,
"Upper","12 Dec 2025, 02:46","12 Dec 2025, 03:35","","Lat Pulldown (Cable)",,"",1,"normal",87,8,,,
"Upper","12 Dec 2025, 02:46","12 Dec 2025, 03:35","","Lat Pulldown (Cable)",,"",2,"normal",77,12,,,
"Upper","12 Dec 2025, 02:46","12 Dec 2025, 03:35","","Iso-Lateral Chest Press (Machine)",,"",0,"normal",73,12,,,
"Upper","12 Dec 2025, 02:46","12 Dec 2025, 03:35","","Iso-Lateral Chest Press (Machine)",,"",1,"normal",73,7,,,
"Push","8 Dec 2025, 03:01","8 Dec 2025, 04:28","","Incline Bench Press (Dumbbell)",,"",0,"normal",52,12,,,
"Push","8 Dec 2025, 03:01","8 Dec 2025, 04:28","","Incline Bench Press (Dumbbell)",,"",1,"normal",52,8,,,
"Push","8 Dec 2025, 03:01","8 Dec 2025, 04:28","","Incline Bench Press (Dumbbell)",,"",2,"normal",52,8,,,
"Push","8 Dec 2025, 03:01","8 Dec 2025, 04:28","","Shrug (Machine)",,"",0,"normal",100,15,,,
"Push","8 Dec 2025, 03:01","8 Dec 2025, 04:28","","Shrug (Machine)",,"",1,"normal",100,15,,,
"Push","8 Dec 2025, 03:01","8 Dec 2025, 04:28","","Shrug (Machine)",,"",2,"normal",100,12,,,
"Push","8 Dec 2025, 03:01","8 Dec 2025, 04:28","","Flat iso-Lateral Press",,"",0,"normal",88,8,,,
"Push","8 Dec 2025, 03:01","8 Dec 2025, 04:28","","Flat iso-Lateral Press",,"",1,"normal",88,6,,,
"Push","8 Dec 2025, 03:01","8 Dec 2025, 04:28","","Flat iso-Lateral Press",,"",2,"normal",78,7,,,
"Push","8 Dec 2025, 03:01","8 Dec 2025, 04:28","","Skullcrusher (Barbell)",,"",0,"normal",30,11,,,
"Push","8 Dec 2025, 03:01","8 Dec 2025, 04:28","","Skullcrusher (Barbell)",,"",1,"normal",30,9,,,
"Push","8 Dec 2025, 03:01","8 Dec 2025, 04:28","","Lateral Raise (Cable)",,"",0,"normal",7.5,10,,,
"Push","8 Dec 2025, 03:01","8 Dec 2025, 04:28","","Lateral Raise (Cable)",,"",1,"normal",7.5,10,,,
"Push","8 Dec 2025, 03:01","8 Dec 2025, 04:28","","Lateral Raise (Cable)",,"",2,"normal",6.25,12,,,
"Push","8 Dec 2025, 03:01","8 Dec 2025, 04:28","","Triceps Pushdown",,"",0,"normal",35,12,,,
"Push","8 Dec 2025, 03:01","8 Dec 2025, 04:28","","Triceps Pushdown",,"",1,"normal",35,10,,,
"Push","8 Dec 2025, 03:01","8 Dec 2025, 04:28","","Butterfly (Pec Deck)",,"",0,"normal",68,10,,,
"Push","8 Dec 2025, 03:01","8 Dec 2025, 04:28","","Butterfly (Pec Deck)",,"",1,"normal",61,10,,,
"Pull","1 Dec 2025, 17:29","1 Dec 2025, 18:37","","Pull Up (Weighted)",,"",0,"normal",25,10,,,
"Pull","1 Dec 2025, 17:29","1 Dec 2025, 18:37","","Pull Up (Weighted)",,"",1,"normal",25,7,,,
"Pull","1 Dec 2025, 17:29","1 Dec 2025, 18:37","","Pull Up (Weighted)",,"",2,"normal",15,10,,,
"Pull","1 Dec 2025, 17:29","1 Dec 2025, 18:37","","Iso-Lateral Row (Machine)",,"",0,"normal",115,12,,,
"Pull","1 Dec 2025, 17:29","1 Dec 2025, 18:37","","Iso-Lateral Row (Machine)",,"",1,"normal",115,10,,,
"Pull","1 Dec 2025, 17:29","1 Dec 2025, 18:37","","Iso-Lateral Row (Machine)",,"",2,"normal",105,12,,,
"Pull","1 Dec 2025, 17:29","1 Dec 2025, 18:37","","Shoulder Press (Machine Plates)",,"",0,"normal",65,12,,,
"Pull","1 Dec 2025, 17:29","1 Dec 2025, 18:37","","Shoulder Press (Machine Plates)",,"",1,"normal",65,8,,,
"Pull","1 Dec 2025, 17:29","1 Dec 2025, 18:37","","Shoulder Press (Machine Plates)",,"",2,"normal",55,9,,,
"Pull","1 Dec 2025, 17:29","1 Dec 2025, 18:37","","Preacher Curl (Machine)",,"",0,"normal",81,10,,,
"Pull","1 Dec 2025, 17:29","1 Dec 2025, 18:37","","Preacher Curl (Machine)",,"",1,"normal",74,8,,,
"Pull","1 Dec 2025, 17:29","1 Dec 2025, 18:37","","Preacher Curl (Machine)",,"",2,"normal",74,8,,,
"Pull","1 Dec 2025, 17:29","1 Dec 2025, 18:37","","Lat Pulldown (Cable)",,"",0,"normal",87,9,,,
"Pull","1 Dec 2025, 17:29","1 Dec 2025, 18:37","","Lat Pulldown (Cable)",,"",1,"normal",77,12,,,
"Pull","1 Dec 2025, 17:29","1 Dec 2025, 18:37","","Lat Pulldown (Cable)",,"",2,"normal",77,12,,,
"Push","1 Dec 2025, 02:04","1 Dec 2025, 03:38","","Incline Bench Press (Dumbbell)",,"",0,"normal",52,10,,,
"Push","1 Dec 2025, 02:04","1 Dec 2025, 03:38","","Incline Bench Press (Dumbbell)",,"",1,"normal",52,9,,,
"Push","1 Dec 2025, 02:04","1 Dec 2025, 03:38","","Incline Bench Press (Dumbbell)",,"",2,"normal",48,10,,,
"Push","1 Dec 2025, 02:04","1 Dec 2025, 03:38","","Shrug (Machine)",,"",0,"normal",100,15,,,
"Push","1 Dec 2025, 02:04","1 Dec 2025, 03:38","","Shrug (Machine)",,"",1,"normal",100,15,,,
"Push","1 Dec 2025, 02:04","1 Dec 2025, 03:38","","Shrug (Machine)",,"",2,"normal",100,12,,,
"Push","1 Dec 2025, 02:04","1 Dec 2025, 03:38","","Flat iso-Lateral Press",,"",0,"normal",88,8,,,
"Push","1 Dec 2025, 02:04","1 Dec 2025, 03:38","","Flat iso-Lateral Press",,"",1,"normal",88,6,,,
"Push","1 Dec 2025, 02:04","1 Dec 2025, 03:38","","Flat iso-Lateral Press",,"",2,"normal",78,7,,,
"Push","1 Dec 2025, 02:04","1 Dec 2025, 03:38","","Skullcrusher (Barbell)",,"",0,"normal",30,10,,,
"Push","1 Dec 2025, 02:04","1 Dec 2025, 03:38","","Skullcrusher (Barbell)",,"",1,"normal",30,10,,,
"Push","1 Dec 2025, 02:04","1 Dec 2025, 03:38","","Skullcrusher (Barbell)",,"",2,"normal",30,10,,,
"Push","1 Dec 2025, 02:04","1 Dec 2025, 03:38","","Butterfly (Pec Deck)",,"",0,"normal",68,10,,,
"Push","1 Dec 2025, 02:04","1 Dec 2025, 03:38","","Butterfly (Pec Deck)",,"",1,"normal",68,8,,,
"Push","1 Dec 2025, 02:04","1 Dec 2025, 03:38","","Butterfly (Pec Deck)",,"",2,"normal",61,10,,,
"Push","1 Dec 2025, 02:04","1 Dec 2025, 03:38","","Lateral Raise (Cable)",,"",0,"normal",7.5,12,,,
"Push","1 Dec 2025, 02:04","1 Dec 2025, 03:38","","Lateral Raise (Cable)",,"",1,"normal",7.5,10,,,
"Push","1 Dec 2025, 02:04","1 Dec 2025, 03:38","","Lateral Raise (Cable)",,"",2,"normal",6.25,12,,,
"Push","1 Dec 2025, 02:04","1 Dec 2025, 03:38","","Triceps Pushdown",,"",0,"normal",35,12,,,
"Push","1 Dec 2025, 02:04","1 Dec 2025, 03:38","","Triceps Pushdown",,"",1,"normal",35,10,,,
"Pull","25 Nov 2025, 17:26","25 Nov 2025, 18:44","","Pull Up (Weighted)",,"",0,"normal",25,10,,,
"Pull","25 Nov 2025, 17:26","25 Nov 2025, 18:44","","Pull Up (Weighted)",,"",1,"normal",25,7,,,
"Pull","25 Nov 2025, 17:26","25 Nov 2025, 18:44","","Pull Up (Weighted)",,"",2,"normal",15,10,,,
"Pull","25 Nov 2025, 17:26","25 Nov 2025, 18:44","","Iso-Lateral Row (Machine)",,"",0,"normal",115,12,,,
"Pull","25 Nov 2025, 17:26","25 Nov 2025, 18:44","","Iso-Lateral Row (Machine)",,"",1,"normal",115,12,,,
"Pull","25 Nov 2025, 17:26","25 Nov 2025, 18:44","","Iso-Lateral Row (Machine)",,"",2,"normal",105,12,,,
"Pull","25 Nov 2025, 17:26","25 Nov 2025, 18:44","","Shoulder Press (Machine Plates)",,"",0,"normal",65,12,,,
"Pull","25 Nov 2025, 17:26","25 Nov 2025, 18:44","","Shoulder Press (Machine Plates)",,"",1,"normal",65,8,,,
"Pull","25 Nov 2025, 17:26","25 Nov 2025, 18:44","","Shoulder Press (Machine Plates)",,"",2,"normal",55,9,,,
"Pull","25 Nov 2025, 17:26","25 Nov 2025, 18:44","","Preacher Curl (Machine)",,"",0,"normal",81,10,,,
"Pull","25 Nov 2025, 17:26","25 Nov 2025, 18:44","","Preacher Curl (Machine)",,"",1,"normal",74,8,,,
"Pull","25 Nov 2025, 17:26","25 Nov 2025, 18:44","","Preacher Curl (Machine)",,"",2,"normal",74,8,,,
"Pull","25 Nov 2025, 17:26","25 Nov 2025, 18:44","","Lat Pulldown (Cable)",,"",0,"normal",87,10,,,
"Pull","25 Nov 2025, 17:26","25 Nov 2025, 18:44","","Lat Pulldown (Cable)",,"",1,"normal",87,8,,,
"Pull","25 Nov 2025, 17:26","25 Nov 2025, 18:44","","Lat Pulldown (Cable)",,"",2,"normal",77,12,,,
"Pull","25 Nov 2025, 17:26","25 Nov 2025, 18:44","","Rear Delt Reverse Fly (Machine)",,"",0,"normal",61,12,,,
"Pull","25 Nov 2025, 17:26","25 Nov 2025, 18:44","","Rear Delt Reverse Fly (Machine)",,"",1,"normal",54,12,,,
"Pull","25 Nov 2025, 17:26","25 Nov 2025, 18:44","","Rear Delt Reverse Fly (Machine)",,"",2,"normal",54,12,,,
"FB 1 - Push","24 Nov 2025, 02:32","24 Nov 2025, 03:35","","Incline Bench Press (Dumbbell)",,"",0,"normal",52,9,,,
"FB 1 - Push","24 Nov 2025, 02:32","24 Nov 2025, 03:35","","Incline Bench Press (Dumbbell)",,"",1,"normal",48,10,,,
"FB 1 - Push","24 Nov 2025, 02:32","24 Nov 2025, 03:35","","Incline Bench Press (Dumbbell)",,"",2,"normal",48,9,,,
"FB 1 - Push","24 Nov 2025, 02:32","24 Nov 2025, 03:35","","Shrug (Machine)",,"",0,"normal",100,15,,,
"FB 1 - Push","24 Nov 2025, 02:32","24 Nov 2025, 03:35","","Shrug (Machine)",,"",1,"normal",100,15,,,
"FB 1 - Push","24 Nov 2025, 02:32","24 Nov 2025, 03:35","","Flat iso-Lateral Press",,"",0,"normal",88,8,,,
"FB 1 - Push","24 Nov 2025, 02:32","24 Nov 2025, 03:35","","Flat iso-Lateral Press",,"",1,"normal",88,5,,,
"FB 1 - Push","24 Nov 2025, 02:32","24 Nov 2025, 03:35","","Flat iso-Lateral Press",,"",2,"normal",78,6,,,
"FB 1 - Push","24 Nov 2025, 02:32","24 Nov 2025, 03:35","","Skullcrusher (Barbell)",,"",0,"normal",30,10,,,
"FB 1 - Push","24 Nov 2025, 02:32","24 Nov 2025, 03:35","","Skullcrusher (Barbell)",,"",1,"normal",30,7,,,
"FB 1 - Push","24 Nov 2025, 02:32","24 Nov 2025, 03:35","","Skullcrusher (Barbell)",,"",2,"normal",25,12,,,
"FB 1 - Push","24 Nov 2025, 02:32","24 Nov 2025, 03:35","","Lateral Raise (Cable)",,"",0,"normal",7.5,10,,,
"FB 1 - Push","24 Nov 2025, 02:32","24 Nov 2025, 03:35","","Lateral Raise (Cable)",,"",1,"normal",6.25,12,,,
"FB 1 - Push","24 Nov 2025, 02:32","24 Nov 2025, 03:35","","Triceps Pushdown",,"",0,"normal",35,10,,,
"FB 1 - Push","24 Nov 2025, 02:32","24 Nov 2025, 03:35","","Triceps Pushdown",,"",1,"normal",35,8,,,
"FB 1 - Push","24 Nov 2025, 02:32","24 Nov 2025, 03:35","","Triceps Pushdown",,"",2,"normal",31.5,10,,,
"FB 3 - Upper","20 Nov 2025, 17:27","20 Nov 2025, 18:43","","Flat iso-Lateral Press",,"",0,"normal",88,8,,,
"FB 3 - Upper","20 Nov 2025, 17:27","20 Nov 2025, 18:43","","Flat iso-Lateral Press",,"",1,"normal",88,8,,,
"FB 3 - Upper","20 Nov 2025, 17:27","20 Nov 2025, 18:43","","Flat iso-Lateral Press",,"",2,"normal",78,9,,,
"FB 3 - Upper","20 Nov 2025, 17:27","20 Nov 2025, 18:43","","Seated Row (Machine)",,"",0,"normal",89,10,,,
"FB 3 - Upper","20 Nov 2025, 17:27","20 Nov 2025, 18:43","","Seated Row (Machine)",,"",1,"normal",89,10,,,
"FB 3 - Upper","20 Nov 2025, 17:27","20 Nov 2025, 18:43","","Seated Row (Machine)",,"",2,"normal",82,12,,,
"FB 3 - Upper","20 Nov 2025, 17:27","20 Nov 2025, 18:43","","Shoulder Press (Machine Plates)",,"",0,"normal",65,11,,,
"FB 3 - Upper","20 Nov 2025, 17:27","20 Nov 2025, 18:43","","Shoulder Press (Machine Plates)",,"",1,"normal",65,8,,,
"FB 3 - Upper","20 Nov 2025, 17:27","20 Nov 2025, 18:43","","Shoulder Press (Machine Plates)",,"",2,"normal",65,8,,,
"FB 3 - Upper","20 Nov 2025, 17:27","20 Nov 2025, 18:43","","Lat Pulldown (Cable)",,"",0,"normal",87,10,,,
"FB 3 - Upper","20 Nov 2025, 17:27","20 Nov 2025, 18:43","","Lat Pulldown (Cable)",,"",1,"normal",87,8,,,
"FB 3 - Upper","20 Nov 2025, 17:27","20 Nov 2025, 18:43","","Lat Pulldown (Cable)",,"",2,"normal",77,12,,,
"FB 3 - Upper","20 Nov 2025, 17:27","20 Nov 2025, 18:43","","Butterfly (Pec Deck)",,"",0,"normal",68,10,,,
"FB 3 - Upper","20 Nov 2025, 17:27","20 Nov 2025, 18:43","","Butterfly (Pec Deck)",,"",1,"normal",68,10,,,
"FB 3 - Upper","20 Nov 2025, 17:27","20 Nov 2025, 18:43","","Butterfly (Pec Deck)",,"",2,"normal",68,8,,,
"FB 3 - Upper","20 Nov 2025, 17:27","20 Nov 2025, 18:43","","Lateral Raise (Cable)",,"",0,"normal",7.5,10,,,
"FB 3 - Upper","20 Nov 2025, 17:27","20 Nov 2025, 18:43","","Lateral Raise (Cable)",,"",1,"normal",6.25,12,,,
"Legs","19 Nov 2025, 23:37","20 Nov 2025, 00:28","","Romanian Deadlift (Barbell)",,"",0,"normal",90,10,,,
"Legs","19 Nov 2025, 23:37","20 Nov 2025, 00:28","","Romanian Deadlift (Barbell)",,"",1,"normal",90,8,,,
"Legs","19 Nov 2025, 23:37","20 Nov 2025, 00:28","","Romanian Deadlift (Barbell)",,"",2,"normal",80,8,,,
"Legs","19 Nov 2025, 23:37","20 Nov 2025, 00:28","","Squat (Smith Machine)",,"",0,"normal",60,8,,,
"Legs","19 Nov 2025, 23:37","20 Nov 2025, 00:28","","Squat (Smith Machine)",,"",1,"normal",60,8,,,
"Legs","19 Nov 2025, 23:37","20 Nov 2025, 00:28","","Squat (Smith Machine)",,"",2,"normal",60,6,,,
"Legs","19 Nov 2025, 23:37","20 Nov 2025, 00:28","","Standing Calf Raise (Machine)",,"",0,"normal",105,12,,,
"Legs","19 Nov 2025, 23:37","20 Nov 2025, 00:28","","Standing Calf Raise (Machine)",,"",1,"normal",105,12,,,
"Legs","19 Nov 2025, 23:37","20 Nov 2025, 00:28","","Leg Extension (Machine)",,"",0,"normal",103,10,,,
"Legs","19 Nov 2025, 23:37","20 Nov 2025, 00:28","","Leg Extension (Machine)",,"",1,"normal",103,10,,,
"Legs","19 Nov 2025, 23:37","20 Nov 2025, 00:28","","Seated Leg Curl (Machine)",,"",0,"normal",89,10,,,
"Legs","19 Nov 2025, 23:37","20 Nov 2025, 00:28","","Seated Leg Curl (Machine)",,"",1,"normal",82,10,,,
"FB 2 - Pull","18 Nov 2025, 17:34","18 Nov 2025, 18:41","","Pull Up (Weighted)",,"",0,"normal",25,9,,,
"FB 2 - Pull","18 Nov 2025, 17:34","18 Nov 2025, 18:41","","Pull Up (Weighted)",,"",1,"normal",25,8,,,
"FB 2 - Pull","18 Nov 2025, 17:34","18 Nov 2025, 18:41","","Iso-Lateral Row (Machine)",,"",0,"normal",115,12,,,
"FB 2 - Pull","18 Nov 2025, 17:34","18 Nov 2025, 18:41","","Iso-Lateral Row (Machine)",,"",1,"normal",115,10,,,
"FB 2 - Pull","18 Nov 2025, 17:34","18 Nov 2025, 18:41","","Iso-Lateral Row (Machine)",,"",2,"normal",105,12,,,
"FB 2 - Pull","18 Nov 2025, 17:34","18 Nov 2025, 18:41","","Shoulder Press (Machine Plates)",,"",0,"normal",65,12,,,
"FB 2 - Pull","18 Nov 2025, 17:34","18 Nov 2025, 18:41","","Shoulder Press (Machine Plates)",,"",1,"normal",65,8,,,
"FB 2 - Pull","18 Nov 2025, 17:34","18 Nov 2025, 18:41","","Shoulder Press (Machine Plates)",,"",2,"normal",65,7,,,
"FB 2 - Pull","18 Nov 2025, 17:34","18 Nov 2025, 18:41","","Preacher Curl (Machine)",,"",0,"normal",81,10,,,
"FB 2 - Pull","18 Nov 2025, 17:34","18 Nov 2025, 18:41","","Preacher Curl (Machine)",,"",1,"normal",81,6,,,
"FB 2 - Pull","18 Nov 2025, 17:34","18 Nov 2025, 18:41","","Preacher Curl (Machine)",,"",2,"normal",81,6,,,
"FB 2 - Pull","18 Nov 2025, 17:34","18 Nov 2025, 18:41","","Lat Pulldown (Cable)",,"",0,"normal",87,10,,,
"FB 2 - Pull","18 Nov 2025, 17:34","18 Nov 2025, 18:41","","Lat Pulldown (Cable)",,"",1,"normal",77,12,,,
"FB 2 - Pull","18 Nov 2025, 17:34","18 Nov 2025, 18:41","","Lat Pulldown (Cable)",,"",2,"normal",77,12,,,
"FB 2 - Pull","18 Nov 2025, 17:34","18 Nov 2025, 18:41","","Rear Delt Reverse Fly (Machine)",,"",0,"normal",61,12,,,
"FB 2 - Pull","18 Nov 2025, 17:34","18 Nov 2025, 18:41","","Rear Delt Reverse Fly (Machine)",,"",1,"normal",54,14,,,
"FB 2 - Pull","18 Nov 2025, 17:34","18 Nov 2025, 18:41","","Rear Delt Reverse Fly (Machine)",,"",2,"normal",54,12,,,
"FB 1 - Push","17 Nov 2025, 17:24","17 Nov 2025, 18:46","","Incline Bench Press (Dumbbell)",,"",0,"normal",52,11,,,
"FB 1 - Push","17 Nov 2025, 17:24","17 Nov 2025, 18:46","","Incline Bench Press (Dumbbell)",,"",1,"normal",48,10,,,
"FB 1 - Push","17 Nov 2025, 17:24","17 Nov 2025, 18:46","","Incline Bench Press (Dumbbell)",,"",2,"normal",48,9,,,
"FB 1 - Push","17 Nov 2025, 17:24","17 Nov 2025, 18:46","","Shrug (Machine)",,"",0,"normal",100,15,,,
"FB 1 - Push","17 Nov 2025, 17:24","17 Nov 2025, 18:46","","Shrug (Machine)",,"",1,"normal",100,15,,,
"FB 1 - Push","17 Nov 2025, 17:24","17 Nov 2025, 18:46","","Shrug (Machine)",,"",2,"normal",100,12,,,
"FB 1 - Push","17 Nov 2025, 17:24","17 Nov 2025, 18:46","","Flat iso-Lateral Press",,"",0,"normal",88,8,,,
"FB 1 - Push","17 Nov 2025, 17:24","17 Nov 2025, 18:46","","Flat iso-Lateral Press",,"",1,"normal",78,9,,,
"FB 1 - Push","17 Nov 2025, 17:24","17 Nov 2025, 18:46","","Flat iso-Lateral Press",,"",2,"normal",78,8,,,
"FB 1 - Push","17 Nov 2025, 17:24","17 Nov 2025, 18:46","","Skullcrusher (Barbell)",,"",0,"normal",30,11,,,
"FB 1 - Push","17 Nov 2025, 17:24","17 Nov 2025, 18:46","","Skullcrusher (Barbell)",,"",1,"normal",25,12,,,
"FB 1 - Push","17 Nov 2025, 17:24","17 Nov 2025, 18:46","","Skullcrusher (Barbell)",,"",2,"normal",25,19,,,
"FB 1 - Push","17 Nov 2025, 17:24","17 Nov 2025, 18:46","","Iso-Lateral Chest Press (Machine)",,"",0,"normal",73,12,,,
"FB 1 - Push","17 Nov 2025, 17:24","17 Nov 2025, 18:46","","Iso-Lateral Chest Press (Machine)",,"",1,"normal",63,12,,,
"FB 1 - Push","17 Nov 2025, 17:24","17 Nov 2025, 18:46","","Lateral Raise (Cable)",,"",0,"normal",7.5,8,,,
"FB 1 - Push","17 Nov 2025, 17:24","17 Nov 2025, 18:46","","Lateral Raise (Cable)",,"",1,"normal",6.25,12,,,
"FB 1 - Push","17 Nov 2025, 17:24","17 Nov 2025, 18:46","","Lateral Raise (Cable)",,"",2,"normal",6.25,10,,,
"FB 1 - Push","17 Nov 2025, 17:24","17 Nov 2025, 18:46","","Triceps Pushdown",,"",0,"normal",35,8,,,
"FB 1 - Push","17 Nov 2025, 17:24","17 Nov 2025, 18:46","","Triceps Pushdown",,"",1,"normal",31.5,12,,,
"sharms after dark","16 Nov 2025, 07:17","16 Nov 2025, 08:48","","Shoulder Press (Machine Plates)",,"",0,"normal",65,12,,,
"sharms after dark","16 Nov 2025, 07:17","16 Nov 2025, 08:48","","Shoulder Press (Machine Plates)",,"",1,"normal",65,10,,,
"sharms after dark","16 Nov 2025, 07:17","16 Nov 2025, 08:48","","Shoulder Press (Machine Plates)",,"",2,"normal",65,7,,,
"sharms after dark","16 Nov 2025, 07:17","16 Nov 2025, 08:48","","Preacher Curl (Machine)",,"",0,"normal",95,8,,,
"sharms after dark","16 Nov 2025, 07:17","16 Nov 2025, 08:48","","Preacher Curl (Machine)",,"",1,"normal",81,9,,,
"sharms after dark","16 Nov 2025, 07:17","16 Nov 2025, 08:48","","Preacher Curl (Machine)",,"",2,"normal",74,10,,,
"sharms after dark","16 Nov 2025, 07:17","16 Nov 2025, 08:48","","Triceps Extension (Cable)",,"Tried 3 grips, V bar best",0,"normal",24.5,9,,,
"sharms after dark","16 Nov 2025, 07:17","16 Nov 2025, 08:48","","Triceps Extension (Cable)",,"Tried 3 grips, V bar best",1,"normal",17.5,8,,,
"sharms after dark","16 Nov 2025, 07:17","16 Nov 2025, 08:48","","Triceps Extension (Cable)",,"Tried 3 grips, V bar best",2,"normal",21,10,,,
"sharms after dark","16 Nov 2025, 07:17","16 Nov 2025, 08:48","","Triceps Extension (Cable)",,"Tried 3 grips, V bar best",3,"normal",21,9,,,
"sharms after dark","16 Nov 2025, 07:17","16 Nov 2025, 08:48","","Rear Delt Reverse Fly (Machine)",,"",0,"normal",61,12,,,
"sharms after dark","16 Nov 2025, 07:17","16 Nov 2025, 08:48","","Rear Delt Reverse Fly (Machine)",,"",1,"normal",54,14,,,
"sharms after dark","16 Nov 2025, 07:17","16 Nov 2025, 08:48","","Rear Delt Reverse Fly (Machine)",,"",2,"normal",54,12,,,
"sharms after dark","16 Nov 2025, 07:17","16 Nov 2025, 08:48","","Hammer Curl (Dumbbell)",,"",0,"normal",32,10,,,
"sharms after dark","16 Nov 2025, 07:17","16 Nov 2025, 08:48","","Hammer Curl (Dumbbell)",,"",1,"normal",32,8,,,
"sharms after dark","16 Nov 2025, 07:17","16 Nov 2025, 08:48","","Triceps Pushdown",,"",0,"normal",35,8,,,
"sharms after dark","16 Nov 2025, 07:17","16 Nov 2025, 08:48","","Triceps Pushdown",,"",1,"normal",31.5,12,,,
"sharms after dark","16 Nov 2025, 07:17","16 Nov 2025, 08:48","","Triceps Pushdown",,"",2,"normal",31.5,12,,,
"sharms after dark","16 Nov 2025, 07:17","16 Nov 2025, 08:48","","Lateral Raise (Cable)",,"",0,"normal",7.5,8,,,
"sharms after dark","16 Nov 2025, 07:17","16 Nov 2025, 08:48","","Lateral Raise (Cable)",,"",1,"normal",6.25,12,,,
"sharms after dark","16 Nov 2025, 07:17","16 Nov 2025, 08:48","","Lateral Raise (Cable)",,"",2,"normal",6.25,10,,,
"FB 3 - Upper","14 Nov 2025, 17:28","14 Nov 2025, 18:38","","Incline Bench Press (Smith Machine)",,"",0,"normal",70,7,,,
"FB 3 - Upper","14 Nov 2025, 17:28","14 Nov 2025, 18:38","","Incline Bench Press (Smith Machine)",,"",1,"normal",65,7,,,
"FB 3 - Upper","14 Nov 2025, 17:28","14 Nov 2025, 18:38","","Incline Bench Press (Smith Machine)",,"",2,"normal",60,10,,,
"FB 3 - Upper","14 Nov 2025, 17:28","14 Nov 2025, 18:38","","Seated Row (Machine)",,"",0,"normal",89,10,,,
"FB 3 - Upper","14 Nov 2025, 17:28","14 Nov 2025, 18:38","","Seated Row (Machine)",,"",1,"normal",89,10,,,
"FB 3 - Upper","14 Nov 2025, 17:28","14 Nov 2025, 18:38","","Seated Row (Machine)",,"",2,"normal",82,12,,,
"FB 3 - Upper","14 Nov 2025, 17:28","14 Nov 2025, 18:38","","Flat iso-Lateral Press",,"",0,"normal",78,10,,,
"FB 3 - Upper","14 Nov 2025, 17:28","14 Nov 2025, 18:38","","Flat iso-Lateral Press",,"",1,"normal",78,9,,,
"FB 3 - Upper","14 Nov 2025, 17:28","14 Nov 2025, 18:38","","Flat iso-Lateral Press",,"",2,"normal",68,10,,,
"FB 3 - Upper","14 Nov 2025, 17:28","14 Nov 2025, 18:38","","Lat Pulldown (Cable)",,"",0,"normal",87,8,,,
"FB 3 - Upper","14 Nov 2025, 17:28","14 Nov 2025, 18:38","","Lat Pulldown (Cable)",,"",1,"normal",77,11,,,
"FB 3 - Upper","14 Nov 2025, 17:28","14 Nov 2025, 18:38","","Lat Pulldown (Cable)",,"",2,"normal",77,10,,,
"FB 3 - Upper","14 Nov 2025, 17:28","14 Nov 2025, 18:38","","Butterfly (Pec Deck)",,"",0,"normal",68,10,,,
"FB 3 - Upper","14 Nov 2025, 17:28","14 Nov 2025, 18:38","","Butterfly (Pec Deck)",,"",1,"normal",61,8,,,
"FB 3 - Upper","14 Nov 2025, 17:28","14 Nov 2025, 18:38","","Butterfly (Pec Deck)",,"",2,"normal",61,12,,,
"Legs","12 Nov 2025, 23:53","13 Nov 2025, 00:52","","Romanian Deadlift (Barbell)",,"",0,"normal",90,8,,,
"Legs","12 Nov 2025, 23:53","13 Nov 2025, 00:52","","Romanian Deadlift (Barbell)",,"",1,"normal",90,8,,,
"Legs","12 Nov 2025, 23:53","13 Nov 2025, 00:52","","Romanian Deadlift (Barbell)",,"",2,"normal",80,10,,,
"Legs","12 Nov 2025, 23:53","13 Nov 2025, 00:52","","Squat (Smith Machine)",,"",0,"normal",60,8,,,
"Legs","12 Nov 2025, 23:53","13 Nov 2025, 00:52","","Squat (Smith Machine)",,"",1,"normal",60,9,,,
"Legs","12 Nov 2025, 23:53","13 Nov 2025, 00:52","","Squat (Smith Machine)",,"",2,"normal",60,6,,,
"Legs","12 Nov 2025, 23:53","13 Nov 2025, 00:52","","Plate Loaded Hip Thrust",,"",0,"normal",60,12,,,
"Legs","12 Nov 2025, 23:53","13 Nov 2025, 00:52","","Plate Loaded Hip Thrust",,"",1,"normal",100,12,,,
"Legs","12 Nov 2025, 23:53","13 Nov 2025, 00:52","","Leg Extension (Machine)",,"",0,"normal",103,10,,,
"Legs","12 Nov 2025, 23:53","13 Nov 2025, 00:52","","Leg Extension (Machine)",,"",1,"normal",103,8,,,
"Legs","12 Nov 2025, 23:53","13 Nov 2025, 00:52","","Seated Leg Curl (Machine)",,"",0,"normal",89,12,,,
"Legs","12 Nov 2025, 23:53","13 Nov 2025, 00:52","","Seated Leg Curl (Machine)",,"",1,"normal",89,10,,,
"Legs","12 Nov 2025, 23:53","13 Nov 2025, 00:52","","Standing Calf Raise (Machine)",,"",0,"normal",105,10,,,
"Legs","12 Nov 2025, 23:53","13 Nov 2025, 00:52","","Standing Calf Raise (Machine)",,"",1,"normal",105,10,,,
"FB 2 - Pull","11 Nov 2025, 17:32","11 Nov 2025, 18:48","","Pull Up (Weighted)",,"",0,"normal",25,8,,,
"FB 2 - Pull","11 Nov 2025, 17:32","11 Nov 2025, 18:48","","Pull Up (Weighted)",,"",1,"normal",25,8,,,
"FB 2 - Pull","11 Nov 2025, 17:32","11 Nov 2025, 18:48","","Iso-Lateral Row (Machine)",,"",0,"normal",115,12,,,
"FB 2 - Pull","11 Nov 2025, 17:32","11 Nov 2025, 18:48","","Iso-Lateral Row (Machine)",,"",1,"normal",115,10,,,
"FB 2 - Pull","11 Nov 2025, 17:32","11 Nov 2025, 18:48","","Iso-Lateral Row (Machine)",,"",2,"normal",105,12,,,
"FB 2 - Pull","11 Nov 2025, 17:32","11 Nov 2025, 18:48","","Seated Shoulder Press (Machine)",,"Back to normal grip",0,"normal",46,10,,,
"FB 2 - Pull","11 Nov 2025, 17:32","11 Nov 2025, 18:48","","Seated Shoulder Press (Machine)",,"Back to normal grip",1,"normal",46,8,,,
"FB 2 - Pull","11 Nov 2025, 17:32","11 Nov 2025, 18:48","","Preacher Curl (Machine)",,"",0,"normal",81,10,,,
"FB 2 - Pull","11 Nov 2025, 17:32","11 Nov 2025, 18:48","","Preacher Curl (Machine)",,"",1,"normal",74,11,,,
"FB 2 - Pull","11 Nov 2025, 17:32","11 Nov 2025, 18:48","","Preacher Curl (Machine)",,"",2,"normal",74,8,,,
"FB 2 - Pull","11 Nov 2025, 17:32","11 Nov 2025, 18:48","","Lat Pulldown (Cable)",,"",0,"normal",87,8,,,
"FB 2 - Pull","11 Nov 2025, 17:32","11 Nov 2025, 18:48","","Lat Pulldown (Cable)",,"",1,"normal",77,12,,,
"FB 2 - Pull","11 Nov 2025, 17:32","11 Nov 2025, 18:48","","Lat Pulldown (Cable)",,"",2,"normal",77,10,,,
"FB 2 - Pull","11 Nov 2025, 17:32","11 Nov 2025, 18:48","","Rear Delt Reverse Fly (Machine)",,"",0,"normal",61,10,,,
"FB 2 - Pull","11 Nov 2025, 17:32","11 Nov 2025, 18:48","","Rear Delt Reverse Fly (Machine)",,"",1,"normal",54,10,,,
"FB 2 - Pull","11 Nov 2025, 17:32","11 Nov 2025, 18:48","","Rear Delt Reverse Fly (Machine)",,"",2,"normal",47,12,,,
"FB 1 - Push","10 Nov 2025, 17:27","10 Nov 2025, 18:49","","Incline Bench Press (Dumbbell)",,"",0,"normal",52,11,,,
"FB 1 - Push","10 Nov 2025, 17:27","10 Nov 2025, 18:49","","Incline Bench Press (Dumbbell)",,"",1,"normal",48,9,,,
"FB 1 - Push","10 Nov 2025, 17:27","10 Nov 2025, 18:49","","Incline Bench Press (Dumbbell)",,"",2,"normal",48,9,,,
"FB 1 - Push","10 Nov 2025, 17:27","10 Nov 2025, 18:49","","Shrug (Machine)",,"",0,"normal",100,15,,,
"FB 1 - Push","10 Nov 2025, 17:27","10 Nov 2025, 18:49","","Shrug (Machine)",,"",1,"normal",100,15,,,
"FB 1 - Push","10 Nov 2025, 17:27","10 Nov 2025, 18:49","","Shrug (Machine)",,"",2,"normal",100,12,,,
"FB 1 - Push","10 Nov 2025, 17:27","10 Nov 2025, 18:49","","Flat iso-Lateral Press",,"",0,"normal",78,11,,,
"FB 1 - Push","10 Nov 2025, 17:27","10 Nov 2025, 18:49","","Flat iso-Lateral Press",,"",1,"normal",78,8,,,
"FB 1 - Push","10 Nov 2025, 17:27","10 Nov 2025, 18:49","","Flat iso-Lateral Press",,"",2,"normal",68,9,,,
"FB 1 - Push","10 Nov 2025, 17:27","10 Nov 2025, 18:49","","Skullcrusher (Barbell)",,"",0,"normal",30,10,,,
"FB 1 - Push","10 Nov 2025, 17:27","10 Nov 2025, 18:49","","Skullcrusher (Barbell)",,"",1,"normal",25,10,,,
"FB 1 - Push","10 Nov 2025, 17:27","10 Nov 2025, 18:49","","Skullcrusher (Barbell)",,"",2,"normal",25,12,,,
"FB 1 - Push","10 Nov 2025, 17:27","10 Nov 2025, 18:49","","Lateral Raise (Cable)",,"",0,"normal",7.5,10,,,
"FB 1 - Push","10 Nov 2025, 17:27","10 Nov 2025, 18:49","","Lateral Raise (Cable)",,"",1,"normal",6.25,12,,,
"FB 1 - Push","10 Nov 2025, 17:27","10 Nov 2025, 18:49","","Lateral Raise (Cable)",,"",2,"normal",6.25,10,,,
"FB 1 - Push","10 Nov 2025, 17:27","10 Nov 2025, 18:49","","Iso-Lateral Chest Press (Machine)",,"",0,"normal",73,12,,,
"FB 1 - Push","10 Nov 2025, 17:27","10 Nov 2025, 18:49","","Iso-Lateral Chest Press (Machine)",,"",1,"normal",73,8,,,
"FB 1 - Push","10 Nov 2025, 17:27","10 Nov 2025, 18:49","","Triceps Pushdown",,"",0,"normal",31.5,12,,,
"FB 1 - Push","10 Nov 2025, 17:27","10 Nov 2025, 18:49","","Triceps Pushdown",,"",1,"normal",31.5,12,,,
"FB3 - Upper","6 Nov 2025, 17:28","6 Nov 2025, 18:31","","Incline Bench Press (Smith Machine)",,"",0,"normal",70,8,,,
"FB3 - Upper","6 Nov 2025, 17:28","6 Nov 2025, 18:31","","Incline Bench Press (Smith Machine)",,"",1,"normal",65,8,,,
"FB3 - Upper","6 Nov 2025, 17:28","6 Nov 2025, 18:31","","Incline Bench Press (Smith Machine)",,"",2,"normal",60,11,,,
"FB3 - Upper","6 Nov 2025, 17:28","6 Nov 2025, 18:31","","Lat Pulldown (Machine)",,"",0,"normal",103,12,,,
"FB3 - Upper","6 Nov 2025, 17:28","6 Nov 2025, 18:31","","Lat Pulldown (Machine)",,"",1,"normal",103,10,,,
"FB3 - Upper","6 Nov 2025, 17:28","6 Nov 2025, 18:31","","Lat Pulldown (Machine)",,"",2,"normal",103,10,,,
"FB3 - Upper","6 Nov 2025, 17:28","6 Nov 2025, 18:31","","Shoulder Press (Machine Plates)",,"",0,"normal",65,11,,,
"FB3 - Upper","6 Nov 2025, 17:28","6 Nov 2025, 18:31","","Shoulder Press (Machine Plates)",,"",1,"normal",65,9,,,
"FB3 - Upper","6 Nov 2025, 17:28","6 Nov 2025, 18:31","","Seated Row (Machine)",,"",0,"normal",89,10,,,
"FB3 - Upper","6 Nov 2025, 17:28","6 Nov 2025, 18:31","","Seated Row (Machine)",,"",1,"normal",89,10,,,
"FB3 - Upper","6 Nov 2025, 17:28","6 Nov 2025, 18:31","","Seated Row (Machine)",,"",2,"normal",82,10,,,
"FB3 - Upper","6 Nov 2025, 17:28","6 Nov 2025, 18:31","","Butterfly (Pec Deck)",,"",0,"normal",68,10,,,
"FB3 - Upper","6 Nov 2025, 17:28","6 Nov 2025, 18:31","","Butterfly (Pec Deck)",,"",1,"normal",68,8,,,
"FB3 - Upper","1 Nov 2025, 20:31","1 Nov 2025, 21:55","","Incline Bench Press (Smith Machine)",,"",0,"normal",70,8,,,
"FB3 - Upper","1 Nov 2025, 20:31","1 Nov 2025, 21:55","","Incline Bench Press (Smith Machine)",,"",1,"normal",65,9,,,
"FB3 - Upper","1 Nov 2025, 20:31","1 Nov 2025, 21:55","","Incline Bench Press (Smith Machine)",,"",2,"normal",60,10,,,
"FB3 - Upper","1 Nov 2025, 20:31","1 Nov 2025, 21:55","","Lat Pulldown (Cable)",,"",0,"normal",77,12,,,
"FB3 - Upper","1 Nov 2025, 20:31","1 Nov 2025, 21:55","","Lat Pulldown (Cable)",,"",1,"normal",77,12,,,
"FB3 - Upper","1 Nov 2025, 20:31","1 Nov 2025, 21:55","","Lat Pulldown (Cable)",,"",2,"normal",77,10,,,
"FB3 - Upper","1 Nov 2025, 20:31","1 Nov 2025, 21:55","","Seated Shoulder Press (Machine)",,"",0,"normal",46,10,,,
"FB3 - Upper","1 Nov 2025, 20:31","1 Nov 2025, 21:55","","Seated Shoulder Press (Machine)",,"",1,"normal",46,10,,,
"FB3 - Upper","1 Nov 2025, 20:31","1 Nov 2025, 21:55","","Seated Row (Machine)",,"",0,"normal",89,10,,,
"FB3 - Upper","1 Nov 2025, 20:31","1 Nov 2025, 21:55","","Seated Row (Machine)",,"",1,"normal",89,10,,,
"FB3 - Upper","1 Nov 2025, 20:31","1 Nov 2025, 21:55","","Seated Row (Machine)",,"",2,"normal",82,12,,,
"FB3 - Upper","1 Nov 2025, 20:31","1 Nov 2025, 21:55","","Flat iso-Lateral Press",,"",0,"normal",78,11,,,
"FB3 - Upper","1 Nov 2025, 20:31","1 Nov 2025, 21:55","","Flat iso-Lateral Press",,"",1,"normal",78,8,,,
"FB3 - Upper","1 Nov 2025, 20:31","1 Nov 2025, 21:55","","Flat iso-Lateral Press",,"",2,"normal",68,10,,,
"FB3 - Upper","1 Nov 2025, 20:31","1 Nov 2025, 21:55","","Lateral Raise (Cable)",,"",0,"normal",7.5,10,,,
"FB3 - Upper","1 Nov 2025, 20:31","1 Nov 2025, 21:55","","Lateral Raise (Cable)",,"",1,"normal",6.25,10,,,
"Legs + Sharms","31 Oct 2025, 02:36","31 Oct 2025, 03:44","","Romanian Deadlift (Barbell)",,"",0,"normal",80,12,,,
"Legs + Sharms","31 Oct 2025, 02:36","31 Oct 2025, 03:44","","Romanian Deadlift (Barbell)",,"",1,"normal",80,10,,,
"Legs + Sharms","31 Oct 2025, 02:36","31 Oct 2025, 03:44","","Squat (Smith Machine)",,"",0,"normal",70,6,,,
"Legs + Sharms","31 Oct 2025, 02:36","31 Oct 2025, 03:44","","Squat (Smith Machine)",,"",1,"normal",60,8,,,
"Legs + Sharms","31 Oct 2025, 02:36","31 Oct 2025, 03:44","","Squat (Smith Machine)",,"",2,"normal",60,6,,,
"Legs + Sharms","31 Oct 2025, 02:36","31 Oct 2025, 03:44","","Seated Shoulder Press (Machine)",,"",0,"normal",46,11,,,
"Legs + Sharms","31 Oct 2025, 02:36","31 Oct 2025, 03:44","","Seated Shoulder Press (Machine)",,"",1,"normal",46,10,,,
"Legs + Sharms","31 Oct 2025, 02:36","31 Oct 2025, 03:44","","Seated Shoulder Press (Machine)",,"",2,"normal",46,7,,,
"Legs + Sharms","31 Oct 2025, 02:36","31 Oct 2025, 03:44","","Leg Extension (Machine)",,"",0,"normal",103,10,,,
"Legs + Sharms","31 Oct 2025, 02:36","31 Oct 2025, 03:44","","Leg Extension (Machine)",,"",1,"normal",103,10,,,
"Legs + Sharms","31 Oct 2025, 02:36","31 Oct 2025, 03:44","","Seated Leg Curl (Machine)",,"",0,"normal",89,12,,,
"Legs + Sharms","31 Oct 2025, 02:36","31 Oct 2025, 03:44","","Seated Leg Curl (Machine)",,"",1,"normal",89,10,,,
"Legs + Sharms","31 Oct 2025, 02:36","31 Oct 2025, 03:44","","Triceps Extension (Cable)",,"",0,"normal",31.5,12,,,
"Legs + Sharms","31 Oct 2025, 02:36","31 Oct 2025, 03:44","","Triceps Extension (Cable)",,"",1,"normal",31.5,10,,,
"Legs + Sharms","31 Oct 2025, 02:36","31 Oct 2025, 03:44","","Triceps Extension (Cable)",,"",2,"normal",28,12,,,
"Legs + Sharms","31 Oct 2025, 02:36","31 Oct 2025, 03:44","","Preacher Curl (Machine)",,"",0,"normal",81,8,,,
"Legs + Sharms","31 Oct 2025, 02:36","31 Oct 2025, 03:44","","Preacher Curl (Machine)",,"",1,"normal",74,11,,,
"FB 2 - Pull","29 Oct 2025, 02:53","29 Oct 2025, 04:12","","Pull Up (Weighted)",,"",0,"normal",25,10,,,
"FB 2 - Pull","29 Oct 2025, 02:53","29 Oct 2025, 04:12","","Pull Up (Weighted)",,"",1,"normal",25,8,,,
"FB 2 - Pull","29 Oct 2025, 02:53","29 Oct 2025, 04:12","","Iso-Lateral Row (Machine)",,"",0,"normal",115,12,,,
"FB 2 - Pull","29 Oct 2025, 02:53","29 Oct 2025, 04:12","","Iso-Lateral Row (Machine)",,"",1,"normal",115,10,,,
"FB 2 - Pull","29 Oct 2025, 02:53","29 Oct 2025, 04:12","","Iso-Lateral Row (Machine)",,"",2,"normal",105,12,,,
"FB 2 - Pull","29 Oct 2025, 02:53","29 Oct 2025, 04:12","","Shoulder Press (Machine Plates)",,"",0,"normal",65,11,,,
"FB 2 - Pull","29 Oct 2025, 02:53","29 Oct 2025, 04:12","","Shoulder Press (Machine Plates)",,"",1,"normal",65,9,,,
"FB 2 - Pull","29 Oct 2025, 02:53","29 Oct 2025, 04:12","","Shoulder Press (Machine Plates)",,"",2,"normal",55,11,,,
"FB 2 - Pull","29 Oct 2025, 02:53","29 Oct 2025, 04:12","","Lying Leg Curl (Machine)",,"",0,"normal",53,12,,,
"FB 2 - Pull","29 Oct 2025, 02:53","29 Oct 2025, 04:12","","Lying Leg Curl (Machine)",,"",1,"normal",53,10,,,
"FB 2 - Pull","29 Oct 2025, 02:53","29 Oct 2025, 04:12","","Preacher Curl (Machine)",,"",0,"normal",81,8,,,
"FB 2 - Pull","29 Oct 2025, 02:53","29 Oct 2025, 04:12","","Preacher Curl (Machine)",,"",1,"normal",74,11,,,
"FB 2 - Pull","29 Oct 2025, 02:53","29 Oct 2025, 04:12","","Preacher Curl (Machine)",,"",2,"normal",74,11,,,
"FB 2 - Pull","29 Oct 2025, 02:53","29 Oct 2025, 04:12","","Hammer Strength Pulldown (Plate Loaded)",,"",0,"normal",63,10,,,
"FB 2 - Pull","29 Oct 2025, 02:53","29 Oct 2025, 04:12","","Hammer Strength Pulldown (Plate Loaded)",,"",1,"normal",63,10,,,
"FB 2 - Pull","29 Oct 2025, 02:53","29 Oct 2025, 04:12","","Hammer Strength Pulldown (Plate Loaded)",,"",2,"normal",63,10,,,
"FB 1 - Push","28 Oct 2025, 02:38","28 Oct 2025, 04:11","","Incline Bench Press (Barbell)",,"",0,"normal",60,12,,,
"FB 1 - Push","28 Oct 2025, 02:38","28 Oct 2025, 04:11","","Incline Bench Press (Barbell)",,"",1,"normal",60,9,,,
"FB 1 - Push","28 Oct 2025, 02:38","28 Oct 2025, 04:11","","Incline Bench Press (Barbell)",,"",2,"normal",60,9,,,
"FB 1 - Push","28 Oct 2025, 02:38","28 Oct 2025, 04:11","","Leg Extension (Machine)",,"",0,"normal",103,12,,,
"FB 1 - Push","28 Oct 2025, 02:38","28 Oct 2025, 04:11","","Leg Extension (Machine)",,"",1,"normal",103,12,,,
"FB 1 - Push","28 Oct 2025, 02:38","28 Oct 2025, 04:11","","Leg Extension (Machine)",,"",2,"normal",96,10,,,
"FB 1 - Push","28 Oct 2025, 02:38","28 Oct 2025, 04:11","","Shrug (Machine)",,"",0,"normal",100,15,,,
"FB 1 - Push","28 Oct 2025, 02:38","28 Oct 2025, 04:11","","Shrug (Machine)",,"",1,"normal",100,15,,,
"FB 1 - Push","28 Oct 2025, 02:38","28 Oct 2025, 04:11","","Flat iso-Lateral Press",,"",0,"normal",78,10,,,
"FB 1 - Push","28 Oct 2025, 02:38","28 Oct 2025, 04:11","","Flat iso-Lateral Press",,"",1,"normal",78,8,,,
"FB 1 - Push","28 Oct 2025, 02:38","28 Oct 2025, 04:11","","Flat iso-Lateral Press",,"",2,"normal",68,10,,,
"FB 1 - Push","28 Oct 2025, 02:38","28 Oct 2025, 04:11","","Skullcrusher (Barbell)",,"",0,"normal",30,10,,,
"FB 1 - Push","28 Oct 2025, 02:38","28 Oct 2025, 04:11","","Skullcrusher (Barbell)",,"",1,"normal",30,9,,,
"FB 1 - Push","28 Oct 2025, 02:38","28 Oct 2025, 04:11","","Skullcrusher (Barbell)",,"",2,"normal",25,10,,,
"FB 1 - Push","28 Oct 2025, 02:38","28 Oct 2025, 04:11","","Standing Calf Raise (Machine)",,"",0,"normal",105,15,,,
"FB 1 - Push","28 Oct 2025, 02:38","28 Oct 2025, 04:11","","Standing Calf Raise (Machine)",,"",1,"normal",105,12,,,
"FB 1 - Push","28 Oct 2025, 02:38","28 Oct 2025, 04:11","","Lateral Raise (Cable)",,"",0,"normal",7.5,10,,,
"FB 1 - Push","28 Oct 2025, 02:38","28 Oct 2025, 04:11","","Lateral Raise (Cable)",,"",1,"normal",6.25,12,,,
"FB 1 - Push","28 Oct 2025, 02:38","28 Oct 2025, 04:11","","Triceps Pushdown",,"",0,"normal",35,12,,,
"FB 1 - Push","28 Oct 2025, 02:38","28 Oct 2025, 04:11","","Triceps Pushdown",,"",1,"normal",35,10,,,
"FB 1 - Push","28 Oct 2025, 02:38","28 Oct 2025, 04:11","","Triceps Pushdown",,"",2,"normal",28,10,,,
"FB3 - Upper","25 Oct 2025, 21:55","25 Oct 2025, 23:16","","Incline Bench Press (Smith Machine)",,"",0,"normal",70,8,,,
"FB3 - Upper","25 Oct 2025, 21:55","25 Oct 2025, 23:16","","Incline Bench Press (Smith Machine)",,"",1,"normal",65,9,,,
"FB3 - Upper","25 Oct 2025, 21:55","25 Oct 2025, 23:16","","Incline Bench Press (Smith Machine)",,"",2,"normal",60,10,,,
"FB3 - Upper","25 Oct 2025, 21:55","25 Oct 2025, 23:16","","Lat Pulldown (Machine)",,"",0,"normal",110,12,,,
"FB3 - Upper","25 Oct 2025, 21:55","25 Oct 2025, 23:16","","Lat Pulldown (Machine)",,"",1,"normal",110,10,,,
"FB3 - Upper","25 Oct 2025, 21:55","25 Oct 2025, 23:16","","Lat Pulldown (Machine)",,"",2,"normal",103,12,,,
"FB3 - Upper","25 Oct 2025, 21:55","25 Oct 2025, 23:16","","Seated Shoulder Press (Machine)",,"",0,"normal",46,12,,,
"FB3 - Upper","25 Oct 2025, 21:55","25 Oct 2025, 23:16","","Seated Shoulder Press (Machine)",,"",1,"normal",46,10,,,
"FB3 - Upper","25 Oct 2025, 21:55","25 Oct 2025, 23:16","","Seated Row (Machine)",,"",0,"normal",89,10,,,
"FB3 - Upper","25 Oct 2025, 21:55","25 Oct 2025, 23:16","","Seated Row (Machine)",,"",1,"normal",89,10,,,
"FB3 - Upper","25 Oct 2025, 21:55","25 Oct 2025, 23:16","","Seated Row (Machine)",,"",2,"normal",82,12,,,
"FB3 - Upper","25 Oct 2025, 21:55","25 Oct 2025, 23:16","","Butterfly (Pec Deck)",,"",0,"normal",68,10,,,
"FB3 - Upper","25 Oct 2025, 21:55","25 Oct 2025, 23:16","","Butterfly (Pec Deck)",,"",1,"normal",61,12,,,
"FB3 - Upper","25 Oct 2025, 21:55","25 Oct 2025, 23:16","","Butterfly (Pec Deck)",,"",2,"normal",61,10,,,
"FB3 - Upper","25 Oct 2025, 21:55","25 Oct 2025, 23:16","","Lateral Raise (Cable)",,"",0,"normal",7.5,10,,,
"FB3 - Upper","25 Oct 2025, 21:55","25 Oct 2025, 23:16","","Lateral Raise (Cable)",,"",1,"normal",6.25,12,,,
"Legs + Sharms","24 Oct 2025, 02:40","24 Oct 2025, 03:47","","Romanian Deadlift (Barbell)",,"",0,"normal",80,12,,,
"Legs + Sharms","24 Oct 2025, 02:40","24 Oct 2025, 03:47","","Romanian Deadlift (Barbell)",,"",1,"normal",80,10,,,
"Legs + Sharms","24 Oct 2025, 02:40","24 Oct 2025, 03:47","","Squat (Smith Machine)",,"",0,"normal",60,8,,,
"Legs + Sharms","24 Oct 2025, 02:40","24 Oct 2025, 03:47","","Squat (Smith Machine)",,"",1,"normal",60,8,,,
"Legs + Sharms","24 Oct 2025, 02:40","24 Oct 2025, 03:47","","Squat (Smith Machine)",,"",2,"normal",60,6,,,
"Legs + Sharms","24 Oct 2025, 02:40","24 Oct 2025, 03:47","","Seated Shoulder Press (Machine)",,"",0,"normal",46,10,,,
"Legs + Sharms","24 Oct 2025, 02:40","24 Oct 2025, 03:47","","Seated Shoulder Press (Machine)",,"",1,"normal",46,10,,,
"Legs + Sharms","24 Oct 2025, 02:40","24 Oct 2025, 03:47","","Seated Shoulder Press (Machine)",,"",2,"normal",46,8,,,
"Legs + Sharms","24 Oct 2025, 02:40","24 Oct 2025, 03:47","","Standing Calf Raise (Machine)",,"",0,"normal",105,15,,,
"Legs + Sharms","24 Oct 2025, 02:40","24 Oct 2025, 03:47","","Standing Calf Raise (Machine)",,"",1,"normal",105,15,,,
"Legs + Sharms","24 Oct 2025, 02:40","24 Oct 2025, 03:47","","Preacher Curl (Machine)",,"",0,"normal",95,6,,,
"Legs + Sharms","24 Oct 2025, 02:40","24 Oct 2025, 03:47","","Preacher Curl (Machine)",,"",1,"normal",88,8,,,
"Legs + Sharms","24 Oct 2025, 02:40","24 Oct 2025, 03:47","","Preacher Curl (Machine)",,"",2,"normal",81,8,,,
"Legs + Sharms","24 Oct 2025, 02:40","24 Oct 2025, 03:47","","Leg Extension (Machine)",,"",0,"normal",96,12,,,
"Legs + Sharms","24 Oct 2025, 02:40","24 Oct 2025, 03:47","","Leg Extension (Machine)",,"",1,"normal",96,12,,,
"Legs + Sharms","24 Oct 2025, 02:40","24 Oct 2025, 03:47","","Seated Leg Curl (Machine)",,"",0,"normal",89,10,,,
"Legs + Sharms","24 Oct 2025, 02:40","24 Oct 2025, 03:47","","Seated Leg Curl (Machine)",,"",1,"normal",89,10,,,
"Legs + Sharms","24 Oct 2025, 02:40","24 Oct 2025, 03:47","","Triceps Extension (Cable)",,"",0,"normal",31.5,12,,,
"Legs + Sharms","24 Oct 2025, 02:40","24 Oct 2025, 03:47","","Triceps Extension (Cable)",,"",1,"normal",31.5,10,,,
"FB 2 - Pull","22 Oct 2025, 02:32","22 Oct 2025, 03:55","","Pull Up (Weighted)",,"",0,"normal",25,10,,,
"FB 2 - Pull","22 Oct 2025, 02:32","22 Oct 2025, 03:55","","Pull Up (Weighted)",,"",1,"normal",25,8,,,
"FB 2 - Pull","22 Oct 2025, 02:32","22 Oct 2025, 03:55","","Pull Up (Weighted)",,"",2,"normal",15,11,,,
"FB 2 - Pull","22 Oct 2025, 02:32","22 Oct 2025, 03:55","","Iso-Lateral Row (Machine)",,"",0,"normal",115,12,,,
"FB 2 - Pull","22 Oct 2025, 02:32","22 Oct 2025, 03:55","","Iso-Lateral Row (Machine)",,"",1,"normal",115,10,,,
"FB 2 - Pull","22 Oct 2025, 02:32","22 Oct 2025, 03:55","","Iso-Lateral Row (Machine)",,"",2,"normal",105,12,,,
"FB 2 - Pull","22 Oct 2025, 02:32","22 Oct 2025, 03:55","","Shoulder Press (Machine Plates)",,"",0,"normal",65,12,,,
"FB 2 - Pull","22 Oct 2025, 02:32","22 Oct 2025, 03:55","","Shoulder Press (Machine Plates)",,"",1,"normal",65,9,,,
"FB 2 - Pull","22 Oct 2025, 02:32","22 Oct 2025, 03:55","","Shoulder Press (Machine Plates)",,"",2,"normal",55,10,,,
"FB 2 - Pull","22 Oct 2025, 02:32","22 Oct 2025, 03:55","","Shrug (Machine)",,"",0,"normal",100,15,,,
"FB 2 - Pull","22 Oct 2025, 02:32","22 Oct 2025, 03:55","","Shrug (Machine)",,"",1,"normal",100,15,,,
"FB 2 - Pull","22 Oct 2025, 02:32","22 Oct 2025, 03:55","","Preacher Curl (Machine)",,"",0,"normal",81,10,,,
"FB 2 - Pull","22 Oct 2025, 02:32","22 Oct 2025, 03:55","","Preacher Curl (Machine)",,"",1,"normal",74,10,,,
"FB 2 - Pull","22 Oct 2025, 02:32","22 Oct 2025, 03:55","","Preacher Curl (Machine)",,"",2,"normal",74,8,,,
"FB 2 - Pull","22 Oct 2025, 02:32","22 Oct 2025, 03:55","","Lat Pulldown (Cable)",,"",0,"normal",77,10,,,
"FB 2 - Pull","22 Oct 2025, 02:32","22 Oct 2025, 03:55","","Lat Pulldown (Cable)",,"",1,"normal",77,10,,,
"FB 2 - Pull","22 Oct 2025, 02:32","22 Oct 2025, 03:55","","Lat Pulldown (Cable)",,"",2,"normal",67,12,,,
"FB 1 - Push","21 Oct 2025, 02:44","21 Oct 2025, 04:01","","Incline Bench Press (Barbell)",,"",0,"normal",60,11,,,
"FB 1 - Push","21 Oct 2025, 02:44","21 Oct 2025, 04:01","","Incline Bench Press (Barbell)",,"",1,"normal",60,9,,,
"FB 1 - Push","21 Oct 2025, 02:44","21 Oct 2025, 04:01","","Incline Bench Press (Barbell)",,"",2,"normal",60,7,,,
"FB 1 - Push","21 Oct 2025, 02:44","21 Oct 2025, 04:01","","Leg Extension (Machine)",,"",0,"normal",103,12,,,
"FB 1 - Push","21 Oct 2025, 02:44","21 Oct 2025, 04:01","","Leg Extension (Machine)",,"",1,"normal",103,12,,,
"FB 1 - Push","21 Oct 2025, 02:44","21 Oct 2025, 04:01","","Flat iso-Lateral Press",,"",0,"normal",78,10,,,
"FB 1 - Push","21 Oct 2025, 02:44","21 Oct 2025, 04:01","","Flat iso-Lateral Press",,"",1,"normal",78,8,,,
"FB 1 - Push","21 Oct 2025, 02:44","21 Oct 2025, 04:01","","Flat iso-Lateral Press",,"",2,"normal",68,12,,,
"FB 1 - Push","21 Oct 2025, 02:44","21 Oct 2025, 04:01","","Skullcrusher (Barbell)",,"",0,"normal",30,8,,,
"FB 1 - Push","21 Oct 2025, 02:44","21 Oct 2025, 04:01","","Skullcrusher (Barbell)",,"",1,"normal",25,12,,,
"FB 1 - Push","21 Oct 2025, 02:44","21 Oct 2025, 04:01","","Triceps Pushdown",,"",0,"normal",35,10,,,
"FB 1 - Push","21 Oct 2025, 02:44","21 Oct 2025, 04:01","","Triceps Pushdown",,"",1,"normal",35,10,,,
"FB 1 - Push","21 Oct 2025, 02:44","21 Oct 2025, 04:01","","Lateral Raise (Cable)",,"",0,"normal",6.25,12,,,
"FB 1 - Push","21 Oct 2025, 02:44","21 Oct 2025, 04:01","","Lateral Raise (Cable)",,"",1,"normal",6.25,12,,,
"FB 1 - Push","21 Oct 2025, 02:44","21 Oct 2025, 04:01","","Crunch (Machine)",,"",0,"normal",45,8,,,
"FB 1 - Push","21 Oct 2025, 02:44","21 Oct 2025, 04:01","","Crunch (Machine)",,"",1,"normal",40,8,,,
"FB3 - Upper","19 Oct 2025, 01:01","19 Oct 2025, 02:24","","Incline Bench Press (Smith Machine)",,"",0,"normal",60,12,,,
"FB3 - Upper","19 Oct 2025, 01:01","19 Oct 2025, 02:24","","Incline Bench Press (Smith Machine)",,"",1,"normal",60,10,,,
"FB3 - Upper","19 Oct 2025, 01:01","19 Oct 2025, 02:24","","Incline Bench Press (Smith Machine)",,"",2,"normal",60,10,,,
"FB3 - Upper","19 Oct 2025, 01:01","19 Oct 2025, 02:24","","Seated Row (Machine)",,"",0,"normal",89,10,,,
"FB3 - Upper","19 Oct 2025, 01:01","19 Oct 2025, 02:24","","Seated Row (Machine)",,"",1,"normal",89,10,,,
"FB3 - Upper","19 Oct 2025, 01:01","19 Oct 2025, 02:24","","Seated Row (Machine)",,"",2,"normal",82,12,,,
"FB3 - Upper","19 Oct 2025, 01:01","19 Oct 2025, 02:24","","Flat iso-Lateral Press",,"",0,"normal",78,10,,,
"FB3 - Upper","19 Oct 2025, 01:01","19 Oct 2025, 02:24","","Flat iso-Lateral Press",,"",1,"normal",78,8,,,
"FB3 - Upper","19 Oct 2025, 01:01","19 Oct 2025, 02:24","","Flat iso-Lateral Press",,"",2,"normal",68,11,,,
"FB3 - Upper","19 Oct 2025, 01:01","19 Oct 2025, 02:24","","Lat Pulldown (Machine)",,"",0,"normal",103,12,,,
"FB3 - Upper","19 Oct 2025, 01:01","19 Oct 2025, 02:24","","Lat Pulldown (Machine)",,"",1,"normal",103,10,,,
"FB3 - Upper","19 Oct 2025, 01:01","19 Oct 2025, 02:24","","Lat Pulldown (Machine)",,"",2,"normal",103,10,,,
"FB3 - Upper","19 Oct 2025, 01:01","19 Oct 2025, 02:24","","Seated Shoulder Press (Machine)",,"",0,"normal",46,10,,,
"FB3 - Upper","19 Oct 2025, 01:01","19 Oct 2025, 02:24","","Seated Shoulder Press (Machine)",,"",1,"normal",46,8,,,
"FB3 - Upper","19 Oct 2025, 01:01","19 Oct 2025, 02:24","","Lateral Raise (Cable)",,"",0,"normal",6.25,12,,,
"FB3 - Upper","19 Oct 2025, 01:01","19 Oct 2025, 02:24","","Lateral Raise (Cable)",,"",1,"normal",6.25,12,,,
"Legs + Arms","17 Oct 2025, 02:56","17 Oct 2025, 04:17","","Romanian Deadlift (Barbell)",,"",0,"normal",80,12,,,
"Legs + Arms","17 Oct 2025, 02:56","17 Oct 2025, 04:17","","Romanian Deadlift (Barbell)",,"",1,"normal",80,10,,,
"Legs + Arms","17 Oct 2025, 02:56","17 Oct 2025, 04:17","","Leg Press Horizontal (Machine)",,"",0,"normal",125,8,,,
"Legs + Arms","17 Oct 2025, 02:56","17 Oct 2025, 04:17","","Leg Press Horizontal (Machine)",,"",1,"normal",115,10,,,
"Legs + Arms","17 Oct 2025, 02:56","17 Oct 2025, 04:17","","Leg Press Horizontal (Machine)",,"",2,"normal",115,10,,,
"Legs + Arms","17 Oct 2025, 02:56","17 Oct 2025, 04:17","","Preacher Curl (Machine)",,"",0,"normal",95,8,,,
"Legs + Arms","17 Oct 2025, 02:56","17 Oct 2025, 04:17","","Preacher Curl (Machine)",,"",1,"normal",74,10,,,
"Legs + Arms","17 Oct 2025, 02:56","17 Oct 2025, 04:17","","Preacher Curl (Machine)",,"",2,"normal",74,8,,,
"Legs + Arms","17 Oct 2025, 02:56","17 Oct 2025, 04:17","","Seated Shoulder Press (Machine)",,"",0,"normal",46,10,,,
"Legs + Arms","17 Oct 2025, 02:56","17 Oct 2025, 04:17","","Seated Shoulder Press (Machine)",,"",1,"normal",46,8,,,
"Legs + Arms","17 Oct 2025, 02:56","17 Oct 2025, 04:17","","Seated Shoulder Press (Machine)",,"",2,"normal",39,12,,,
"Legs + Arms","17 Oct 2025, 02:56","17 Oct 2025, 04:17","","Seated Leg Curl (Machine)",,"",0,"normal",89,10,,,
"Legs + Arms","17 Oct 2025, 02:56","17 Oct 2025, 04:17","","Seated Leg Curl (Machine)",,"",1,"normal",89,10,,,
"Legs + Arms","17 Oct 2025, 02:56","17 Oct 2025, 04:17","","Leg Extension (Machine)",,"",0,"normal",103,8,,,
"Legs + Arms","17 Oct 2025, 02:56","17 Oct 2025, 04:17","","Leg Extension (Machine)",,"",1,"normal",96,12,,,
"Legs + Arms","17 Oct 2025, 02:56","17 Oct 2025, 04:17","","Triceps Extension (Cable)",,"",0,"normal",31.5,12,,,
"Legs + Arms","17 Oct 2025, 02:56","17 Oct 2025, 04:17","","Triceps Extension (Cable)",,"",1,"normal",31.5,9,,,
"FB 2 - Pull","15 Oct 2025, 02:44","15 Oct 2025, 03:57","","Pull Up (Weighted)",,"",0,"normal",25,10,,,
"FB 2 - Pull","15 Oct 2025, 02:44","15 Oct 2025, 03:57","","Pull Up (Weighted)",,"",1,"normal",25,7,,,
"FB 2 - Pull","15 Oct 2025, 02:44","15 Oct 2025, 03:57","","Pull Up (Weighted)",,"",2,"normal",15,12,,,
"FB 2 - Pull","15 Oct 2025, 02:44","15 Oct 2025, 03:57","","Iso-Lateral Row (Machine)",,"",0,"normal",115,11,,,
"FB 2 - Pull","15 Oct 2025, 02:44","15 Oct 2025, 03:57","","Iso-Lateral Row (Machine)",,"",1,"normal",115,10,,,
"FB 2 - Pull","15 Oct 2025, 02:44","15 Oct 2025, 03:57","","Iso-Lateral Row (Machine)",,"",2,"normal",105,12,,,
"FB 2 - Pull","15 Oct 2025, 02:44","15 Oct 2025, 03:57","","Seated Shoulder Press (Machine)",,"Back to normal grip",0,"normal",46,8,,,
"FB 2 - Pull","15 Oct 2025, 02:44","15 Oct 2025, 03:57","","Seated Shoulder Press (Machine)",,"Back to normal grip",1,"normal",46,8,,,
"FB 2 - Pull","15 Oct 2025, 02:44","15 Oct 2025, 03:57","","Preacher Curl (Machine)",,"",0,"normal",81,8,,,
"FB 2 - Pull","15 Oct 2025, 02:44","15 Oct 2025, 03:57","","Preacher Curl (Machine)",,"",1,"normal",74,8,,,
"FB 2 - Pull","15 Oct 2025, 02:44","15 Oct 2025, 03:57","","Preacher Curl (Machine)",,"",2,"normal",74,8,,,
"FB 2 - Pull","15 Oct 2025, 02:44","15 Oct 2025, 03:57","","Shrug (Machine)",,"",0,"normal",100,15,,,
"FB 2 - Pull","15 Oct 2025, 02:44","15 Oct 2025, 03:57","","Shrug (Machine)",,"",1,"normal",100,15,,,
"FB 2 - Pull","15 Oct 2025, 02:44","15 Oct 2025, 03:57","","Lat Pulldown (Cable)",,"",0,"normal",77,12,,,
"FB 2 - Pull","15 Oct 2025, 02:44","15 Oct 2025, 03:57","","Lat Pulldown (Cable)",,"",1,"normal",77,10,,,
"FB 1 - Push","14 Oct 2025, 02:03","14 Oct 2025, 03:28","","Incline Bench Press (Barbell)",,"",0,"normal",60,11,,,
"FB 1 - Push","14 Oct 2025, 02:03","14 Oct 2025, 03:28","","Incline Bench Press (Barbell)",,"",1,"normal",60,9,,,
"FB 1 - Push","14 Oct 2025, 02:03","14 Oct 2025, 03:28","","Incline Bench Press (Barbell)",,"",2,"normal",60,8,,,
"FB 1 - Push","14 Oct 2025, 02:03","14 Oct 2025, 03:28","","Leg Extension (Machine)",,"",0,"normal",103,12,,,
"FB 1 - Push","14 Oct 2025, 02:03","14 Oct 2025, 03:28","","Leg Extension (Machine)",,"",1,"normal",103,10,,,
"FB 1 - Push","14 Oct 2025, 02:03","14 Oct 2025, 03:28","","Leg Extension (Machine)",,"",2,"normal",96,10,,,
"FB 1 - Push","14 Oct 2025, 02:03","14 Oct 2025, 03:28","","Flat iso-Lateral Press",,"",0,"normal",78,10,,,
"FB 1 - Push","14 Oct 2025, 02:03","14 Oct 2025, 03:28","","Flat iso-Lateral Press",,"",1,"normal",78,8,,,
"FB 1 - Push","14 Oct 2025, 02:03","14 Oct 2025, 03:28","","Flat iso-Lateral Press",,"",2,"normal",68,11,,,
"FB 1 - Push","14 Oct 2025, 02:03","14 Oct 2025, 03:28","","Triceps Extension (Cable)",,"",0,"normal",31.5,10,,,
"FB 1 - Push","14 Oct 2025, 02:03","14 Oct 2025, 03:28","","Triceps Extension (Cable)",,"",1,"normal",31.5,9,,,
"FB 1 - Push","14 Oct 2025, 02:03","14 Oct 2025, 03:28","","Standing Calf Raise (Machine)",,"",0,"normal",105,12,,,
"FB 1 - Push","14 Oct 2025, 02:03","14 Oct 2025, 03:28","","Standing Calf Raise (Machine)",,"",1,"normal",105,12,,,
"FB 1 - Push","14 Oct 2025, 02:03","14 Oct 2025, 03:28","","Triceps Pushdown",,"",0,"normal",35,8,,,
"FB 1 - Push","14 Oct 2025, 02:03","14 Oct 2025, 03:28","","Triceps Pushdown",,"",1,"normal",35,10,,,
"FB 1 - Push","14 Oct 2025, 02:03","14 Oct 2025, 03:28","","Triceps Pushdown",,"",2,"normal",31.5,10,,,
"FB 1 - Push","14 Oct 2025, 02:03","14 Oct 2025, 03:28","","Lateral Raise (Cable)",,"",0,"normal",6.25,12,,,
"FB 1 - Push","14 Oct 2025, 02:03","14 Oct 2025, 03:28","","Lateral Raise (Cable)",,"",1,"normal",6.25,12,,,
"FB 1 - Push","14 Oct 2025, 02:03","14 Oct 2025, 03:28","","Lateral Raise (Cable)",,"",2,"normal",6.25,10,,,
"FB3 - Upper","12 Oct 2025, 00:36","12 Oct 2025, 01:31","","Incline Bench Press (Smith Machine)",,"",0,"normal",60,11,,,
"FB3 - Upper","12 Oct 2025, 00:36","12 Oct 2025, 01:31","","Incline Bench Press (Smith Machine)",,"",1,"normal",60,9,,,
"FB3 - Upper","12 Oct 2025, 00:36","12 Oct 2025, 01:31","","Incline Bench Press (Smith Machine)",,"",2,"normal",60,9,,,
"FB3 - Upper","12 Oct 2025, 00:36","12 Oct 2025, 01:31","","Lat Pulldown (Machine)",,"",0,"normal",103,12,,,
"FB3 - Upper","12 Oct 2025, 00:36","12 Oct 2025, 01:31","","Lat Pulldown (Machine)",,"",1,"normal",103,10,,,
"FB3 - Upper","12 Oct 2025, 00:36","12 Oct 2025, 01:31","","Lat Pulldown (Machine)",,"",2,"normal",103,8,,,
"FB3 - Upper","12 Oct 2025, 00:36","12 Oct 2025, 01:31","","Seated Shoulder Press (Machine)",,"",0,"normal",53,6,,,
"FB3 - Upper","12 Oct 2025, 00:36","12 Oct 2025, 01:31","","Seated Shoulder Press (Machine)",,"",1,"normal",53,7,,,
"FB3 - Upper","12 Oct 2025, 00:36","12 Oct 2025, 01:31","","Seated Row (Machine)",,"",0,"normal",91.5,8,,,
"FB3 - Upper","12 Oct 2025, 00:36","12 Oct 2025, 01:31","","Seated Row (Machine)",,"",1,"normal",82,8,,,
"FB3 - Upper","12 Oct 2025, 00:36","12 Oct 2025, 01:31","","Butterfly (Pec Deck)",,"",0,"normal",61,12,,,
"FB3 - Upper","12 Oct 2025, 00:36","12 Oct 2025, 01:31","","Butterfly (Pec Deck)",,"",1,"normal",61,10,,,
"FB 2 - Pull","9 Oct 2025, 05:11","9 Oct 2025, 06:21","","Pull Up (Weighted)",,"",0,"normal",25,9,,,
"FB 2 - Pull","9 Oct 2025, 05:11","9 Oct 2025, 06:21","","Pull Up (Weighted)",,"",1,"normal",25,8,,,
"FB 2 - Pull","9 Oct 2025, 05:11","9 Oct 2025, 06:21","","Pull Up (Weighted)",,"",2,"normal",15,8,,,
"FB 2 - Pull","9 Oct 2025, 05:11","9 Oct 2025, 06:21","","Iso-Lateral Row (Machine)",,"",0,"normal",115,10,,,
"FB 2 - Pull","9 Oct 2025, 05:11","9 Oct 2025, 06:21","","Iso-Lateral Row (Machine)",,"",1,"normal",115,10,,,
"FB 2 - Pull","9 Oct 2025, 05:11","9 Oct 2025, 06:21","","Iso-Lateral Row (Machine)",,"",2,"normal",105,12,,,
"FB 2 - Pull","9 Oct 2025, 05:11","9 Oct 2025, 06:21","","Seated Shoulder Press (Machine)",,"",0,"normal",53,8,,,
"FB 2 - Pull","9 Oct 2025, 05:11","9 Oct 2025, 06:21","","Seated Shoulder Press (Machine)",,"",1,"normal",53,6,,,
"FB 2 - Pull","9 Oct 2025, 05:11","9 Oct 2025, 06:21","","Preacher Curl (Machine)",,"",0,"normal",81,8,,,
"FB 2 - Pull","9 Oct 2025, 05:11","9 Oct 2025, 06:21","","Preacher Curl (Machine)",,"",1,"normal",74,8,,,
"FB 2 - Pull","9 Oct 2025, 05:11","9 Oct 2025, 06:21","","Preacher Curl (Machine)",,"",2,"normal",74,6,,,
"FB 2 - Pull","9 Oct 2025, 05:11","9 Oct 2025, 06:21","","Lat Pulldown (Cable)",,"",0,"normal",77,12,,,
"FB 2 - Pull","9 Oct 2025, 05:11","9 Oct 2025, 06:21","","Lat Pulldown (Cable)",,"",1,"normal",77,10,,,
"FB 2 - Pull","9 Oct 2025, 05:11","9 Oct 2025, 06:21","","Seated Leg Curl (Machine)",,"",0,"normal",89,10,,,
"FB 2 - Pull","9 Oct 2025, 05:11","9 Oct 2025, 06:21","","Seated Leg Curl (Machine)",,"",1,"normal",89,8,,,
"FB 2 - Pull","9 Oct 2025, 05:11","9 Oct 2025, 06:21","","Lateral Raise (Dumbbell)",,"",0,"normal",24,12,,,
"FB 2 - Pull","9 Oct 2025, 05:11","9 Oct 2025, 06:21","","Lateral Raise (Dumbbell)",,"",1,"normal",24,10,,,
"FB 2 - Pull","9 Oct 2025, 05:11","9 Oct 2025, 06:21","","Lateral Raise (Dumbbell)",,"",2,"normal",20,15,,,
"FB 1 - Push","8 Oct 2025, 01:22","8 Oct 2025, 02:45","","Incline Bench Press (Barbell)",,"",0,"normal",60,10,,,
"FB 1 - Push","8 Oct 2025, 01:22","8 Oct 2025, 02:45","","Incline Bench Press (Barbell)",,"",1,"normal",60,8,,,
"FB 1 - Push","8 Oct 2025, 01:22","8 Oct 2025, 02:45","","Incline Bench Press (Barbell)",,"",2,"normal",60,7,,,
"FB 1 - Push","8 Oct 2025, 01:22","8 Oct 2025, 02:45","","Leg Extension (Machine)",,"",0,"normal",103,10,,,
"FB 1 - Push","8 Oct 2025, 01:22","8 Oct 2025, 02:45","","Leg Extension (Machine)",,"",1,"normal",103,10,,,
"FB 1 - Push","8 Oct 2025, 01:22","8 Oct 2025, 02:45","","Shoulder Press (Machine Plates)",,"",0,"normal",65,11,,,
"FB 1 - Push","8 Oct 2025, 01:22","8 Oct 2025, 02:45","","Shoulder Press (Machine Plates)",,"",1,"normal",65,8,,,
"FB 1 - Push","8 Oct 2025, 01:22","8 Oct 2025, 02:45","","Flat iso-Lateral Press",,"",0,"normal",78,7,,,
"FB 1 - Push","8 Oct 2025, 01:22","8 Oct 2025, 02:45","","Flat iso-Lateral Press",,"",1,"normal",68,8,,,
"FB 1 - Push","8 Oct 2025, 01:22","8 Oct 2025, 02:45","","Flat iso-Lateral Press",,"",2,"normal",68,8,,,
"FB 1 - Push","8 Oct 2025, 01:22","8 Oct 2025, 02:45","","Triceps Extension (Cable)",,"",0,"normal",31.5,10,,,
"FB 1 - Push","8 Oct 2025, 01:22","8 Oct 2025, 02:45","","Triceps Extension (Cable)",,"",1,"normal",31.5,10,,,
"FB 1 - Push","8 Oct 2025, 01:22","8 Oct 2025, 02:45","","Lateral Raise (Cable)",,"",0,"normal",6.25,10,,,
"FB 1 - Push","8 Oct 2025, 01:22","8 Oct 2025, 02:45","","Lateral Raise (Cable)",,"",1,"normal",6.25,8,,,
"FB 1 - Push","8 Oct 2025, 01:22","8 Oct 2025, 02:45","","Butterfly (Pec Deck)",,"",0,"normal",68,10,,,
"FB 1 - Push","8 Oct 2025, 01:22","8 Oct 2025, 02:45","","Butterfly (Pec Deck)",,"",1,"normal",68,8,,,
"FB 1 - Push","8 Oct 2025, 01:22","8 Oct 2025, 02:45","","Triceps Pushdown",,"",0,"normal",31.5,12,,,
"FB 1 - Push","8 Oct 2025, 01:22","8 Oct 2025, 02:45","","Triceps Pushdown",,"",1,"normal",31.5,12,,,
"FB3 - Upper","4 Oct 2025, 23:43","5 Oct 2025, 01:04","","Incline Bench Press (Smith Machine)",,"",0,"normal",70,6,,,
"FB3 - Upper","4 Oct 2025, 23:43","5 Oct 2025, 01:04","","Incline Bench Press (Smith Machine)",,"",1,"normal",60,10,,,
"FB3 - Upper","4 Oct 2025, 23:43","5 Oct 2025, 01:04","","Incline Bench Press (Smith Machine)",,"",2,"normal",60,8,,,
"FB3 - Upper","4 Oct 2025, 23:43","5 Oct 2025, 01:04","","Lat Pulldown (Machine)",,"Clean reps",0,"normal",103,10,,,
"FB3 - Upper","4 Oct 2025, 23:43","5 Oct 2025, 01:04","","Lat Pulldown (Machine)",,"Clean reps",1,"normal",103,10,,,
"FB3 - Upper","4 Oct 2025, 23:43","5 Oct 2025, 01:04","","Lat Pulldown (Machine)",,"Clean reps",2,"normal",96,10,,,
"FB3 - Upper","4 Oct 2025, 23:43","5 Oct 2025, 01:04","","Flat iso-Lateral Press",,"",0,"normal",78,10,,,
"FB3 - Upper","4 Oct 2025, 23:43","5 Oct 2025, 01:04","","Flat iso-Lateral Press",,"",1,"normal",78,8,,,
"FB3 - Upper","4 Oct 2025, 23:43","5 Oct 2025, 01:04","","Flat iso-Lateral Press",,"",2,"normal",68,10,,,
"FB3 - Upper","4 Oct 2025, 23:43","5 Oct 2025, 01:04","","Seated Row (Machine)",,"",0,"normal",89,12,,,
"FB3 - Upper","4 Oct 2025, 23:43","5 Oct 2025, 01:04","","Seated Row (Machine)",,"",1,"normal",89,10,,,
"FB3 - Upper","4 Oct 2025, 23:43","5 Oct 2025, 01:04","","Seated Row (Machine)",,"",2,"normal",82,10,,,
"FB3 - Upper","4 Oct 2025, 23:43","5 Oct 2025, 01:04","","Lateral Raise (Cable)",,"",0,"normal",7.5,7,,,
"FB3 - Upper","4 Oct 2025, 23:43","5 Oct 2025, 01:04","","Lateral Raise (Cable)",,"",1,"normal",6.25,12,,,
"FB 2 - Pull","1 Oct 2025, 01:15","1 Oct 2025, 02:20","","Pull Up (Weighted)",,"",0,"normal",30,7,,,
"FB 2 - Pull","1 Oct 2025, 01:15","1 Oct 2025, 02:20","","Pull Up (Weighted)",,"",1,"normal",25,7,,,
"FB 2 - Pull","1 Oct 2025, 01:15","1 Oct 2025, 02:20","","Pull Up (Weighted)",,"",2,"normal",20,10,,,
"FB 2 - Pull","1 Oct 2025, 01:15","1 Oct 2025, 02:20","","Iso-Lateral Row (Machine)",,"",0,"normal",115,10,,,
"FB 2 - Pull","1 Oct 2025, 01:15","1 Oct 2025, 02:20","","Iso-Lateral Row (Machine)",,"",1,"normal",115,10,,,
"FB 2 - Pull","1 Oct 2025, 01:15","1 Oct 2025, 02:20","","Iso-Lateral Row (Machine)",,"",2,"normal",95,12,,,
"FB 2 - Pull","1 Oct 2025, 01:15","1 Oct 2025, 02:20","","Seated Shoulder Press (Machine)",,"",0,"normal",53,7,,,
"FB 2 - Pull","1 Oct 2025, 01:15","1 Oct 2025, 02:20","","Seated Shoulder Press (Machine)",,"",1,"normal",46,10,,,
"FB 2 - Pull","1 Oct 2025, 01:15","1 Oct 2025, 02:20","","Preacher Curl (Machine)",,"",0,"normal",74,10,,,
"FB 2 - Pull","1 Oct 2025, 01:15","1 Oct 2025, 02:20","","Preacher Curl (Machine)",,"",1,"normal",74,9,,,
"FB 2 - Pull","1 Oct 2025, 01:15","1 Oct 2025, 02:20","","Preacher Curl (Machine)",,"",2,"normal",74,8,,,
"FB 2 - Pull","1 Oct 2025, 01:15","1 Oct 2025, 02:20","","Lat Pulldown (Cable)",,"",0,"normal",77,10,,,
"FB 2 - Pull","1 Oct 2025, 01:15","1 Oct 2025, 02:20","","Lat Pulldown (Cable)",,"",1,"normal",77,10,,,
"FB 1 - Push","30 Sep 2025, 01:25","30 Sep 2025, 03:05","","Incline Bench Press (Barbell)",,"",0,"normal",60,9,,,
"FB 1 - Push","30 Sep 2025, 01:25","30 Sep 2025, 03:05","","Incline Bench Press (Barbell)",,"",1,"normal",60,8,,,
"FB 1 - Push","30 Sep 2025, 01:25","30 Sep 2025, 03:05","","Incline Bench Press (Barbell)",,"",2,"normal",60,7,,,
"FB 1 - Push","30 Sep 2025, 01:25","30 Sep 2025, 03:05","","Leg Extension (Machine)",,"",0,"normal",96,10,,,
"FB 1 - Push","30 Sep 2025, 01:25","30 Sep 2025, 03:05","","Leg Extension (Machine)",,"",1,"normal",96,10,,,
"FB 1 - Push","30 Sep 2025, 01:25","30 Sep 2025, 03:05","","Flat iso-Lateral Press",,"",0,"normal",78,10,,,
"FB 1 - Push","30 Sep 2025, 01:25","30 Sep 2025, 03:05","","Flat iso-Lateral Press",,"",1,"normal",78,5,,,
"FB 1 - Push","30 Sep 2025, 01:25","30 Sep 2025, 03:05","","Flat iso-Lateral Press",,"",2,"normal",68,10,,,
"FB 1 - Push","30 Sep 2025, 01:25","30 Sep 2025, 03:05","","Skullcrusher (Barbell)",,"",0,"normal",30,10,,,
"FB 1 - Push","30 Sep 2025, 01:25","30 Sep 2025, 03:05","","Skullcrusher (Barbell)",,"",1,"normal",30,8,,,
"FB 1 - Push","30 Sep 2025, 01:25","30 Sep 2025, 03:05","","Standing Calf Raise (Machine)",,"",0,"normal",105,12,,,
"FB 1 - Push","30 Sep 2025, 01:25","30 Sep 2025, 03:05","","Standing Calf Raise (Machine)",,"",1,"normal",95,10,,,
"FB 1 - Push","30 Sep 2025, 01:25","30 Sep 2025, 03:05","","Triceps Pushdown",,"",0,"normal",35,12,,,
"FB 1 - Push","30 Sep 2025, 01:25","30 Sep 2025, 03:05","","Triceps Pushdown",,"",1,"normal",31.5,12,,,
"FB 1 - Push","30 Sep 2025, 01:25","30 Sep 2025, 03:05","","Triceps Pushdown",,"",2,"normal",31.5,10,,,
"FB 1 - Push","30 Sep 2025, 01:25","30 Sep 2025, 03:05","","Lateral Raise (Cable)",,"",0,"normal",6.25,12,,,
"FB 1 - Push","30 Sep 2025, 01:25","30 Sep 2025, 03:05","","Lateral Raise (Cable)",,"",1,"normal",6.25,10,,,
"FB 1 - Push","30 Sep 2025, 01:25","30 Sep 2025, 03:05","","Iso-Lateral Chest Press (Machine)",,"",0,"normal",83,7,,,
"FB 1 - Push","30 Sep 2025, 01:25","30 Sep 2025, 03:05","","Iso-Lateral Chest Press (Machine)",,"",1,"normal",83,6,,,
"FB 1 - Push","30 Sep 2025, 01:25","30 Sep 2025, 03:05","","Iso-Lateral Chest Press (Machine)",,"",2,"normal",63,10,,,
"Legs + Arms","26 Sep 2025, 01:41","26 Sep 2025, 02:37","","Romanian Deadlift (Barbell)",,"",0,"normal",80,10,,,
"Legs + Arms","26 Sep 2025, 01:41","26 Sep 2025, 02:37","","Romanian Deadlift (Barbell)",,"",1,"normal",80,10,,,
"Legs + Arms","26 Sep 2025, 01:41","26 Sep 2025, 02:37","","Leg Press Horizontal (Machine)",,"",0,"normal",125,10,,,
"Legs + Arms","26 Sep 2025, 01:41","26 Sep 2025, 02:37","","Leg Press Horizontal (Machine)",,"",1,"normal",115,10,,,
"Legs + Arms","26 Sep 2025, 01:41","26 Sep 2025, 02:37","","Leg Press Horizontal (Machine)",,"",2,"normal",95,10,,,
"Legs + Arms","26 Sep 2025, 01:41","26 Sep 2025, 02:37","","Triceps Extension (Cable)",,"Proper form"" test (1st set)""",0,"normal",17.5,11,,,
"Legs + Arms","26 Sep 2025, 01:41","26 Sep 2025, 02:37","","Triceps Extension (Cable)",,"Proper form"" test (1st set)""",1,"normal",31.5,8,,,
"Legs + Arms","26 Sep 2025, 01:41","26 Sep 2025, 02:37","","Seated Leg Curl (Machine)",,"",0,"normal",89,8,,,
"Legs + Arms","26 Sep 2025, 01:41","26 Sep 2025, 02:37","","Seated Leg Curl (Machine)",,"",1,"normal",82,10,,,
"Legs + Arms","26 Sep 2025, 01:41","26 Sep 2025, 02:37","","Leg Extension (Machine)",,"",0,"normal",96,8,,,
"Legs + Arms","26 Sep 2025, 01:41","26 Sep 2025, 02:37","","Leg Extension (Machine)",,"",1,"normal",96,8,,,
"Legs + Arms","26 Sep 2025, 01:41","26 Sep 2025, 02:37","","Bicep Curl (Dumbbell)",,"",0,"normal",36,12,,,
"Legs + Arms","26 Sep 2025, 01:41","26 Sep 2025, 02:37","","Bicep Curl (Dumbbell)",,"",1,"normal",36,8,,,
"FB 1 - Push","24 Sep 2025, 23:00","24 Sep 2025, 23:55","","Incline Bench Press (Barbell)",,"",0,"normal",60,11,,,
"FB 1 - Push","24 Sep 2025, 23:00","24 Sep 2025, 23:55","","Incline Bench Press (Barbell)",,"",1,"normal",60,8,,,
"FB 1 - Push","24 Sep 2025, 23:00","24 Sep 2025, 23:55","","Incline Bench Press (Barbell)",,"",2,"normal",60,6,,,
"FB 1 - Push","24 Sep 2025, 23:00","24 Sep 2025, 23:55","","Leg Extension (Machine)",,"",0,"normal",89,12,,,
"FB 1 - Push","24 Sep 2025, 23:00","24 Sep 2025, 23:55","","Leg Extension (Machine)",,"",1,"normal",96,10,,,
"FB 1 - Push","24 Sep 2025, 23:00","24 Sep 2025, 23:55","","Flat iso-Lateral Press",,"",0,"normal",78,10,,,
"FB 1 - Push","24 Sep 2025, 23:00","24 Sep 2025, 23:55","","Flat iso-Lateral Press",,"",1,"normal",78,7,,,
"FB 1 - Push","24 Sep 2025, 23:00","24 Sep 2025, 23:55","","Flat iso-Lateral Press",,"",2,"normal",68,8,,,
"FB 1 - Push","24 Sep 2025, 23:00","24 Sep 2025, 23:55","","Triceps Extension (Cable)",,"",0,"normal",31.5,10,,,
"FB 1 - Push","24 Sep 2025, 23:00","24 Sep 2025, 23:55","","Triceps Extension (Cable)",,"",1,"normal",31.5,8,,,
"FB 1 - Push","24 Sep 2025, 23:00","24 Sep 2025, 23:55","","Lateral Raise (Cable)",,"",0,"normal",6.25,12,,,
"FB 1 - Push","24 Sep 2025, 23:00","24 Sep 2025, 23:55","","Lateral Raise (Cable)",,"",1,"normal",5,12,,,
"FB 1 - Push","24 Sep 2025, 23:00","24 Sep 2025, 23:55","","Triceps Pushdown",,"",0,"normal",31.5,12,,,
"FB 1 - Push","24 Sep 2025, 23:00","24 Sep 2025, 23:55","","Triceps Pushdown",,"",1,"normal",31.5,12,,,
"FB 2 - Pull","24 Sep 2025, 02:26","24 Sep 2025, 03:11","","Pull Up (Weighted)",,"",0,"normal",30,7,,,
"FB 2 - Pull","24 Sep 2025, 02:26","24 Sep 2025, 03:11","","Pull Up (Weighted)",,"",1,"normal",25,8,,,
"FB 2 - Pull","24 Sep 2025, 02:26","24 Sep 2025, 03:11","","Seated Row (Machine)",,"",0,"normal",89,8,,,
"FB 2 - Pull","24 Sep 2025, 02:26","24 Sep 2025, 03:11","","Seated Row (Machine)",,"",1,"normal",82,10,,,
"FB 2 - Pull","24 Sep 2025, 02:26","24 Sep 2025, 03:11","","Lat Pulldown (Cable)",,"",0,"normal",77,10,,,
"FB 2 - Pull","24 Sep 2025, 02:26","24 Sep 2025, 03:11","","Lat Pulldown (Cable)",,"",1,"normal",77,10,,,
"FB 2 - Pull","24 Sep 2025, 02:26","24 Sep 2025, 03:11","","Seated Shoulder Press (Machine)",,"",0,"normal",53,8,,,
"FB 2 - Pull","24 Sep 2025, 02:26","24 Sep 2025, 03:11","","Seated Shoulder Press (Machine)",,"",1,"normal",46,8,,,
"FB 2 - Pull","24 Sep 2025, 02:26","24 Sep 2025, 03:11","","Lateral Raise (Dumbbell)",,"",0,"normal",24,8,,,
"FB 2 - Pull","24 Sep 2025, 02:26","24 Sep 2025, 03:11","","Lateral Raise (Dumbbell)",,"",1,"normal",20,10,,,
"FB 2 - Pull","24 Sep 2025, 02:26","24 Sep 2025, 03:11","","Bicep Curl (Dumbbell)",,"",0,"normal",36,8,,,
"FB 2 - Pull","24 Sep 2025, 02:26","24 Sep 2025, 03:11","","Bicep Curl (Dumbbell)",,"",1,"normal",36,8,,,
"FB3 - Upper","20 Sep 2025, 21:32","20 Sep 2025, 22:46","","Mag Grip Pulldown",,"",0,"normal",87,10,,,
"FB3 - Upper","20 Sep 2025, 21:32","20 Sep 2025, 22:46","","Mag Grip Pulldown",,"",1,"normal",87,9,,,
"FB3 - Upper","20 Sep 2025, 21:32","20 Sep 2025, 22:46","","Mag Grip Pulldown",,"",2,"normal",77,10,,,
"FB3 - Upper","20 Sep 2025, 21:32","20 Sep 2025, 22:46","","Flat iso-Lateral Press",,"",0,"normal",78,11,,,
"FB3 - Upper","20 Sep 2025, 21:32","20 Sep 2025, 22:46","","Flat iso-Lateral Press",,"",1,"normal",78,9,,,
"FB3 - Upper","20 Sep 2025, 21:32","20 Sep 2025, 22:46","","Flat iso-Lateral Press",,"",2,"normal",68,9,,,
"FB3 - Upper","20 Sep 2025, 21:32","20 Sep 2025, 22:46","","Seated Row (Machine)",,"",0,"normal",89,10,,,
"FB3 - Upper","20 Sep 2025, 21:32","20 Sep 2025, 22:46","","Seated Row (Machine)",,"",1,"normal",82,12,,,
"FB3 - Upper","20 Sep 2025, 21:32","20 Sep 2025, 22:46","","Butterfly (Pec Deck)",,"",0,"normal",68,10,,,
"FB3 - Upper","20 Sep 2025, 21:32","20 Sep 2025, 22:46","","Butterfly (Pec Deck)",,"",1,"normal",68,8,,,
"FB3 - Upper","20 Sep 2025, 21:32","20 Sep 2025, 22:46","","Shrug (Machine)",,"",0,"normal",100,15,,,
"FB3 - Upper","20 Sep 2025, 21:32","20 Sep 2025, 22:46","","Shrug (Machine)",,"",1,"normal",100,15,,,
"FB3 - Upper","20 Sep 2025, 21:32","20 Sep 2025, 22:46","","Lateral Raise (Dumbbell)",,"",0,"normal",24,12,,,
"FB3 - Upper","20 Sep 2025, 21:32","20 Sep 2025, 22:46","","Lateral Raise (Dumbbell)",,"",1,"normal",24,10,,,
"FB3 - Upper","20 Sep 2025, 21:32","20 Sep 2025, 22:46","","Lateral Raise (Dumbbell)",,"",2,"normal",20,15,,,
"Legs + Arms","19 Sep 2025, 00:01","19 Sep 2025, 01:11","","Romanian Deadlift (Barbell)",,"",0,"normal",80,10,,,
"Legs + Arms","19 Sep 2025, 00:01","19 Sep 2025, 01:11","","Romanian Deadlift (Barbell)",,"",1,"normal",80,10,,,
"Legs + Arms","19 Sep 2025, 00:01","19 Sep 2025, 01:11","","Hack Squat (Machine)",,"",0,"normal",64,10,,,
"Legs + Arms","19 Sep 2025, 00:01","19 Sep 2025, 01:11","","Hack Squat (Machine)",,"",1,"normal",64,10,,,
"Legs + Arms","19 Sep 2025, 00:01","19 Sep 2025, 01:11","","Triceps Extension (Cable)",,"",0,"normal",31.5,12,,,
"Legs + Arms","19 Sep 2025, 00:01","19 Sep 2025, 01:11","","Triceps Extension (Cable)",,"",1,"normal",31.5,10,,,
"Legs + Arms","19 Sep 2025, 00:01","19 Sep 2025, 01:11","","Seated Leg Curl (Machine)",,"",0,"normal",82,10,,,
"Legs + Arms","19 Sep 2025, 00:01","19 Sep 2025, 01:11","","Seated Leg Curl (Machine)",,"",1,"normal",82,10,,,
"Legs + Arms","19 Sep 2025, 00:01","19 Sep 2025, 01:11","","Preacher Curl (Machine)",,"",0,"normal",95,6,,,
"Legs + Arms","19 Sep 2025, 00:01","19 Sep 2025, 01:11","","Preacher Curl (Machine)",,"",1,"normal",74,10,,,
"Legs + Arms","19 Sep 2025, 00:01","19 Sep 2025, 01:11","","Preacher Curl (Machine)",,"",2,"normal",74,10,,,
"Legs + Arms","19 Sep 2025, 00:01","19 Sep 2025, 01:11","","Leg Extension (Machine)",,"",0,"normal",89,8,,,
"Legs + Arms","19 Sep 2025, 00:01","19 Sep 2025, 01:11","","Leg Extension (Machine)",,"",1,"normal",89,8,,,
"FB 2 - Pull","17 Sep 2025, 01:35","17 Sep 2025, 02:08","","Pull Up (Weighted)",,"",0,"normal",25,9,,,
"FB 2 - Pull","17 Sep 2025, 01:35","17 Sep 2025, 02:08","","Pull Up (Weighted)",,"",1,"normal",20,7,,,
"FB 2 - Pull","17 Sep 2025, 01:35","17 Sep 2025, 02:08","","Iso-Lateral Row (Machine)",,"",0,"normal",115,10,,,
"FB 2 - Pull","17 Sep 2025, 01:35","17 Sep 2025, 02:08","","Iso-Lateral Row (Machine)",,"",1,"normal",115,8,,,
"FB 2 - Pull","17 Sep 2025, 01:35","17 Sep 2025, 02:08","","Seated Shoulder Press (Machine)",,"",0,"normal",53,7,,,
"FB 2 - Pull","17 Sep 2025, 01:35","17 Sep 2025, 02:08","","Seated Shoulder Press (Machine)",,"",1,"normal",46,8,,,
"FB 2 - Pull","17 Sep 2025, 01:35","17 Sep 2025, 02:08","","Lat Pulldown (Cable)",,"",0,"normal",77,11,,,
"FB 2 - Pull","17 Sep 2025, 01:35","17 Sep 2025, 02:08","","Lat Pulldown (Cable)",,"",1,"normal",77,9,,,
"FB 2 - Pull","17 Sep 2025, 01:35","17 Sep 2025, 02:08","","Preacher Curl (Machine)",,"",0,"normal",74,8,,,
"FB 1 - Push","16 Sep 2025, 01:14","16 Sep 2025, 02:32","","Incline Bench Press (Barbell)",,"",0,"normal",60,10,,,
"FB 1 - Push","16 Sep 2025, 01:14","16 Sep 2025, 02:32","","Incline Bench Press (Barbell)",,"",1,"normal",60,8,,,
"FB 1 - Push","16 Sep 2025, 01:14","16 Sep 2025, 02:32","","Incline Bench Press (Barbell)",,"",2,"normal",60,6,,,
"FB 1 - Push","16 Sep 2025, 01:14","16 Sep 2025, 02:32","","Leg Extension (Machine)",,"",0,"normal",96,12,,,
"FB 1 - Push","16 Sep 2025, 01:14","16 Sep 2025, 02:32","","Leg Extension (Machine)",,"",1,"normal",96,12,,,
"FB 1 - Push","16 Sep 2025, 01:14","16 Sep 2025, 02:32","","Leg Extension (Machine)",,"",2,"normal",89,8,,,
"FB 1 - Push","16 Sep 2025, 01:14","16 Sep 2025, 02:32","","Shoulder Press (Machine Plates)",,"",0,"normal",65,12,,,
"FB 1 - Push","16 Sep 2025, 01:14","16 Sep 2025, 02:32","","Shoulder Press (Machine Plates)",,"",1,"normal",65,8,,,
"FB 1 - Push","16 Sep 2025, 01:14","16 Sep 2025, 02:32","","Flat iso-Lateral Press",,"",0,"normal",78,8,,,
"FB 1 - Push","16 Sep 2025, 01:14","16 Sep 2025, 02:32","","Flat iso-Lateral Press",,"",1,"normal",78,6,,,
"FB 1 - Push","16 Sep 2025, 01:14","16 Sep 2025, 02:32","","Flat iso-Lateral Press",,"",2,"normal",68,8,,,
"FB 1 - Push","16 Sep 2025, 01:14","16 Sep 2025, 02:32","","Triceps Extension (Cable)",,"",0,"normal",31.5,10,,,
"FB 1 - Push","16 Sep 2025, 01:14","16 Sep 2025, 02:32","","Triceps Extension (Cable)",,"",1,"normal",31.5,8,,,
"FB 1 - Push","16 Sep 2025, 01:14","16 Sep 2025, 02:32","","Lateral Raise (Cable)",,"",0,"normal",6.25,10,,,
"FB 1 - Push","16 Sep 2025, 01:14","16 Sep 2025, 02:32","","Lateral Raise (Cable)",,"",1,"normal",5,12,,,
"FB 1 - Push","16 Sep 2025, 01:14","16 Sep 2025, 02:32","","Standing Calf Raise (Machine)",,"",0,"normal",95,10,,,
"FB 1 - Push","16 Sep 2025, 01:14","16 Sep 2025, 02:32","","Standing Calf Raise (Machine)",,"",1,"normal",95,10,,,
"FB 1 - Push","16 Sep 2025, 01:14","16 Sep 2025, 02:32","","Triceps Pushdown",,"",0,"dropset",35,8,,,
"FB 1 - Push","16 Sep 2025, 01:14","16 Sep 2025, 02:32","","Triceps Pushdown",,"",1,"dropset",31.5,8,,,
"FB 1 - Push","16 Sep 2025, 01:14","16 Sep 2025, 02:32","","Triceps Pushdown",,"",2,"dropset",28,8,,,
"FB3 - Upper","13 Sep 2025, 21:07","13 Sep 2025, 21:53","","Mag Grip Pulldown",,"",0,"normal",87,12,,,
"FB3 - Upper","13 Sep 2025, 21:07","13 Sep 2025, 21:53","","Mag Grip Pulldown",,"",1,"normal",87,9,,,
"FB3 - Upper","13 Sep 2025, 21:07","13 Sep 2025, 21:53","","Flat iso-Lateral Press",,"",0,"normal",78,11,,,
"FB3 - Upper","13 Sep 2025, 21:07","13 Sep 2025, 21:53","","Flat iso-Lateral Press",,"",1,"normal",78,8,,,
"FB3 - Upper","13 Sep 2025, 21:07","13 Sep 2025, 21:53","","Flat iso-Lateral Press",,"",2,"normal",78,7,,,
"FB3 - Upper","13 Sep 2025, 21:07","13 Sep 2025, 21:53","","Seated Row (Machine)",,"",0,"normal",89,8,,,
"FB3 - Upper","13 Sep 2025, 21:07","13 Sep 2025, 21:53","","Seated Row (Machine)",,"",1,"normal",82,12,,,
"FB3 - Upper","13 Sep 2025, 21:07","13 Sep 2025, 21:53","","Lateral Raise (Dumbbell)",,"",0,"normal",20,12,,,
"FB3 - Upper","13 Sep 2025, 21:07","13 Sep 2025, 21:53","","Lateral Raise (Dumbbell)",,"",1,"normal",20,12,,,
"FB3 - Upper","13 Sep 2025, 21:07","13 Sep 2025, 21:53","","Shrug (Machine)",,"",0,"normal",100,12,,,
"FB3 - Upper","13 Sep 2025, 21:07","13 Sep 2025, 21:53","","Shrug (Machine)",,"",1,"normal",100,12,,,
"FB3 - Upper","6 Sep 2025, 21:01","6 Sep 2025, 21:55","","Mag Grip Pulldown",,"",0,"normal",87,10,,,
"FB3 - Upper","6 Sep 2025, 21:01","6 Sep 2025, 21:55","","Mag Grip Pulldown",,"",1,"normal",87,10,,,
"FB3 - Upper","6 Sep 2025, 21:01","6 Sep 2025, 21:55","","Flat iso-Lateral Press",,"",0,"normal",78,12,,,
"FB3 - Upper","6 Sep 2025, 21:01","6 Sep 2025, 21:55","","Flat iso-Lateral Press",,"",1,"normal",78,8,,,
"FB3 - Upper","6 Sep 2025, 21:01","6 Sep 2025, 21:55","","Flat iso-Lateral Press",,"",2,"normal",68,10,,,
"FB3 - Upper","6 Sep 2025, 21:01","6 Sep 2025, 21:55","","Seated Row (Machine)",,"",0,"normal",89,10,,,
"FB3 - Upper","6 Sep 2025, 21:01","6 Sep 2025, 21:55","","Seated Row (Machine)",,"",1,"normal",82,10,,,
"FB3 - Upper","6 Sep 2025, 21:01","6 Sep 2025, 21:55","","Butterfly (Pec Deck)",,"",0,"normal",68,8,,,
"FB3 - Upper","6 Sep 2025, 21:01","6 Sep 2025, 21:55","","Butterfly (Pec Deck)",,"",1,"normal",61,12,,,
"FB3 - Upper","6 Sep 2025, 21:01","6 Sep 2025, 21:55","","Shrug (Machine)",,"",0,"normal",100,15,,,
"FB3 - Upper","6 Sep 2025, 21:01","6 Sep 2025, 21:55","","Shrug (Machine)",,"",1,"normal",100,15,,,
"FB3 - Upper","6 Sep 2025, 21:01","6 Sep 2025, 21:55","","Lateral Raise (Dumbbell)",,"",0,"normal",20,15,,,
"FB3 - Upper","6 Sep 2025, 21:01","6 Sep 2025, 21:55","","Lateral Raise (Dumbbell)",,"",1,"normal",20,12,,,
"FB3 - Upper","6 Sep 2025, 21:01","6 Sep 2025, 21:55","","Lateral Raise (Dumbbell)",,"",2,"normal",20,10,,,
"Legs + Arms","5 Sep 2025, 01:35","5 Sep 2025, 02:46","","Romanian Deadlift (Barbell)",,"",0,"normal",80,10,,,
"Legs + Arms","5 Sep 2025, 01:35","5 Sep 2025, 02:46","","Romanian Deadlift (Barbell)",,"",1,"normal",80,10,,,
"Legs + Arms","5 Sep 2025, 01:35","5 Sep 2025, 02:46","","Leg Press Horizontal (Machine)",,"",0,"normal",115,10,,,
"Legs + Arms","5 Sep 2025, 01:35","5 Sep 2025, 02:46","","Leg Press Horizontal (Machine)",,"",1,"normal",115,10,,,
"Legs + Arms","5 Sep 2025, 01:35","5 Sep 2025, 02:46","","Triceps Extension (Cable)",,"",0,"normal",31.5,12,,,
"Legs + Arms","5 Sep 2025, 01:35","5 Sep 2025, 02:46","","Triceps Extension (Cable)",,"",1,"normal",31.5,10,,,
"Legs + Arms","5 Sep 2025, 01:35","5 Sep 2025, 02:46","","Seated Leg Curl (Machine)",,"",0,"normal",82,10,,,
"Legs + Arms","5 Sep 2025, 01:35","5 Sep 2025, 02:46","","Seated Leg Curl (Machine)",,"",1,"normal",82,10,,,
"Legs + Arms","5 Sep 2025, 01:35","5 Sep 2025, 02:46","","Preacher Curl (Machine)",,"",0,"normal",95,6,,,
"Legs + Arms","5 Sep 2025, 01:35","5 Sep 2025, 02:46","","Preacher Curl (Machine)",,"",1,"normal",74,10,,,
"Legs + Arms","5 Sep 2025, 01:35","5 Sep 2025, 02:46","","Preacher Curl (Machine)",,"",2,"normal",74,10,,,
"Legs + Arms","5 Sep 2025, 01:35","5 Sep 2025, 02:46","","Leg Extension (Machine)",,"",0,"normal",89,12,,,
"Legs + Arms","5 Sep 2025, 01:35","5 Sep 2025, 02:46","","Leg Extension (Machine)",,"",1,"normal",82,12,,,
"Legs + Arms","5 Sep 2025, 01:35","5 Sep 2025, 02:46","","Triceps Pushdown",,"",0,"normal",31.5,12,,,
"Legs + Arms","5 Sep 2025, 01:35","5 Sep 2025, 02:46","","Triceps Pushdown",,"",1,"normal",31.5,12,,,
"FB 2 - Pull","3 Sep 2025, 01:49","3 Sep 2025, 02:52","","Pull Up (Weighted)",,"",0,"normal",25,8,,,
"FB 2 - Pull","3 Sep 2025, 01:49","3 Sep 2025, 02:52","","Pull Up (Weighted)",,"",1,"normal",25,6,,,
"FB 2 - Pull","3 Sep 2025, 01:49","3 Sep 2025, 02:52","","Pull Up (Weighted)",,"",2,"normal",15,12,,,
"FB 2 - Pull","3 Sep 2025, 01:49","3 Sep 2025, 02:52","","Iso-Lateral Row (Machine)",,"",0,"normal",115,12,,,
"FB 2 - Pull","3 Sep 2025, 01:49","3 Sep 2025, 02:52","","Iso-Lateral Row (Machine)",,"",1,"normal",115,8,,,
"FB 2 - Pull","3 Sep 2025, 01:49","3 Sep 2025, 02:52","","Iso-Lateral Row (Machine)",,"",2,"normal",105,10,,,
"FB 2 - Pull","3 Sep 2025, 01:49","3 Sep 2025, 02:52","","Seated Leg Curl (Machine)",,"",0,"normal",89,12,,,
"FB 2 - Pull","3 Sep 2025, 01:49","3 Sep 2025, 02:52","","Seated Leg Curl (Machine)",,"",1,"normal",89,5,,,
"FB 2 - Pull","3 Sep 2025, 01:49","3 Sep 2025, 02:52","","Seated Shoulder Press (Machine)",,"",0,"normal",53,8,,,
"FB 2 - Pull","3 Sep 2025, 01:49","3 Sep 2025, 02:52","","Seated Shoulder Press (Machine)",,"",1,"normal",46,8,,,
"FB 2 - Pull","3 Sep 2025, 01:49","3 Sep 2025, 02:52","","Lat Pulldown (Cable)",,"",0,"normal",77,12,,,
"FB 2 - Pull","3 Sep 2025, 01:49","3 Sep 2025, 02:52","","Lat Pulldown (Cable)",,"",1,"normal",77,8,,,
"FB 2 - Pull","3 Sep 2025, 01:49","3 Sep 2025, 02:52","","Preacher Curl (Machine)",,"",0,"normal",81,7,,,
"FB 2 - Pull","3 Sep 2025, 01:49","3 Sep 2025, 02:52","","Preacher Curl (Machine)",,"",1,"normal",74,8,,,
"FB 2 - Pull","3 Sep 2025, 01:49","3 Sep 2025, 02:52","","Preacher Curl (Machine)",,"",2,"normal",74,8,,,
"FB 1 - Push","2 Sep 2025, 01:35","2 Sep 2025, 02:38","","Incline Bench Press (Barbell)",,"",0,"normal",60,9,,,
"FB 1 - Push","2 Sep 2025, 01:35","2 Sep 2025, 02:38","","Incline Bench Press (Barbell)",,"",1,"normal",60,6,,,
"FB 1 - Push","2 Sep 2025, 01:35","2 Sep 2025, 02:38","","Incline Bench Press (Barbell)",,"",2,"normal",55,8,,,
"FB 1 - Push","2 Sep 2025, 01:35","2 Sep 2025, 02:38","","Leg Extension (Machine)",,"",0,"normal",89,12,,,
"FB 1 - Push","2 Sep 2025, 01:35","2 Sep 2025, 02:38","","Leg Extension (Machine)",,"",1,"normal",89,12,,,
"FB 1 - Push","2 Sep 2025, 01:35","2 Sep 2025, 02:38","","Leg Extension (Machine)",,"",2,"normal",89,10,,,
"FB 1 - Push","2 Sep 2025, 01:35","2 Sep 2025, 02:38","","Flat iso-Lateral Press",,"",0,"normal",78,9,,,
"FB 1 - Push","2 Sep 2025, 01:35","2 Sep 2025, 02:38","","Flat iso-Lateral Press",,"",1,"normal",78,7,,,
"FB 1 - Push","2 Sep 2025, 01:35","2 Sep 2025, 02:38","","Flat iso-Lateral Press",,"",2,"normal",68,8,,,
"FB 1 - Push","2 Sep 2025, 01:35","2 Sep 2025, 02:38","","Triceps Extension (Cable)",,"",0,"normal",31.5,8,,,
"FB 1 - Push","2 Sep 2025, 01:35","2 Sep 2025, 02:38","","Triceps Extension (Cable)",,"",1,"normal",31.5,7,,,
"FB 1 - Push","2 Sep 2025, 01:35","2 Sep 2025, 02:38","","Standing Calf Raise (Machine)",,"",0,"normal",85,12,,,
"FB 1 - Push","2 Sep 2025, 01:35","2 Sep 2025, 02:38","","Standing Calf Raise (Machine)",,"",1,"normal",95,10,,,
"FB 1 - Push","2 Sep 2025, 01:35","2 Sep 2025, 02:38","","Triceps Pushdown",,"",0,"normal",31.5,12,,,
"FB 1 - Push","2 Sep 2025, 01:35","2 Sep 2025, 02:38","","Triceps Pushdown",,"",1,"normal",31.5,8,,,
"FB 1 - Push","2 Sep 2025, 01:35","2 Sep 2025, 02:38","","Lateral Raise (Cable)",,"",0,"normal",6.25,12,,,
"FB 1 - Push","2 Sep 2025, 01:35","2 Sep 2025, 02:38","","Lateral Raise (Cable)",,"",1,"normal",5,12,,,
"FB3 - Upper","31 Aug 2025, 00:23","31 Aug 2025, 01:19","","Mag Grip Pulldown",,"",0,"normal",87,10,,,
"FB3 - Upper","31 Aug 2025, 00:23","31 Aug 2025, 01:19","","Mag Grip Pulldown",,"",1,"normal",87,8,,,
"FB3 - Upper","31 Aug 2025, 00:23","31 Aug 2025, 01:19","","Flat iso-Lateral Press",,"",0,"normal",78,8,,,
"FB3 - Upper","31 Aug 2025, 00:23","31 Aug 2025, 01:19","","Flat iso-Lateral Press",,"",1,"normal",78,8,,,
"FB3 - Upper","31 Aug 2025, 00:23","31 Aug 2025, 01:19","","Flat iso-Lateral Press",,"",2,"normal",68,8,,,
"FB3 - Upper","31 Aug 2025, 00:23","31 Aug 2025, 01:19","","Seated Row (Machine)",,"",0,"normal",82,12,,,
"FB3 - Upper","31 Aug 2025, 00:23","31 Aug 2025, 01:19","","Seated Row (Machine)",,"",1,"normal",82,10,,,
"FB3 - Upper","31 Aug 2025, 00:23","31 Aug 2025, 01:19","","Butterfly (Pec Deck)",,"",0,"normal",68,8,,,
"FB3 - Upper","31 Aug 2025, 00:23","31 Aug 2025, 01:19","","Butterfly (Pec Deck)",,"",1,"normal",61,12,,,
"FB3 - Upper","31 Aug 2025, 00:23","31 Aug 2025, 01:19","","Shrug (Machine)",,"",0,"normal",100,15,,,
"FB3 - Upper","31 Aug 2025, 00:23","31 Aug 2025, 01:19","","Shrug (Machine)",,"",1,"normal",100,15,,,
"FB3 - Upper","31 Aug 2025, 00:23","31 Aug 2025, 01:19","","Lateral Raise (Dumbbell)",,"",0,"normal",20,12,,,
"FB3 - Upper","31 Aug 2025, 00:23","31 Aug 2025, 01:19","","Lateral Raise (Dumbbell)",,"",1,"normal",20,12,,,
"Legs + Sharms","29 Aug 2025, 01:33","29 Aug 2025, 02:32","","Hack Squat (Machine)",,"",0,"normal",64,10,,,
"Legs + Sharms","29 Aug 2025, 01:33","29 Aug 2025, 02:32","","Hack Squat (Machine)",,"",1,"normal",64,10,,,
"Legs + Sharms","29 Aug 2025, 01:33","29 Aug 2025, 02:32","","Triceps Extension (Cable)",,"",0,"normal",35,9,,,
"Legs + Sharms","29 Aug 2025, 01:33","29 Aug 2025, 02:32","","Triceps Extension (Cable)",,"",1,"normal",31.5,10,,,
"Legs + Sharms","29 Aug 2025, 01:33","29 Aug 2025, 02:32","","Seated Leg Curl (Machine)",,"",0,"normal",89,10,,,
"Legs + Sharms","29 Aug 2025, 01:33","29 Aug 2025, 02:32","","Seated Leg Curl (Machine)",,"",1,"normal",89,8,,,
"Legs + Sharms","29 Aug 2025, 01:33","29 Aug 2025, 02:32","","Shoulder Press (Machine Plates)",,"",0,"normal",65,12,,,
"Legs + Sharms","29 Aug 2025, 01:33","29 Aug 2025, 02:32","","Shoulder Press (Machine Plates)",,"",1,"normal",65,8,,,
"Legs + Sharms","29 Aug 2025, 01:33","29 Aug 2025, 02:32","","Preacher Curl (Machine)",,"",0,"normal",81,10,,,
"Legs + Sharms","29 Aug 2025, 01:33","29 Aug 2025, 02:32","","Preacher Curl (Machine)",,"",1,"normal",74,10,,,
"Legs + Sharms","29 Aug 2025, 01:33","29 Aug 2025, 02:32","","Preacher Curl (Machine)",,"",2,"normal",74,8,,,
"Legs + Sharms","29 Aug 2025, 01:33","29 Aug 2025, 02:32","","Lateral Raise (Dumbbell)",,"",0,"normal",24,10,,,
"Legs + Sharms","29 Aug 2025, 01:33","29 Aug 2025, 02:32","","Lateral Raise (Dumbbell)",,"",1,"normal",20,12,,,
"FB 2 - Pull","27 Aug 2025, 01:53","27 Aug 2025, 02:47","","Pull Up (Weighted)",,"",0,"normal",25,9,,,
"FB 2 - Pull","27 Aug 2025, 01:53","27 Aug 2025, 02:47","","Pull Up (Weighted)",,"",1,"normal",20,6,,,
"FB 2 - Pull","27 Aug 2025, 01:53","27 Aug 2025, 02:47","","Iso-Lateral Row (Machine)",,"",0,"normal",115,10,,,
"FB 2 - Pull","27 Aug 2025, 01:53","27 Aug 2025, 02:47","","Iso-Lateral Row (Machine)",,"",1,"normal",115,8,,,
"FB 2 - Pull","27 Aug 2025, 01:53","27 Aug 2025, 02:47","","Iso-Lateral Row (Machine)",,"",2,"normal",105,12,,,
"FB 2 - Pull","27 Aug 2025, 01:53","27 Aug 2025, 02:47","","Seated Shoulder Press (Machine)",,"",0,"normal",53,7,,,
"FB 2 - Pull","27 Aug 2025, 01:53","27 Aug 2025, 02:47","","Seated Shoulder Press (Machine)",,"",1,"normal",46,8,,,
"FB 2 - Pull","27 Aug 2025, 01:53","27 Aug 2025, 02:47","","Lat Pulldown (Cable)",,"",0,"normal",77,12,,,
"FB 2 - Pull","27 Aug 2025, 01:53","27 Aug 2025, 02:47","","Lat Pulldown (Cable)",,"",1,"normal",77,10,,,
"FB 2 - Pull","27 Aug 2025, 01:53","27 Aug 2025, 02:47","","Preacher Curl (Machine)",,"",0,"normal",81,6,,,
"FB 2 - Pull","27 Aug 2025, 01:53","27 Aug 2025, 02:47","","Preacher Curl (Machine)",,"",1,"normal",74,7,,,
"FB 2 - Pull","27 Aug 2025, 01:53","27 Aug 2025, 02:47","","Preacher Curl (Machine)",,"",2,"normal",67,8,,,
"FB 1 - Push","26 Aug 2025, 02:02","26 Aug 2025, 02:47","","Bench Press (Barbell)",,"",0,"normal",60,8,,,
"FB 1 - Push","26 Aug 2025, 02:02","26 Aug 2025, 02:47","","Butterfly (Pec Deck)",,"",0,"normal",68,8,,,
"FB 1 - Push","26 Aug 2025, 02:02","26 Aug 2025, 02:47","","Butterfly (Pec Deck)",,"",1,"normal",61,12,,,
"FB 1 - Push","26 Aug 2025, 02:02","26 Aug 2025, 02:47","","Triceps Extension (Cable)",,"",0,"normal",31.5,8,,,
"FB 1 - Push","26 Aug 2025, 02:02","26 Aug 2025, 02:47","","Triceps Extension (Cable)",,"",1,"normal",31.5,8,,,
"FB 1 - Push","26 Aug 2025, 02:02","26 Aug 2025, 02:47","","Flat iso-Lateral Press",,"",0,"normal",78,6,,,
"FB 1 - Push","26 Aug 2025, 02:02","26 Aug 2025, 02:47","","Flat iso-Lateral Press",,"",1,"normal",78,8,,,
"FB 1 - Push","26 Aug 2025, 02:02","26 Aug 2025, 02:47","","Triceps Pushdown",,"",0,"normal",31.5,12,,,
"FB 1 - Push","26 Aug 2025, 02:02","26 Aug 2025, 02:47","","Triceps Pushdown",,"",1,"normal",31.5,12,,,
"FB 1 - Push","26 Aug 2025, 02:02","26 Aug 2025, 02:47","","Lateral Raise (Cable)",,"",0,"normal",5,15,,,
"FB 1 - Push","26 Aug 2025, 02:02","26 Aug 2025, 02:47","","Lateral Raise (Cable)",,"",1,"normal",5,12,,,
"FB3 - Upper","24 Aug 2025, 00:04","24 Aug 2025, 01:09","","Flat iso-Lateral Press",,"",0,"normal",78,11,,,
"FB3 - Upper","24 Aug 2025, 00:04","24 Aug 2025, 01:09","","Flat iso-Lateral Press",,"",1,"normal",78,8,,,
"FB3 - Upper","24 Aug 2025, 00:04","24 Aug 2025, 01:09","","Flat iso-Lateral Press",,"",2,"normal",68,9,,,
"FB3 - Upper","24 Aug 2025, 00:04","24 Aug 2025, 01:09","","Romanian Deadlift (Barbell)",,"",0,"normal",80,8,,,
"FB3 - Upper","24 Aug 2025, 00:04","24 Aug 2025, 01:09","","Romanian Deadlift (Barbell)",,"",1,"normal",80,8,,,
"FB3 - Upper","24 Aug 2025, 00:04","24 Aug 2025, 01:09","","Iso-Lateral Row (Machine)",,"",0,"normal",115,12,,,
"FB3 - Upper","24 Aug 2025, 00:04","24 Aug 2025, 01:09","","Iso-Lateral Row (Machine)",,"",1,"normal",115,10,,,
"FB3 - Upper","24 Aug 2025, 00:04","24 Aug 2025, 01:09","","Hack Squat (Machine)",,"",0,"normal",64,10,,,
"FB3 - Upper","24 Aug 2025, 00:04","24 Aug 2025, 01:09","","Hack Squat (Machine)",,"",1,"normal",64,10,,,
"FB3 - Upper","24 Aug 2025, 00:04","24 Aug 2025, 01:09","","Butterfly (Pec Deck)",,"",0,"normal",68,8,,,
"FB3 - Upper","24 Aug 2025, 00:04","24 Aug 2025, 01:09","","Butterfly (Pec Deck)",,"",1,"normal",61,10,,,
"FB3 - Upper","24 Aug 2025, 00:04","24 Aug 2025, 01:09","","Mag Grip Pulldown",,"",0,"normal",87,8,,,
"FB3 - Upper","24 Aug 2025, 00:04","24 Aug 2025, 01:09","","Mag Grip Pulldown",,"",1,"normal",87,7,,,
"FB3 - Upper","24 Aug 2025, 00:04","24 Aug 2025, 01:09","","Lateral Raise (Dumbbell)",,"",0,"normal",24,8,,,
"FB3 - Upper","24 Aug 2025, 00:04","24 Aug 2025, 01:09","","Lateral Raise (Dumbbell)",,"",1,"normal",20,12,,,
"FB 2 - Pull","20 Aug 2025, 01:44","20 Aug 2025, 02:52","","Pull Up (Weighted)",,"",0,"normal",25,8,,,
"FB 2 - Pull","20 Aug 2025, 01:44","20 Aug 2025, 02:52","","Pull Up (Weighted)",,"",1,"normal",25,6,,,
"FB 2 - Pull","20 Aug 2025, 01:44","20 Aug 2025, 02:52","","Pull Up (Weighted)",,"",2,"normal",15,10,,,
"FB 2 - Pull","20 Aug 2025, 01:44","20 Aug 2025, 02:52","","Iso-Lateral Row (Machine)",,"",0,"normal",115,10,,,
"FB 2 - Pull","20 Aug 2025, 01:44","20 Aug 2025, 02:52","","Iso-Lateral Row (Machine)",,"",1,"normal",115,8,,,
"FB 2 - Pull","20 Aug 2025, 01:44","20 Aug 2025, 02:52","","Iso-Lateral Row (Machine)",,"",2,"normal",115,8,,,
"FB 2 - Pull","20 Aug 2025, 01:44","20 Aug 2025, 02:52","","Lateral Raise (Dumbbell)",,"",0,"normal",24,12,,,
"FB 2 - Pull","20 Aug 2025, 01:44","20 Aug 2025, 02:52","","Lateral Raise (Dumbbell)",,"",1,"normal",20,15,,,
"FB 2 - Pull","20 Aug 2025, 01:44","20 Aug 2025, 02:52","","Lat Pulldown (Cable)",,"",0,"normal",77,12,,,
"FB 2 - Pull","20 Aug 2025, 01:44","20 Aug 2025, 02:52","","Lat Pulldown (Cable)",,"",1,"normal",77,10,,,
"FB 2 - Pull","20 Aug 2025, 01:44","20 Aug 2025, 02:52","","Preacher Curl (Machine)",,"",0,"normal",81,6,,,
"FB 2 - Pull","20 Aug 2025, 01:44","20 Aug 2025, 02:52","","Preacher Curl (Machine)",,"",1,"normal",74,7,,,
"FB 2 - Pull","20 Aug 2025, 01:44","20 Aug 2025, 02:52","","Preacher Curl (Machine)",,"",2,"normal",67,9,,,
"FB 2 - Pull","20 Aug 2025, 01:44","20 Aug 2025, 02:52","","Shrug (Machine)",,"",0,"normal",100,15,,,
"FB 2 - Pull","20 Aug 2025, 01:44","20 Aug 2025, 02:52","","Shrug (Machine)",,"",1,"normal",100,12,,,
"FB 1 - Push","19 Aug 2025, 01:41","19 Aug 2025, 02:47","","Incline Bench Press (Barbell)",,"",0,"normal",60,9,,,
"FB 1 - Push","19 Aug 2025, 01:41","19 Aug 2025, 02:47","","Incline Bench Press (Barbell)",,"",1,"normal",60,6,,,
"FB 1 - Push","19 Aug 2025, 01:41","19 Aug 2025, 02:47","","Incline Bench Press (Barbell)",,"",2,"normal",55,9,,,
"FB 1 - Push","19 Aug 2025, 01:41","19 Aug 2025, 02:47","","Leg Press Horizontal (Machine)",,"",0,"normal",115,8,,,
"FB 1 - Push","19 Aug 2025, 01:41","19 Aug 2025, 02:47","","Leg Press Horizontal (Machine)",,"",1,"normal",115,8,,,
"FB 1 - Push","19 Aug 2025, 01:41","19 Aug 2025, 02:47","","Shoulder Press (Machine Plates)",,"",0,"normal",75,6,,,
"FB 1 - Push","19 Aug 2025, 01:41","19 Aug 2025, 02:47","","Shoulder Press (Machine Plates)",,"",1,"normal",65,6,,,
"FB 1 - Push","19 Aug 2025, 01:41","19 Aug 2025, 02:47","","Flat iso-Lateral Press",,"",0,"normal",78,9,,,
"FB 1 - Push","19 Aug 2025, 01:41","19 Aug 2025, 02:47","","Flat iso-Lateral Press",,"",1,"normal",78,6,,,
"FB 1 - Push","19 Aug 2025, 01:41","19 Aug 2025, 02:47","","Flat iso-Lateral Press",,"",2,"normal",78,8,,,
"FB 1 - Push","19 Aug 2025, 01:41","19 Aug 2025, 02:47","","Triceps Extension (Cable)",,"",0,"normal",31.5,9,,,
"FB 1 - Push","19 Aug 2025, 01:41","19 Aug 2025, 02:47","","Triceps Extension (Cable)",,"",1,"normal",31.5,8,,,
"FB 1 - Push","19 Aug 2025, 01:41","19 Aug 2025, 02:47","","Lateral Raise (Cable)",,"",0,"normal",5,15,,,
"FB 1 - Push","19 Aug 2025, 01:41","19 Aug 2025, 02:47","","Lateral Raise (Cable)",,"",1,"normal",5,12,,,
"FB 1 - Push","19 Aug 2025, 01:41","19 Aug 2025, 02:47","","Triceps Extension (Cable)",,"",0,"normal",31.5,12,,,
"FB3 - Upper","16 Aug 2025, 23:56","17 Aug 2025, 00:56","","Bench Press (Barbell)",,"",0,"normal",70,2,,,
"FB3 - Upper","16 Aug 2025, 23:56","17 Aug 2025, 00:56","","Bench Press (Barbell)",,"",1,"normal",65,5,,,
"FB3 - Upper","16 Aug 2025, 23:56","17 Aug 2025, 00:56","","Bench Press (Barbell)",,"",2,"normal",60,10,,,
"FB3 - Upper","16 Aug 2025, 23:56","17 Aug 2025, 00:56","","Romanian Deadlift (Barbell)",,"",0,"normal",80,8,,,
"FB3 - Upper","16 Aug 2025, 23:56","17 Aug 2025, 00:56","","Romanian Deadlift (Barbell)",,"",1,"normal",80,6,,,
"FB3 - Upper","16 Aug 2025, 23:56","17 Aug 2025, 00:56","","Iso-Lateral Row (Machine)",,"",0,"normal",115,10,,,
"FB3 - Upper","16 Aug 2025, 23:56","17 Aug 2025, 00:56","","Iso-Lateral Row (Machine)",,"",1,"normal",115,8,,,
"FB3 - Upper","16 Aug 2025, 23:56","17 Aug 2025, 00:56","","Iso-Lateral Row (Machine)",,"",2,"normal",115,8,,,
"FB3 - Upper","16 Aug 2025, 23:56","17 Aug 2025, 00:56","","Bulgarian Split Squat",,"",0,"normal",20,8,,,
"FB3 - Upper","16 Aug 2025, 23:56","17 Aug 2025, 00:56","","Bulgarian Split Squat",,"",1,"normal",20,8,,,
"FB3 - Upper","16 Aug 2025, 23:56","17 Aug 2025, 00:56","","Flat iso-Lateral Press",,"",0,"normal",78,10,,,
"FB3 - Upper","16 Aug 2025, 23:56","17 Aug 2025, 00:56","","Flat iso-Lateral Press",,"",1,"normal",78,7,,,
"FB3 - Upper","16 Aug 2025, 23:56","17 Aug 2025, 00:56","","Lat Pulldown (Cable)",,"",0,"normal",87,8,,,
"FB3 - Upper","16 Aug 2025, 23:56","17 Aug 2025, 00:56","","Lat Pulldown (Cable)",,"",1,"normal",77,10,,,
"FB 2 - Pull","13 Aug 2025, 01:41","13 Aug 2025, 02:31","","Pull Up (Weighted)",,"",0,"normal",25,8,,,
"FB 2 - Pull","13 Aug 2025, 01:41","13 Aug 2025, 02:31","","Pull Up (Weighted)",,"",1,"normal",20,6,,,
"FB 2 - Pull","13 Aug 2025, 01:41","13 Aug 2025, 02:31","","Seated Row (Machine)",,"",0,"normal",89,6,,,
"FB 2 - Pull","13 Aug 2025, 01:41","13 Aug 2025, 02:31","","Seated Row (Machine)",,"",1,"normal",82,10,,,
"FB 2 - Pull","13 Aug 2025, 01:41","13 Aug 2025, 02:31","","Seated Row (Machine)",,"",2,"normal",82,8,,,
"FB 2 - Pull","13 Aug 2025, 01:41","13 Aug 2025, 02:31","","Seated Shoulder Press (Machine)",,"",0,"normal",53,8,,,
"FB 2 - Pull","13 Aug 2025, 01:41","13 Aug 2025, 02:31","","Seated Shoulder Press (Machine)",,"",1,"normal",46,8,,,
"FB 2 - Pull","13 Aug 2025, 01:41","13 Aug 2025, 02:31","","Lat Pulldown (Machine)",,"",0,"normal",103,10,,,
"FB 2 - Pull","13 Aug 2025, 01:41","13 Aug 2025, 02:31","","Lat Pulldown (Machine)",,"",1,"normal",103,8,,,
"FB 2 - Pull","13 Aug 2025, 01:41","13 Aug 2025, 02:31","","Lat Pulldown (Machine)",,"",2,"normal",96,10,,,
"FB 2 - Pull","13 Aug 2025, 01:41","13 Aug 2025, 02:31","","Preacher Curl (Machine)",,"",0,"normal",81,6,,,
"FB 2 - Pull","13 Aug 2025, 01:41","13 Aug 2025, 02:31","","Preacher Curl (Machine)",,"",1,"normal",74,8,,,
"FB 2 - Pull","13 Aug 2025, 01:41","13 Aug 2025, 02:31","","Preacher Curl (Machine)",,"",2,"normal",74,7,,,
"FB 1 - Push","12 Aug 2025, 01:49","12 Aug 2025, 02:59","","Incline Bench Press (Barbell)",,"",0,"normal",60,9,,,
"FB 1 - Push","12 Aug 2025, 01:49","12 Aug 2025, 02:59","","Incline Bench Press (Barbell)",,"",1,"normal",60,7,,,
"FB 1 - Push","12 Aug 2025, 01:49","12 Aug 2025, 02:59","","Incline Bench Press (Barbell)",,"",2,"normal",55,8,,,
"FB 1 - Push","12 Aug 2025, 01:49","12 Aug 2025, 02:59","","Linear Hack Squat",,"",0,"normal",100,6,,,
"FB 1 - Push","12 Aug 2025, 01:49","12 Aug 2025, 02:59","","Hack Squat (Machine)",,"",0,"normal",64,10,,,
"FB 1 - Push","12 Aug 2025, 01:49","12 Aug 2025, 02:59","","Hack Squat (Machine)",,"",1,"normal",64,10,,,
"FB 1 - Push","12 Aug 2025, 01:49","12 Aug 2025, 02:59","","Flat iso-Lateral Press",,"",0,"normal",78,9,,,
"FB 1 - Push","12 Aug 2025, 01:49","12 Aug 2025, 02:59","","Flat iso-Lateral Press",,"",1,"normal",78,6,,,
"FB 1 - Push","12 Aug 2025, 01:49","12 Aug 2025, 02:59","","Flat iso-Lateral Press",,"",2,"normal",78,7,,,
"FB 1 - Push","12 Aug 2025, 01:49","12 Aug 2025, 02:59","","Skullcrusher (Barbell)",,"",0,"normal",30,9,,,
"FB 1 - Push","12 Aug 2025, 01:49","12 Aug 2025, 02:59","","Skullcrusher (Barbell)",,"",1,"normal",30,7,,,
"FB 1 - Push","12 Aug 2025, 01:49","12 Aug 2025, 02:59","","Skullcrusher (Barbell)",,"",2,"normal",20,13,,,
"FB 1 - Push","12 Aug 2025, 01:49","12 Aug 2025, 02:59","","Lateral Raise (Cable)",,"",0,"normal",5,15,,,
"FB 1 - Push","12 Aug 2025, 01:49","12 Aug 2025, 02:59","","Lateral Raise (Cable)",,"",1,"normal",5,15,,,
"FB 1 - Push","12 Aug 2025, 01:49","12 Aug 2025, 02:59","","Triceps Pushdown",,"",0,"normal",31.5,12,,,
"FB 1 - Push","12 Aug 2025, 01:49","12 Aug 2025, 02:59","","Triceps Pushdown",,"",1,"normal",31.5,12,,,
"FB 2 - Pull","6 Aug 2025, 01:51","6 Aug 2025, 03:00","","Pull Up (Weighted)",,"",0,"normal",25,9,,,
"FB 2 - Pull","6 Aug 2025, 01:51","6 Aug 2025, 03:00","","Pull Up (Weighted)",,"",1,"normal",20,6,,,
"FB 2 - Pull","6 Aug 2025, 01:51","6 Aug 2025, 03:00","","Seated Leg Curl (Machine)",,"",0,"normal",89,8,,,
"FB 2 - Pull","6 Aug 2025, 01:51","6 Aug 2025, 03:00","","Seated Leg Curl (Machine)",,"",1,"normal",89,9,,,
"FB 2 - Pull","6 Aug 2025, 01:51","6 Aug 2025, 03:00","","Seated Row (Machine)",,"",0,"normal",82,12,,,
"FB 2 - Pull","6 Aug 2025, 01:51","6 Aug 2025, 03:00","","Seated Row (Machine)",,"",1,"normal",82,10,,,
"FB 2 - Pull","6 Aug 2025, 01:51","6 Aug 2025, 03:00","","Seated Row (Machine)",,"",2,"normal",82,8,,,
"FB 2 - Pull","6 Aug 2025, 01:51","6 Aug 2025, 03:00","","Seated Shoulder Press (Machine)",,"",0,"normal",53,7,,,
"FB 2 - Pull","6 Aug 2025, 01:51","6 Aug 2025, 03:00","","Seated Shoulder Press (Machine)",,"",1,"normal",46,7,,,
"FB 2 - Pull","6 Aug 2025, 01:51","6 Aug 2025, 03:00","","Lat Pulldown (Cable)",,"",0,"normal",87,8,,,
"FB 2 - Pull","6 Aug 2025, 01:51","6 Aug 2025, 03:00","","Lat Pulldown (Cable)",,"",1,"normal",77,10,,,
"FB 2 - Pull","6 Aug 2025, 01:51","6 Aug 2025, 03:00","","Lat Pulldown (Cable)",,"",2,"normal",77,8,,,
"FB 2 - Pull","6 Aug 2025, 01:51","6 Aug 2025, 03:00","","Preacher Curl (Machine)",,"",0,"normal",81,6,,,
"FB 2 - Pull","6 Aug 2025, 01:51","6 Aug 2025, 03:00","","Preacher Curl (Machine)",,"",1,"normal",74,8,,,
"FB 2 - Pull","6 Aug 2025, 01:51","6 Aug 2025, 03:00","","Lateral Raise (Dumbbell)",,"",0,"normal",24,9,,,
"FB 2 - Pull","6 Aug 2025, 01:51","6 Aug 2025, 03:00","","Lateral Raise (Dumbbell)",,"",1,"normal",20,12,,,
"FB3 - Upper","2 Aug 2025, 21:16","2 Aug 2025, 22:25","","Bench Press (Barbell)",,"",0,"normal",70,5,,,
"FB3 - Upper","2 Aug 2025, 21:16","2 Aug 2025, 22:25","","Bench Press (Barbell)",,"",1,"normal",65,7,,,
"FB3 - Upper","2 Aug 2025, 21:16","2 Aug 2025, 22:25","","Bench Press (Barbell)",,"",2,"normal",60,8,,,
"FB3 - Upper","2 Aug 2025, 21:16","2 Aug 2025, 22:25","","Iso-Lateral Row (Machine)",,"",0,"normal",115,12,,,
"FB3 - Upper","2 Aug 2025, 21:16","2 Aug 2025, 22:25","","Iso-Lateral Row (Machine)",,"",1,"normal",115,10,,,
"FB3 - Upper","2 Aug 2025, 21:16","2 Aug 2025, 22:25","","Iso-Lateral Row (Machine)",,"",2,"normal",115,8,,,
"FB3 - Upper","2 Aug 2025, 21:16","2 Aug 2025, 22:25","","Flat iso-Lateral Press",,"",0,"normal",78,10,,,
"FB3 - Upper","2 Aug 2025, 21:16","2 Aug 2025, 22:25","","Flat iso-Lateral Press",,"",1,"normal",78,8,,,
"FB3 - Upper","2 Aug 2025, 21:16","2 Aug 2025, 22:25","","Flat iso-Lateral Press",,"",2,"normal",68,8,,,
"FB3 - Upper","2 Aug 2025, 21:16","2 Aug 2025, 22:25","","Lat Pulldown (Machine)",,"",0,"normal",103,11,,,
"FB3 - Upper","2 Aug 2025, 21:16","2 Aug 2025, 22:25","","Lat Pulldown (Machine)",,"",1,"normal",103,10,,,
"FB3 - Upper","2 Aug 2025, 21:16","2 Aug 2025, 22:25","","Lat Pulldown (Machine)",,"",2,"normal",96,10,,,
"FB3 - Upper","2 Aug 2025, 21:16","2 Aug 2025, 22:25","","Lateral Raise (Dumbbell)",,"",0,"normal",24,12,,,
"FB3 - Upper","2 Aug 2025, 21:16","2 Aug 2025, 22:25","","Lateral Raise (Dumbbell)",,"",1,"normal",20,15,,,
"Legs + Sharms","1 Aug 2025, 01:38","1 Aug 2025, 02:55","","Romanian Deadlift (Barbell)",,"",0,"normal",70,8,,,
"Legs + Sharms","1 Aug 2025, 01:38","1 Aug 2025, 02:55","","Romanian Deadlift (Barbell)",,"",1,"normal",70,8,,,
"Legs + Sharms","1 Aug 2025, 01:38","1 Aug 2025, 02:55","","Squat (Barbell)",,"",0,"normal",60,5,,,
"Legs + Sharms","1 Aug 2025, 01:38","1 Aug 2025, 02:55","","Squat (Barbell)",,"",1,"normal",60,5,,,
"Legs + Sharms","1 Aug 2025, 01:38","1 Aug 2025, 02:55","","Squat (Barbell)",,"",2,"normal",50,6,,,
"Legs + Sharms","1 Aug 2025, 01:38","1 Aug 2025, 02:55","","Triceps Extension (Cable)",,"",0,"normal",31.5,10,,,
"Legs + Sharms","1 Aug 2025, 01:38","1 Aug 2025, 02:55","","Triceps Extension (Cable)",,"",1,"normal",31.5,10,,,
"Legs + Sharms","1 Aug 2025, 01:38","1 Aug 2025, 02:55","","Shrug (Machine)",,"",0,"normal",100,15,,,
"Legs + Sharms","1 Aug 2025, 01:38","1 Aug 2025, 02:55","","Shrug (Machine)",,"",1,"normal",100,15,,,
"Legs + Sharms","1 Aug 2025, 01:38","1 Aug 2025, 02:55","","Preacher Curl (Machine)",,"",0,"normal",81,8,,,
"Legs + Sharms","1 Aug 2025, 01:38","1 Aug 2025, 02:55","","Preacher Curl (Machine)",,"",1,"normal",74,10,,,
"Legs + Sharms","1 Aug 2025, 01:38","1 Aug 2025, 02:55","","Preacher Curl (Machine)",,"",2,"normal",74,8,,,
"Legs + Sharms","1 Aug 2025, 01:38","1 Aug 2025, 02:55","","Triceps Pushdown",,"",0,"normal",31.5,12,,,
"Legs + Sharms","1 Aug 2025, 01:38","1 Aug 2025, 02:55","","Triceps Pushdown",,"",1,"normal",31.5,12,,,
"Legs + Sharms","1 Aug 2025, 01:38","1 Aug 2025, 02:55","","Lateral Raise (Dumbbell)",,"",0,"normal",24,12,,,
"Legs + Sharms","1 Aug 2025, 01:38","1 Aug 2025, 02:55","","Lateral Raise (Dumbbell)",,"",1,"normal",20,15,,,
"FB 2 - Pull","30 Jul 2025, 01:58","30 Jul 2025, 02:53","","Pull Up (Weighted)",,"",0,"normal",25,8,,,
"FB 2 - Pull","30 Jul 2025, 01:58","30 Jul 2025, 02:53","","Pull Up (Weighted)",,"",1,"normal",25,6,,,
"FB 2 - Pull","30 Jul 2025, 01:58","30 Jul 2025, 02:53","","Iso-Lateral Row (Machine)",,"",0,"normal",105,12,,,
"FB 2 - Pull","30 Jul 2025, 01:58","30 Jul 2025, 02:53","","Iso-Lateral Row (Machine)",,"",1,"normal",105,10,,,
"FB 2 - Pull","30 Jul 2025, 01:58","30 Jul 2025, 02:53","","Iso-Lateral Row (Machine)",,"",2,"normal",105,10,,,
"FB 2 - Pull","30 Jul 2025, 01:58","30 Jul 2025, 02:53","","Lateral Raise (Dumbbell)",,"",0,"normal",20,15,,,
"FB 2 - Pull","30 Jul 2025, 01:58","30 Jul 2025, 02:53","","Lateral Raise (Dumbbell)",,"",1,"normal",20,15,,,
"FB 2 - Pull","30 Jul 2025, 01:58","30 Jul 2025, 02:53","","Lat Pulldown (Cable)",,"",0,"normal",87,9,,,
"FB 2 - Pull","30 Jul 2025, 01:58","30 Jul 2025, 02:53","","Lat Pulldown (Cable)",,"",1,"normal",87,7,,,
"FB 2 - Pull","30 Jul 2025, 01:58","30 Jul 2025, 02:53","","Lat Pulldown (Cable)",,"",2,"normal",77,10,,,
"FB 2 - Pull","30 Jul 2025, 01:58","30 Jul 2025, 02:53","","Preacher Curl (Machine)",,"",0,"normal",81,6,,,
"FB 2 - Pull","30 Jul 2025, 01:58","30 Jul 2025, 02:53","","Preacher Curl (Machine)",,"",1,"normal",74,7,,,
"FB 2 - Pull","30 Jul 2025, 01:58","30 Jul 2025, 02:53","","Preacher Curl (Machine)",,"",2,"normal",74,6,,,
"FB 1 - Push","29 Jul 2025, 01:40","29 Jul 2025, 02:36","","Incline Bench Press (Barbell)",,"",0,"normal",60,9,,,
"FB 1 - Push","29 Jul 2025, 01:40","29 Jul 2025, 02:36","","Incline Bench Press (Barbell)",,"",1,"normal",60,7,,,
"FB 1 - Push","29 Jul 2025, 01:40","29 Jul 2025, 02:36","","Incline Bench Press (Barbell)",,"",2,"normal",60,5,,,
"FB 1 - Push","29 Jul 2025, 01:40","29 Jul 2025, 02:36","","Leg Press Horizontal (Machine)",,"",0,"normal",115,10,,,
"FB 1 - Push","29 Jul 2025, 01:40","29 Jul 2025, 02:36","","Leg Press Horizontal (Machine)",,"",1,"normal",115,10,,,
"FB 1 - Push","29 Jul 2025, 01:40","29 Jul 2025, 02:36","","Flat iso-Lateral Press",,"",0,"normal",78,9,,,
"FB 1 - Push","29 Jul 2025, 01:40","29 Jul 2025, 02:36","","Flat iso-Lateral Press",,"",1,"normal",78,7,,,
"FB 1 - Push","29 Jul 2025, 01:40","29 Jul 2025, 02:36","","Flat iso-Lateral Press",,"",2,"normal",68,8,,,
"FB 1 - Push","29 Jul 2025, 01:40","29 Jul 2025, 02:36","","Standing Calf Raise (Machine)",,"",0,"normal",95,12,,,
"FB 1 - Push","29 Jul 2025, 01:40","29 Jul 2025, 02:36","","Standing Calf Raise (Machine)",,"",1,"normal",95,10,,,
"FB 1 - Push","29 Jul 2025, 01:40","29 Jul 2025, 02:36","","Standing Calf Raise (Machine)",,"",2,"normal",95,10,,,
"FB 1 - Push","29 Jul 2025, 01:40","29 Jul 2025, 02:36","","Lateral Raise (Cable)",,"",0,"normal",7.5,6,,,
"FB 1 - Push","29 Jul 2025, 01:40","29 Jul 2025, 02:36","","Lateral Raise (Cable)",,"",1,"normal",5,15,,,
"Legs + Sharms","26 Jul 2025, 21:15","26 Jul 2025, 22:45","","Squat (Barbell)",,"",0,"normal",60,5,,,
"Legs + Sharms","26 Jul 2025, 21:15","26 Jul 2025, 22:45","","Squat (Barbell)",,"",1,"normal",50,6,,,
"Legs + Sharms","26 Jul 2025, 21:15","26 Jul 2025, 22:45","","Squat (Barbell)",,"",2,"normal",50,6,,,
"Legs + Sharms","26 Jul 2025, 21:15","26 Jul 2025, 22:45","","Shoulder Press (Machine Plates)",,"",0,"normal",65,10,,,
"Legs + Sharms","26 Jul 2025, 21:15","26 Jul 2025, 22:45","","Shoulder Press (Machine Plates)",,"",1,"normal",65,7,,,
"Legs + Sharms","26 Jul 2025, 21:15","26 Jul 2025, 22:45","","Seated Leg Curl (Machine)",,"",0,"normal",82,12,,,
"Legs + Sharms","26 Jul 2025, 21:15","26 Jul 2025, 22:45","","Seated Leg Curl (Machine)",,"",1,"normal",82,10,,,
"Legs + Sharms","26 Jul 2025, 21:15","26 Jul 2025, 22:45","","Preacher Curl (Machine)",,"",0,"normal",81,9,,,
"Legs + Sharms","26 Jul 2025, 21:15","26 Jul 2025, 22:45","","Preacher Curl (Machine)",,"",1,"normal",74,9,,,
"Legs + Sharms","26 Jul 2025, 21:15","26 Jul 2025, 22:45","","Preacher Curl (Machine)",,"",2,"normal",74,9,,,
"Legs + Sharms","26 Jul 2025, 21:15","26 Jul 2025, 22:45","","Triceps Extension (Cable)",,"",0,"normal",31.5,12,,,
"Legs + Sharms","26 Jul 2025, 21:15","26 Jul 2025, 22:45","","Triceps Extension (Cable)",,"",1,"normal",31.5,9,,,
"Legs + Sharms","26 Jul 2025, 21:15","26 Jul 2025, 22:45","","Rear Delt Reverse Fly (Machine)",,"",0,"normal",61,12,,,
"Legs + Sharms","26 Jul 2025, 21:15","26 Jul 2025, 22:45","","Rear Delt Reverse Fly (Machine)",,"",1,"normal",61,12,,,
"Legs + Sharms","26 Jul 2025, 21:15","26 Jul 2025, 22:45","","Shrug (Machine)",,"",0,"normal",100,15,,,
"Legs + Sharms","26 Jul 2025, 21:15","26 Jul 2025, 22:45","","Shrug (Machine)",,"",1,"normal",100,12,,,
"Legs + Sharms","26 Jul 2025, 21:15","26 Jul 2025, 22:45","","Triceps Pushdown",,"",0,"normal",31.5,12,,,
"Legs + Sharms","26 Jul 2025, 21:15","26 Jul 2025, 22:45","","Triceps Pushdown",,"",1,"normal",31.5,12,,,
"Legs + Sharms","26 Jul 2025, 21:15","26 Jul 2025, 22:45","","Lateral Raise (Dumbbell)",,"",0,"normal",24,10,,,
"Legs + Sharms","26 Jul 2025, 21:15","26 Jul 2025, 22:45","","Lateral Raise (Dumbbell)",,"",1,"normal",20,15,,,
"FB3 - Upper","25 Jul 2025, 01:59","25 Jul 2025, 02:46","","Bench Press (Barbell)",,"",0,"normal",70,5,,,
"FB3 - Upper","25 Jul 2025, 01:59","25 Jul 2025, 02:46","","Bench Press (Barbell)",,"",1,"normal",65,5,,,
"FB3 - Upper","25 Jul 2025, 01:59","25 Jul 2025, 02:46","","Bench Press (Barbell)",,"",2,"normal",60,8,,,
"FB3 - Upper","25 Jul 2025, 01:59","25 Jul 2025, 02:46","","Lat Pulldown (Cable)",,"Mag grip",0,"normal",87,9,,,
"FB3 - Upper","25 Jul 2025, 01:59","25 Jul 2025, 02:46","","Lat Pulldown (Cable)",,"Mag grip",1,"normal",87,7,,,
"FB3 - Upper","25 Jul 2025, 01:59","25 Jul 2025, 02:46","","Lat Pulldown (Cable)",,"Mag grip",2,"normal",77,10,,,
"FB3 - Upper","25 Jul 2025, 01:59","25 Jul 2025, 02:46","","Flat iso-Lateral Press",,"",0,"normal",78,8,,,
"FB3 - Upper","25 Jul 2025, 01:59","25 Jul 2025, 02:46","","Flat iso-Lateral Press",,"",1,"normal",78,6,,,
"FB3 - Upper","25 Jul 2025, 01:59","25 Jul 2025, 02:46","","Flat iso-Lateral Press",,"",2,"normal",68,8,,,
"FB3 - Upper","25 Jul 2025, 01:59","25 Jul 2025, 02:46","","Iso-Lateral Row (Machine)",,"",0,"normal",105,12,,,
"FB3 - Upper","25 Jul 2025, 01:59","25 Jul 2025, 02:46","","Iso-Lateral Row (Machine)",,"",1,"normal",105,10,,,
"FB3 - Upper","25 Jul 2025, 01:59","25 Jul 2025, 02:46","","Iso-Lateral Row (Machine)",,"",2,"normal",105,8,,,
"FB3 - Upper","25 Jul 2025, 01:59","25 Jul 2025, 02:46","","Lateral Raise (Dumbbell)",,"",0,"normal",20,15,,,
"FB3 - Upper","25 Jul 2025, 01:59","25 Jul 2025, 02:46","","Lateral Raise (Dumbbell)",,"",1,"normal",20,14,,,
"FB 2 - Pull","23 Jul 2025, 01:57","23 Jul 2025, 02:57","","Pull Up (Weighted)",,"",0,"normal",20,10,,,
"FB 2 - Pull","23 Jul 2025, 01:57","23 Jul 2025, 02:57","","Pull Up (Weighted)",,"",1,"normal",20,7,,,
"FB 2 - Pull","23 Jul 2025, 01:57","23 Jul 2025, 02:57","","Seated Row (Machine)",,"",0,"normal",82,8,,,
"FB 2 - Pull","23 Jul 2025, 01:57","23 Jul 2025, 02:57","","Seated Row (Machine)",,"",1,"normal",80,8,,,
"FB 2 - Pull","23 Jul 2025, 01:57","23 Jul 2025, 02:57","","Seated Row (Machine)",,"",2,"normal",75,12,,,
"FB 2 - Pull","23 Jul 2025, 01:57","23 Jul 2025, 02:57","","Lying Leg Curl (Machine)",,"",0,"normal",53,10,,,
"FB 2 - Pull","23 Jul 2025, 01:57","23 Jul 2025, 02:57","","Lying Leg Curl (Machine)",,"",1,"normal",53,8,,,
"FB 2 - Pull","23 Jul 2025, 01:57","23 Jul 2025, 02:57","","Preacher Curl (Machine)",,"",0,"normal",81,7,,,
"FB 2 - Pull","23 Jul 2025, 01:57","23 Jul 2025, 02:57","","Preacher Curl (Machine)",,"",1,"normal",74,8,,,
"FB 2 - Pull","23 Jul 2025, 01:57","23 Jul 2025, 02:57","","Preacher Curl (Machine)",,"",2,"normal",67,9,,,
"FB 2 - Pull","23 Jul 2025, 01:57","23 Jul 2025, 02:57","","Lateral Raise (Dumbbell)",,"",0,"normal",20,15,,,
"FB 2 - Pull","23 Jul 2025, 01:57","23 Jul 2025, 02:57","","Lateral Raise (Dumbbell)",,"",1,"normal",20,14,,,
"FB 2 - Pull","23 Jul 2025, 01:57","23 Jul 2025, 02:57","","Lat Pulldown (Machine)",,"",0,"normal",96,12,,,
"FB 2 - Pull","23 Jul 2025, 01:57","23 Jul 2025, 02:57","","Lat Pulldown (Machine)",,"",1,"normal",96,8,,,
"FB 1 - Push","22 Jul 2025, 01:52","22 Jul 2025, 03:07","","Incline Bench Press (Barbell)",,"",0,"normal",60,9,,,
"FB 1 - Push","22 Jul 2025, 01:52","22 Jul 2025, 03:07","","Incline Bench Press (Barbell)",,"",1,"normal",60,6,,,
"FB 1 - Push","22 Jul 2025, 01:52","22 Jul 2025, 03:07","","Incline Bench Press (Barbell)",,"",2,"normal",55,7,,,
"FB 1 - Push","22 Jul 2025, 01:52","22 Jul 2025, 03:07","","Leg Extension (Machine)",,"",0,"normal",89,12,,,
"FB 1 - Push","22 Jul 2025, 01:52","22 Jul 2025, 03:07","","Leg Extension (Machine)",,"",1,"normal",89,12,,,
"FB 1 - Push","22 Jul 2025, 01:52","22 Jul 2025, 03:07","","Leg Extension (Machine)",,"",2,"normal",89,10,,,
"FB 1 - Push","22 Jul 2025, 01:52","22 Jul 2025, 03:07","","Flat iso-Lateral Press",,"",0,"normal",78,9,,,
"FB 1 - Push","22 Jul 2025, 01:52","22 Jul 2025, 03:07","","Flat iso-Lateral Press",,"",1,"normal",78,7,,,
"FB 1 - Push","22 Jul 2025, 01:52","22 Jul 2025, 03:07","","Flat iso-Lateral Press",,"",2,"normal",78,8,,,
"FB 1 - Push","22 Jul 2025, 01:52","22 Jul 2025, 03:07","","Skullcrusher (Barbell)",,"",0,"normal",25,12,,,
"FB 1 - Push","22 Jul 2025, 01:52","22 Jul 2025, 03:07","","Skullcrusher (Barbell)",,"",1,"normal",25,12,,,
"FB 1 - Push","22 Jul 2025, 01:52","22 Jul 2025, 03:07","","Skullcrusher (Barbell)",,"",2,"normal",25,9,,,
"FB 1 - Push","22 Jul 2025, 01:52","22 Jul 2025, 03:07","","Standing Calf Raise (Machine)",,"",0,"normal",85,12,,,
"FB 1 - Push","22 Jul 2025, 01:52","22 Jul 2025, 03:07","","Standing Calf Raise (Machine)",,"",1,"normal",85,10,,,
"FB 1 - Push","22 Jul 2025, 01:52","22 Jul 2025, 03:07","","Standing Calf Raise (Machine)",,"",2,"normal",85,10,,,
"FB 1 - Push","22 Jul 2025, 01:52","22 Jul 2025, 03:07","","Lateral Raise (Cable)",,"",0,"normal",7.5,6,,,
"FB 1 - Push","22 Jul 2025, 01:52","22 Jul 2025, 03:07","","Lateral Raise (Cable)",,"",1,"normal",5,15,,,
"FB3 - Upper","19 Jul 2025, 23:36","20 Jul 2025, 00:30","","Flat iso-Lateral Press",,"",0,"normal",78,11,,,
"FB3 - Upper","19 Jul 2025, 23:36","20 Jul 2025, 00:30","","Flat iso-Lateral Press",,"",1,"normal",78,7,,,
"FB3 - Upper","19 Jul 2025, 23:36","20 Jul 2025, 00:30","","Flat iso-Lateral Press",,"",2,"normal",68,8,,,
"FB3 - Upper","19 Jul 2025, 23:36","20 Jul 2025, 00:30","","Iso-Lateral Row (Machine)",,"",0,"normal",105,12,,,
"FB3 - Upper","19 Jul 2025, 23:36","20 Jul 2025, 00:30","","Iso-Lateral Row (Machine)",,"",1,"normal",105,10,,,
"FB3 - Upper","19 Jul 2025, 23:36","20 Jul 2025, 00:30","","Iso-Lateral Row (Machine)",,"",2,"normal",105,8,,,
"FB3 - Upper","19 Jul 2025, 23:36","20 Jul 2025, 00:30","","Leg Press Horizontal (Machine)",,"",0,"normal",95,10,,,
"FB3 - Upper","19 Jul 2025, 23:36","20 Jul 2025, 00:30","","Leg Press Horizontal (Machine)",,"",1,"normal",95,9,,,
"FB3 - Upper","19 Jul 2025, 23:36","20 Jul 2025, 00:30","","Leg Press Horizontal (Machine)",,"",2,"normal",105,6,,,
"FB3 - Upper","19 Jul 2025, 23:36","20 Jul 2025, 00:30","","Lat Pulldown (Machine)",,"",0,"normal",96,12,,,
"FB3 - Upper","19 Jul 2025, 23:36","20 Jul 2025, 00:30","","Lat Pulldown (Machine)",,"",1,"normal",96,8,,,
"FB3 - Upper","19 Jul 2025, 23:36","20 Jul 2025, 00:30","","Seated Leg Curl (Machine)",,"",0,"normal",75,10,,,
"FB3 - Upper","19 Jul 2025, 23:36","20 Jul 2025, 00:30","","Seated Leg Curl (Machine)",,"",1,"normal",82,8,,,
"FB3 - Upper","19 Jul 2025, 23:36","20 Jul 2025, 00:30","","Lateral Raise (Dumbbell)",,"",0,"normal",20,12,,,
"Sharms","18 Jul 2025, 01:24","18 Jul 2025, 02:38","","Shoulder Press (Machine Plates)",,"",0,"normal",65,12,,,
"Sharms","18 Jul 2025, 01:24","18 Jul 2025, 02:38","","Shoulder Press (Machine Plates)",,"",1,"normal",65,8,,,
"Sharms","18 Jul 2025, 01:24","18 Jul 2025, 02:38","","Shoulder Press (Machine Plates)",,"",2,"normal",60,8,,,
"Sharms","18 Jul 2025, 01:24","18 Jul 2025, 02:38","","Triceps Extension (Cable)",,"",0,"normal",31.5,8,,,
"Sharms","18 Jul 2025, 01:24","18 Jul 2025, 02:38","","Triceps Extension (Cable)",,"",1,"normal",28,11,,,
"Sharms","18 Jul 2025, 01:24","18 Jul 2025, 02:38","","Lateral Raise (Dumbbell)",,"",0,"normal",20,12,,,
"Sharms","18 Jul 2025, 01:24","18 Jul 2025, 02:38","","Lateral Raise (Dumbbell)",,"",1,"normal",20,12,,,
"Sharms","18 Jul 2025, 01:24","18 Jul 2025, 02:38","","Triceps Pushdown",,"",0,"normal",31.5,12,,,
"Sharms","18 Jul 2025, 01:24","18 Jul 2025, 02:38","","Triceps Pushdown",,"",1,"normal",31.5,12,,,
"Sharms","18 Jul 2025, 01:24","18 Jul 2025, 02:38","","Preacher Curl (Machine)",,"",0,"normal",74,12,,,
"Sharms","18 Jul 2025, 01:24","18 Jul 2025, 02:38","","Preacher Curl (Machine)",,"",1,"normal",67,9,,,
"Sharms","18 Jul 2025, 01:24","18 Jul 2025, 02:38","","Preacher Curl (Machine)",,"",2,"normal",67,8,,,
"Sharms","18 Jul 2025, 01:24","18 Jul 2025, 02:38","","Rear Delt Reverse Fly (Machine)",,"",0,"normal",54,12,,,
"Sharms","18 Jul 2025, 01:24","18 Jul 2025, 02:38","","Rear Delt Reverse Fly (Machine)",,"",1,"normal",54,13,,,
"Sharms","18 Jul 2025, 01:24","18 Jul 2025, 02:38","","Crunch (Machine)",,"",0,"normal",40,10,,,
"Sharms","18 Jul 2025, 01:24","18 Jul 2025, 02:38","","Crunch (Machine)",,"",1,"normal",40,8,,,
"Sharms","18 Jul 2025, 01:24","18 Jul 2025, 02:38","","Hammer Curl (Dumbbell)",,"",0,"normal",32,8,,,
"Sharms","18 Jul 2025, 01:24","18 Jul 2025, 02:38","","Hammer Curl (Dumbbell)",,"",1,"normal",28,10,,,
"FB 2","17 Jul 2025, 00:36","17 Jul 2025, 01:37","","Pull Up (Weighted)",,"",0,"normal",20,10,,,
"FB 2","17 Jul 2025, 00:36","17 Jul 2025, 01:37","","Pull Up (Weighted)",,"",1,"normal",20,6,,,
"FB 2","17 Jul 2025, 00:36","17 Jul 2025, 01:37","","Romanian Deadlift (Barbell)",,"",0,"normal",60,8,,,
"FB 2","17 Jul 2025, 00:36","17 Jul 2025, 01:37","","Romanian Deadlift (Barbell)",,"",1,"normal",60,8,,,
"FB 2","17 Jul 2025, 00:36","17 Jul 2025, 01:37","","Seated Row (Machine)",,"",0,"normal",82,8,,,
"FB 2","17 Jul 2025, 00:36","17 Jul 2025, 01:37","","Seated Row (Machine)",,"",1,"normal",75,10,,,
"FB 2","17 Jul 2025, 00:36","17 Jul 2025, 01:37","","Seated Row (Machine)",,"",2,"normal",75,10,,,
"FB 2","17 Jul 2025, 00:36","17 Jul 2025, 01:37","","Lateral Raise (Dumbbell)",,"",0,"normal",24,10,,,
"FB 2","17 Jul 2025, 00:36","17 Jul 2025, 01:37","","Lateral Raise (Dumbbell)",,"",1,"normal",20,15,,,
"FB 2","17 Jul 2025, 00:36","17 Jul 2025, 01:37","","Lateral Raise (Dumbbell)",,"",2,"normal",20,12,,,
"FB 2","17 Jul 2025, 00:36","17 Jul 2025, 01:37","","Preacher Curl (Machine)",,"",0,"normal",74,8,,,
"FB 2","17 Jul 2025, 00:36","17 Jul 2025, 01:37","","Preacher Curl (Machine)",,"",1,"normal",67,10,,,
"FB 2","17 Jul 2025, 00:36","17 Jul 2025, 01:37","","Preacher Curl (Machine)",,"",2,"normal",67,7,,,
"FB 2","17 Jul 2025, 00:36","17 Jul 2025, 01:37","","Lat Pulldown (Cable)",,"",0,"normal",77,10,,,
"FB 2","17 Jul 2025, 00:36","17 Jul 2025, 01:37","","Lat Pulldown (Cable)",,"",1,"normal",67,12,,,
"FB 1","16 Jul 2025, 00:03","16 Jul 2025, 01:16","","Incline Bench Press (Barbell)",,"",0,"normal",55,12,,,
"FB 1","16 Jul 2025, 00:03","16 Jul 2025, 01:16","","Incline Bench Press (Barbell)",,"",1,"normal",55,9,,,
"FB 1","16 Jul 2025, 00:03","16 Jul 2025, 01:16","","Incline Bench Press (Barbell)",,"",2,"normal",55,7,,,
"FB 1","16 Jul 2025, 00:03","16 Jul 2025, 01:16","","Leg Extension (Machine)",,"",0,"normal",89,12,,,
"FB 1","16 Jul 2025, 00:03","16 Jul 2025, 01:16","","Leg Extension (Machine)",,"",1,"normal",89,12,,,
"FB 1","16 Jul 2025, 00:03","16 Jul 2025, 01:16","","Leg Extension (Machine)",,"",2,"normal",82,10,,,
"FB 1","16 Jul 2025, 00:03","16 Jul 2025, 01:16","","Skullcrusher (Barbell)",,"",0,"normal",25,12,,,
"FB 1","16 Jul 2025, 00:03","16 Jul 2025, 01:16","","Skullcrusher (Barbell)",,"",1,"normal",25,10,,,
"FB 1","16 Jul 2025, 00:03","16 Jul 2025, 01:16","","Skullcrusher (Barbell)",,"",2,"normal",25,9,,,
"FB 1","16 Jul 2025, 00:03","16 Jul 2025, 01:16","","Flat iso-Lateral Press",,"",0,"normal",68,8,,,
"FB 1","16 Jul 2025, 00:03","16 Jul 2025, 01:16","","Flat iso-Lateral Press",,"",1,"normal",58,10,,,
"FB 1","16 Jul 2025, 00:03","16 Jul 2025, 01:16","","Standing Calf Raise (Machine)",,"",0,"normal",77.5,12,,,
"FB 1","16 Jul 2025, 00:03","16 Jul 2025, 01:16","","Standing Calf Raise (Machine)",,"",1,"normal",75,12,,,
"FB 1","16 Jul 2025, 00:03","16 Jul 2025, 01:16","","Standing Calf Raise (Machine)",,"",2,"normal",75,12,,,
"FB 1","16 Jul 2025, 00:03","16 Jul 2025, 01:16","","Lateral Raise (Dumbbell)",,"",0,"normal",20,15,,,
"FB 1","16 Jul 2025, 00:03","16 Jul 2025, 01:16","","Lateral Raise (Dumbbell)",,"",1,"normal",20,12,,,
"FB 1","16 Jul 2025, 00:03","16 Jul 2025, 01:16","","Lateral Raise (Dumbbell)",,"",2,"normal",20,12,,,
"FB 1","16 Jul 2025, 00:03","16 Jul 2025, 01:16","","Lateral Raise (Cable)",,"",0,"normal",5,12,,,
"Midday Workout","12 Jul 2025, 22:25","12 Jul 2025, 23:21","","Squat (Barbell)",,"",0,"normal",50,6,,,
"Midday Workout","12 Jul 2025, 22:25","12 Jul 2025, 23:21","","Squat (Barbell)",,"",1,"normal",60,4,,,
"Midday Workout","12 Jul 2025, 22:25","12 Jul 2025, 23:21","","Squat (Barbell)",,"",2,"normal",50,6,,,
"Midday Workout","12 Jul 2025, 22:25","12 Jul 2025, 23:21","","Deadlift (Barbell)",,"",0,"normal",100,3,,,
"Midday Workout","12 Jul 2025, 22:25","12 Jul 2025, 23:21","","Deadlift (Barbell)",,"",1,"normal",80,6,,,
"Midday Workout","12 Jul 2025, 22:25","12 Jul 2025, 23:21","","Seated Leg Curl (Machine)",,"E, 2nd leg pin, middle leg support pin, ",0,"normal",75,12,,,
"Midday Workout","12 Jul 2025, 22:25","12 Jul 2025, 23:21","","Seated Leg Curl (Machine)",,"E, 2nd leg pin, middle leg support pin, ",1,"normal",75,10,,,
"Midday Workout","12 Jul 2025, 22:25","12 Jul 2025, 23:21","","Leg Press Horizontal (Machine)",,"",0,"normal",85,8,,,
"Midday Workout","12 Jul 2025, 22:25","12 Jul 2025, 23:21","","Leg Press Horizontal (Machine)",,"",1,"normal",85,6,,,
"Midday Workout","12 Jul 2025, 22:25","12 Jul 2025, 23:21","","Treadmill",,"",0,"normal",,,1,252,
"Pull","11 Jul 2025, 01:31","11 Jul 2025, 02:10","","Pull Up (Weighted)",,"",0,"normal",20,10,,,
"Pull","11 Jul 2025, 01:31","11 Jul 2025, 02:10","","Pull Up (Weighted)",,"",1,"normal",20,7,,,
"Pull","11 Jul 2025, 01:31","11 Jul 2025, 02:10","","Iso-Lateral Row (Machine)",,"",0,"normal",105,10,,,
"Pull","11 Jul 2025, 01:31","11 Jul 2025, 02:10","","Iso-Lateral Row (Machine)",,"",1,"normal",105,8,,,
"Pull","11 Jul 2025, 01:31","11 Jul 2025, 02:10","","Iso-Lateral Row (Machine)",,"",2,"normal",95,12,,,
"Pull","11 Jul 2025, 01:31","11 Jul 2025, 02:10","","Preacher Curl (Machine)",,"",0,"normal",74,8,,,
"Pull","11 Jul 2025, 01:31","11 Jul 2025, 02:10","","Preacher Curl (Machine)",,"",1,"normal",67,8,,,
"Pull","11 Jul 2025, 01:31","11 Jul 2025, 02:10","","Preacher Curl (Machine)",,"",2,"normal",67,7,,,
"Pull","11 Jul 2025, 01:31","11 Jul 2025, 02:10","","Lat Pulldown (Cable)",,"Normal grip",0,"normal",67,12,,,
"Pull","11 Jul 2025, 01:31","11 Jul 2025, 02:10","","Lat Pulldown (Cable)",,"Normal grip",1,"normal",67,10,,,
"Push","7 Jul 2025, 21:12","7 Jul 2025, 22:11","","Incline Bench Press (Barbell)",,"",0,"normal",55,10,,,
"Push","7 Jul 2025, 21:12","7 Jul 2025, 22:11","","Incline Bench Press (Barbell)",,"",1,"normal",55,9,,,
"Push","7 Jul 2025, 21:12","7 Jul 2025, 22:11","","Incline Bench Press (Barbell)",,"",2,"normal",55,7,,,
"Push","7 Jul 2025, 21:12","7 Jul 2025, 22:11","","Shrug (Machine)",,"",0,"normal",100,15,,,
"Push","7 Jul 2025, 21:12","7 Jul 2025, 22:11","","Shrug (Machine)",,"",1,"normal",100,12,,,
"Push","7 Jul 2025, 21:12","7 Jul 2025, 22:11","","Skullcrusher (Barbell)",,"",0,"normal",25,12,,,
"Push","7 Jul 2025, 21:12","7 Jul 2025, 22:11","","Skullcrusher (Barbell)",,"",1,"normal",25,10,,,
"Push","7 Jul 2025, 21:12","7 Jul 2025, 22:11","","Flat iso-Lateral Press",,"",0,"normal",68,8,,,
"Push","7 Jul 2025, 21:12","7 Jul 2025, 22:11","","Flat iso-Lateral Press",,"",1,"normal",68,7,,,
"Push","7 Jul 2025, 21:12","7 Jul 2025, 22:11","","Triceps Pushdown",,"",0,"normal",28,12,,,
"Push","7 Jul 2025, 21:12","7 Jul 2025, 22:11","","Triceps Pushdown",,"",1,"normal",28,12,,,
"Push","7 Jul 2025, 21:12","7 Jul 2025, 22:11","","Lateral Raise (Dumbbell)",,"",0,"normal",20,15,,,
"Push","7 Jul 2025, 21:12","7 Jul 2025, 22:11","","Lateral Raise (Dumbbell)",,"",1,"normal",20,12,,,
"Push","7 Jul 2025, 21:12","7 Jul 2025, 22:11","","Lateral Raise (Dumbbell)",,"",2,"normal",20,12,,,
"Upper","5 Jul 2025, 21:08","5 Jul 2025, 22:18","","Flat iso-Lateral Press",,"",0,"normal",68,12,,,
"Upper","5 Jul 2025, 21:08","5 Jul 2025, 22:18","","Flat iso-Lateral Press",,"",1,"normal",68,12,,,
"Upper","5 Jul 2025, 21:08","5 Jul 2025, 22:18","","Flat iso-Lateral Press",,"",2,"normal",68,8,,,
"Upper","5 Jul 2025, 21:08","5 Jul 2025, 22:18","","Seated Row (Machine)",,"",0,"normal",82,8,,,
"Upper","5 Jul 2025, 21:08","5 Jul 2025, 22:18","","Seated Row (Machine)",,"",1,"normal",75,12,,,
"Upper","5 Jul 2025, 21:08","5 Jul 2025, 22:18","","Seated Row (Machine)",,"",2,"normal",75,10,,,
"Upper","5 Jul 2025, 21:08","5 Jul 2025, 22:18","","Seated Shoulder Press (Machine)",,"",0,"normal",46,9,,,
"Upper","5 Jul 2025, 21:08","5 Jul 2025, 22:18","","Seated Shoulder Press (Machine)",,"",1,"normal",46,7,,,
"Upper","5 Jul 2025, 21:08","5 Jul 2025, 22:18","","Lat Pulldown (Machine)",,"",0,"normal",96,12,,,
"Upper","5 Jul 2025, 21:08","5 Jul 2025, 22:18","","Lat Pulldown (Machine)",,"",1,"normal",96,8,,,
"Upper","5 Jul 2025, 21:08","5 Jul 2025, 22:18","","Butterfly (Pec Deck)",,"",0,"normal",68,8,,,
"Upper","5 Jul 2025, 21:08","5 Jul 2025, 22:18","","Butterfly (Pec Deck)",,"",1,"normal",61,8,,,
"Upper","5 Jul 2025, 21:08","5 Jul 2025, 22:18","","Lateral Raise (Dumbbell)",,"",0,"normal",20,15,,,
"Upper","5 Jul 2025, 21:08","5 Jul 2025, 22:18","","Lateral Raise (Dumbbell)",,"",1,"normal",20,12,,,
"Upper","5 Jul 2025, 21:08","5 Jul 2025, 22:18","","Lateral Raise (Dumbbell)",,"",2,"normal",20,10,,,
"Pull","2 Jul 2025, 02:08","2 Jul 2025, 02:57","","Pull Up (Weighted)",,"",0,"normal",20,10,,,
"Pull","2 Jul 2025, 02:08","2 Jul 2025, 02:57","","Pull Up (Weighted)",,"",1,"normal",20,8,,,
"Pull","2 Jul 2025, 02:08","2 Jul 2025, 02:57","","Pull Up (Weighted)",,"",2,"normal",15,7,,,
"Pull","2 Jul 2025, 02:08","2 Jul 2025, 02:57","","Iso-Lateral Row (Machine)",,"",0,"normal",105,10,,,
"Pull","2 Jul 2025, 02:08","2 Jul 2025, 02:57","","Iso-Lateral Row (Machine)",,"",1,"normal",105,8,,,
"Pull","2 Jul 2025, 02:08","2 Jul 2025, 02:57","","Iso-Lateral Row (Machine)",,"",2,"normal",95,10,,,
"Pull","2 Jul 2025, 02:08","2 Jul 2025, 02:57","","Preacher Curl (Machine)",,"",0,"normal",74,7,,,
"Pull","2 Jul 2025, 02:08","2 Jul 2025, 02:57","","Preacher Curl (Machine)",,"",1,"normal",67,9,,,
"Pull","2 Jul 2025, 02:08","2 Jul 2025, 02:57","","Preacher Curl (Machine)",,"",2,"normal",67,6,,,
"Pull","2 Jul 2025, 02:08","2 Jul 2025, 02:57","","Seated Shoulder Press (Machine)",,"",0,"normal",46,7,,,
"Pull","2 Jul 2025, 02:08","2 Jul 2025, 02:57","","Seated Shoulder Press (Machine)",,"",1,"normal",46,7,,,
"Pull","2 Jul 2025, 02:08","2 Jul 2025, 02:57","","Hammer Strength Pulldown (Plate Loaded)",,"",0,"normal",43,8,,,
"Pull","25 Jun 2025, 01:49","25 Jun 2025, 02:54","","Pull Up (Weighted)",,"",0,"normal",20,10,,,
"Pull","25 Jun 2025, 01:49","25 Jun 2025, 02:54","","Pull Up (Weighted)",,"",1,"normal",20,7,,,
"Pull","25 Jun 2025, 01:49","25 Jun 2025, 02:54","","Iso-Lateral Row (Machine)",,"",0,"normal",105,10,,,
"Pull","25 Jun 2025, 01:49","25 Jun 2025, 02:54","","Iso-Lateral Row (Machine)",,"",1,"normal",105,10,,,
"Pull","25 Jun 2025, 01:49","25 Jun 2025, 02:54","","Iso-Lateral Row (Machine)",,"",2,"normal",95,12,,,
"Pull","25 Jun 2025, 01:49","25 Jun 2025, 02:54","","Preacher Curl (Machine)",,"",0,"normal",74,8,,,
"Pull","25 Jun 2025, 01:49","25 Jun 2025, 02:54","","Preacher Curl (Machine)",,"",1,"normal",67,8,,,
"Pull","25 Jun 2025, 01:49","25 Jun 2025, 02:54","","Preacher Curl (Machine)",,"",2,"normal",67,8,,,
"Pull","25 Jun 2025, 01:49","25 Jun 2025, 02:54","","Lat Pulldown (Cable)",,"Normal grip",0,"normal",77,10,,,
"Pull","25 Jun 2025, 01:49","25 Jun 2025, 02:54","","Lat Pulldown (Cable)",,"Normal grip",1,"normal",67,10,,,
"Pull","25 Jun 2025, 01:49","25 Jun 2025, 02:54","","Shrug (Machine)",,"",0,"normal",80,15,,,
"Pull","25 Jun 2025, 01:49","25 Jun 2025, 02:54","","Shrug (Machine)",,"",1,"normal",80,15,,,
"Pull","25 Jun 2025, 01:49","25 Jun 2025, 02:54","","Hammer Curl (Cable)",,"",0,"normal",24,8,,,
"Pull","25 Jun 2025, 01:49","25 Jun 2025, 02:54","","Hammer Curl (Cable)",,"",1,"normal",21,10,,,
"Push","24 Jun 2025, 02:03","24 Jun 2025, 03:00","","Bench Press (Barbell)",,"",0,"normal",60,8,,,
"Push","24 Jun 2025, 02:03","24 Jun 2025, 03:00","","Bench Press (Barbell)",,"",1,"normal",60,8,,,
"Push","24 Jun 2025, 02:03","24 Jun 2025, 03:00","","Seated Shoulder Press (Machine)",,"",0,"normal",46,6,,,
"Push","24 Jun 2025, 02:03","24 Jun 2025, 03:00","","Seated Shoulder Press (Machine)",,"",1,"normal",39,10,,,
"Push","24 Jun 2025, 02:03","24 Jun 2025, 03:00","","Flat iso-Lateral Press",,"",0,"normal",68,8,,,
"Push","24 Jun 2025, 02:03","24 Jun 2025, 03:00","","Flat iso-Lateral Press",,"",1,"normal",58,12,,,
"Push","24 Jun 2025, 02:03","24 Jun 2025, 03:00","","Skullcrusher (Barbell)",,"",0,"normal",20,12,,,
"Push","24 Jun 2025, 02:03","24 Jun 2025, 03:00","","Skullcrusher (Barbell)",,"",1,"normal",22,12,,,
"Push","24 Jun 2025, 02:03","24 Jun 2025, 03:00","","Lateral Raise (Dumbbell)",,"",0,"normal",20,15,,,
"Push","24 Jun 2025, 02:03","24 Jun 2025, 03:00","","Lateral Raise (Dumbbell)",,"",1,"normal",20,12,,,
"Push","24 Jun 2025, 02:03","24 Jun 2025, 03:00","","Lateral Raise (Dumbbell)",,"",2,"normal",20,10,,,
"Push","24 Jun 2025, 02:03","24 Jun 2025, 03:00","","Triceps Pushdown",,"",0,"normal",31.5,12,,,
"Push","24 Jun 2025, 02:03","24 Jun 2025, 03:00","","Triceps Pushdown",,"",1,"normal",31.5,10,,,
"Push","24 Jun 2025, 02:03","24 Jun 2025, 03:00","","Hack Squat (Machine)",,"",0,"normal",85,10,,,
"Pull","19 Jun 2025, 01:24","19 Jun 2025, 02:06","","Pull Up (Weighted)",,"",0,"normal",20,9,,,
"Pull","19 Jun 2025, 01:24","19 Jun 2025, 02:06","","Pull Up (Weighted)",,"",1,"normal",20,7,,,
"Pull","19 Jun 2025, 01:24","19 Jun 2025, 02:06","","Iso-Lateral Row (Machine)",,"",0,"normal",105,12,,,
"Pull","19 Jun 2025, 01:24","19 Jun 2025, 02:06","","Iso-Lateral Row (Machine)",,"",1,"normal",105,10,,,
"Pull","19 Jun 2025, 01:24","19 Jun 2025, 02:06","","Iso-Lateral Row (Machine)",,"",2,"normal",95,12,,,
"Pull","19 Jun 2025, 01:24","19 Jun 2025, 02:06","","Preacher Curl (Machine)",,"",0,"normal",74,10,,,
"Pull","19 Jun 2025, 01:24","19 Jun 2025, 02:06","","Preacher Curl (Machine)",,"",1,"normal",67,8,,,
"Pull","19 Jun 2025, 01:24","19 Jun 2025, 02:06","","Preacher Curl (Machine)",,"",2,"normal",67,8,,,
"Pull","19 Jun 2025, 01:24","19 Jun 2025, 02:06","","Lat Pulldown (Cable)",,"Normal grip",0,"normal",77,10,,,
"Pull","19 Jun 2025, 01:24","19 Jun 2025, 02:06","","Lat Pulldown (Cable)",,"Normal grip",1,"normal",77,10,,,
"Push","17 Jun 2025, 01:41","17 Jun 2025, 02:36","","Incline Bench Press (Barbell)",,"",0,"normal",55,10,,,
"Push","17 Jun 2025, 01:41","17 Jun 2025, 02:36","","Incline Bench Press (Barbell)",,"",1,"normal",55,8,,,
"Push","17 Jun 2025, 01:41","17 Jun 2025, 02:36","","Incline Bench Press (Barbell)",,"",2,"normal",55,7,,,
"Push","17 Jun 2025, 01:41","17 Jun 2025, 02:36","","Seated Shoulder Press (Machine)",,"",0,"normal",46,7,,,
"Push","17 Jun 2025, 01:41","17 Jun 2025, 02:36","","Seated Shoulder Press (Machine)",,"",1,"normal",39,10,,,
"Push","17 Jun 2025, 01:41","17 Jun 2025, 02:36","","Triceps Extension (Cable)",,"",0,"normal",31.5,8,,,
"Push","17 Jun 2025, 01:41","17 Jun 2025, 02:36","","Triceps Extension (Cable)",,"",1,"normal",28,11,,,
"Push","17 Jun 2025, 01:41","17 Jun 2025, 02:36","","Flat iso-Lateral Press",,"",0,"normal",68,7,,,
"Push","17 Jun 2025, 01:41","17 Jun 2025, 02:36","","Flat iso-Lateral Press",,"",1,"normal",58,10,,,
"Push","17 Jun 2025, 01:41","17 Jun 2025, 02:36","","Lateral Raise (Dumbbell)",,"",0,"normal",20,15,,,
"Push","17 Jun 2025, 01:41","17 Jun 2025, 02:36","","Lateral Raise (Dumbbell)",,"",1,"normal",20,12,,,
"Push","17 Jun 2025, 01:41","17 Jun 2025, 02:36","","Triceps Pushdown",,"",0,"normal",31.5,12,,,
"Push","17 Jun 2025, 01:41","17 Jun 2025, 02:36","","Triceps Pushdown",,"",1,"normal",28,12,,,
"Upper","14 Jun 2025, 20:31","14 Jun 2025, 21:26","","Flat iso-Lateral Press",,"",0,"normal",68,12,,,
"Upper","14 Jun 2025, 20:31","14 Jun 2025, 21:26","","Flat iso-Lateral Press",,"",1,"normal",68,12,,,
"Upper","14 Jun 2025, 20:31","14 Jun 2025, 21:26","","Flat iso-Lateral Press",,"",2,"normal",68,9,,,
"Upper","14 Jun 2025, 20:31","14 Jun 2025, 21:26","","Seated Row (Machine)",,"",0,"normal",75,12,,,
"Upper","14 Jun 2025, 20:31","14 Jun 2025, 21:26","","Seated Row (Machine)",,"",1,"normal",75,10,,,
"Upper","14 Jun 2025, 20:31","14 Jun 2025, 21:26","","Seated Row (Machine)",,"",2,"normal",75,10,,,
"Upper","14 Jun 2025, 20:31","14 Jun 2025, 21:26","","Hanging Leg Raise",,"",0,"normal",,15,,,
"Upper","14 Jun 2025, 20:31","14 Jun 2025, 21:26","","Hanging Leg Raise",,"",1,"normal",,15,,,
"Upper","14 Jun 2025, 20:31","14 Jun 2025, 21:26","","Shoulder Press (Machine Plates)",,"",0,"normal",65,9,,,
"Upper","14 Jun 2025, 20:31","14 Jun 2025, 21:26","","Shoulder Press (Machine Plates)",,"",1,"normal",55,11,,,
"Upper","14 Jun 2025, 20:31","14 Jun 2025, 21:26","","Lat Pulldown (Machine)",,"",0,"normal",96,9,,,
"Upper","14 Jun 2025, 20:31","14 Jun 2025, 21:26","","Lat Pulldown (Machine)",,"",1,"normal",96,9,,,
"Push","11 Jun 2025, 01:40","11 Jun 2025, 02:11","","Incline Bench Press (Barbell)",,"",0,"normal",55,8,,,
"Push","11 Jun 2025, 01:40","11 Jun 2025, 02:11","","Incline Bench Press (Barbell)",,"",1,"normal",55,8,,,
"Push","11 Jun 2025, 01:40","11 Jun 2025, 02:11","","Shoulder Press (Machine Plates)",,"",0,"normal",55,12,,,
"Push","11 Jun 2025, 01:40","11 Jun 2025, 02:11","","Shoulder Press (Machine Plates)",,"",1,"normal",55,10,,,
"Push","11 Jun 2025, 01:40","11 Jun 2025, 02:11","","Flat iso-Lateral Press",,"",0,"normal",68,8,,,
"Push","11 Jun 2025, 01:40","11 Jun 2025, 02:11","","Flat iso-Lateral Press",,"",1,"normal",58,10,,,
"Push","11 Jun 2025, 01:40","11 Jun 2025, 02:11","","Lateral Raise (Cable)",,"",0,"normal",5,10,,,
"Push","11 Jun 2025, 01:40","11 Jun 2025, 02:11","","Lateral Raise (Cable)",,"",1,"normal",5,10,,,
"Sharms","8 Jun 2025, 21:42","8 Jun 2025, 22:31","","Seated Shoulder Press (Dumbbell) ",,"",0,"normal",40,11,,,
"Sharms","8 Jun 2025, 21:42","8 Jun 2025, 22:31","","Seated Shoulder Press (Dumbbell) ",,"",1,"normal",40,9,,,
"Sharms","8 Jun 2025, 21:42","8 Jun 2025, 22:31","","Seated Shoulder Press (Dumbbell) ",,"",2,"normal",40,9,,,
"Sharms","8 Jun 2025, 21:42","8 Jun 2025, 22:31","","Bicep Curl (Dumbbell)",,"",0,"normal",36,10,,,
"Sharms","8 Jun 2025, 21:42","8 Jun 2025, 22:31","","Bicep Curl (Dumbbell)",,"",1,"normal",36,8,,,
"Sharms","8 Jun 2025, 21:42","8 Jun 2025, 22:31","","Bicep Curl (Dumbbell)",,"",2,"normal",36,12,,,
"Sharms","8 Jun 2025, 21:42","8 Jun 2025, 22:31","","Skullcrusher (Barbell)",,"",0,"normal",20,12,,,
"Sharms","8 Jun 2025, 21:42","8 Jun 2025, 22:31","","Skullcrusher (Barbell)",,"",1,"normal",22,12,,,
"Sharms","8 Jun 2025, 21:42","8 Jun 2025, 22:31","","Skullcrusher (Barbell)",,"",2,"normal",22,11,,,
"Sharms","8 Jun 2025, 21:42","8 Jun 2025, 22:31","","Lateral Raise (Dumbbell)",,"",0,"normal",20,15,,,
"Sharms","8 Jun 2025, 21:42","8 Jun 2025, 22:31","","Lateral Raise (Dumbbell)",,"",1,"normal",20,12,,,
"Sharms","8 Jun 2025, 21:42","8 Jun 2025, 22:31","","Lateral Raise (Dumbbell)",,"",2,"normal",20,10,,,
"Upper","6 Jun 2025, 01:45","6 Jun 2025, 02:55","","Flat iso-Lateral Press",,"",0,"normal",68,12,,,
"Upper","6 Jun 2025, 01:45","6 Jun 2025, 02:55","","Flat iso-Lateral Press",,"",1,"normal",68,10,,,
"Upper","6 Jun 2025, 01:45","6 Jun 2025, 02:55","","Flat iso-Lateral Press",,"",2,"normal",58,12,,,
"Upper","6 Jun 2025, 01:45","6 Jun 2025, 02:55","","Seated Row (Machine)",,"",0,"normal",75,12,,,
"Upper","6 Jun 2025, 01:45","6 Jun 2025, 02:55","","Seated Row (Machine)",,"",1,"normal",75,10,,,
"Upper","6 Jun 2025, 01:45","6 Jun 2025, 02:55","","Seated Row (Machine)",,"",2,"normal",75,10,,,
"Upper","6 Jun 2025, 01:45","6 Jun 2025, 02:55","","Seated Shoulder Press (Machine)",,"",0,"normal",39,12,,,
"Upper","6 Jun 2025, 01:45","6 Jun 2025, 02:55","","Seated Shoulder Press (Machine)",,"",1,"normal",39,10,,,
"Upper","6 Jun 2025, 01:45","6 Jun 2025, 02:55","","Lat Pulldown (Cable)",,"Mag grip",0,"normal",77,12,,,
"Upper","6 Jun 2025, 01:45","6 Jun 2025, 02:55","","Lat Pulldown (Cable)",,"Mag grip",1,"normal",77,10,,,
"Upper","6 Jun 2025, 01:45","6 Jun 2025, 02:55","","Lat Pulldown (Cable)",,"Mag grip",2,"normal",77,8,,,
"Upper","6 Jun 2025, 01:45","6 Jun 2025, 02:55","","Seated Leg Curl (Machine)",,"",0,"normal",75,10,,,
"Upper","6 Jun 2025, 01:45","6 Jun 2025, 02:55","","Seated Leg Curl (Machine)",,"",1,"normal",68,12,,,
"Upper","6 Jun 2025, 01:45","6 Jun 2025, 02:55","","Crunch (Machine)",,"",0,"normal",40,8,,,
"Upper","6 Jun 2025, 01:45","6 Jun 2025, 02:55","","Crunch (Machine)",,"",1,"normal",35,10,,,
"Upper","6 Jun 2025, 01:45","6 Jun 2025, 02:55","","Lateral Raise (Dumbbell)",,"",0,"normal",20,10,,,
"Upper","6 Jun 2025, 01:45","6 Jun 2025, 02:55","","Lateral Raise (Dumbbell)",,"",1,"normal",16,14,,,
"Upper","6 Jun 2025, 01:45","6 Jun 2025, 02:55","","Lateral Raise (Dumbbell)",,"",2,"normal",16,12,,,
"Pull","4 Jun 2025, 01:38","4 Jun 2025, 02:37","","Pull Up (Weighted)",,"",0,"normal",20,10,,,
"Pull","4 Jun 2025, 01:38","4 Jun 2025, 02:37","","Pull Up (Weighted)",,"",1,"normal",20,7,,,
"Pull","4 Jun 2025, 01:38","4 Jun 2025, 02:37","","Pull Up (Weighted)",,"",2,"normal",15,8,,,
"Pull","4 Jun 2025, 01:38","4 Jun 2025, 02:37","","Iso-Lateral Row (Machine)",,"",0,"normal",105,10,,,
"Pull","4 Jun 2025, 01:38","4 Jun 2025, 02:37","","Iso-Lateral Row (Machine)",,"",1,"normal",105,10,,,
"Pull","4 Jun 2025, 01:38","4 Jun 2025, 02:37","","Iso-Lateral Row (Machine)",,"",2,"normal",95,10,,,
"Pull","4 Jun 2025, 01:38","4 Jun 2025, 02:37","","Preacher Curl (Machine)",,"",0,"normal",74,8,,,
"Pull","4 Jun 2025, 01:38","4 Jun 2025, 02:37","","Preacher Curl (Machine)",,"",1,"normal",67,8,,,
"Pull","4 Jun 2025, 01:38","4 Jun 2025, 02:37","","Preacher Curl (Machine)",,"",2,"normal",67,8,,,
"Pull","4 Jun 2025, 01:38","4 Jun 2025, 02:37","","Seated Shoulder Press (Machine)",,"",0,"normal",39,10,,,
"Pull","4 Jun 2025, 01:38","4 Jun 2025, 02:37","","Seated Shoulder Press (Machine)",,"",1,"normal",39,9,,,
"Pull","4 Jun 2025, 01:38","4 Jun 2025, 02:37","","Lat Pulldown (Cable)",,"Normal grip",0,"normal",77,10,,,
"Pull","4 Jun 2025, 01:38","4 Jun 2025, 02:37","","Lat Pulldown (Cable)",,"Normal grip",1,"normal",77,8,,,
"Pull","4 Jun 2025, 01:38","4 Jun 2025, 02:37","","Lat Pulldown (Cable)",,"Normal grip",2,"normal",67,12,,,
"Push","3 Jun 2025, 01:49","3 Jun 2025, 03:07","","Incline Bench Press (Barbell)",,"",0,"normal",55,10,,,
"Push","3 Jun 2025, 01:49","3 Jun 2025, 03:07","","Incline Bench Press (Barbell)",,"",1,"normal",55,7,,,
"Push","3 Jun 2025, 01:49","3 Jun 2025, 03:07","","Incline Bench Press (Barbell)",,"",2,"normal",50,7,,,
"Push","3 Jun 2025, 01:49","3 Jun 2025, 03:07","","Shoulder Press (Machine Plates)",,"",0,"normal",65,6,,,
"Push","3 Jun 2025, 01:49","3 Jun 2025, 03:07","","Shoulder Press (Machine Plates)",,"",1,"normal",55,7,,,
"Push","3 Jun 2025, 01:49","3 Jun 2025, 03:07","","Shoulder Press (Machine Plates)",,"",2,"normal",40,10,,,
"Push","3 Jun 2025, 01:49","3 Jun 2025, 03:07","","Triceps Extension (Cable)",,"",0,"normal",28,12,,,
"Push","3 Jun 2025, 01:49","3 Jun 2025, 03:07","","Triceps Extension (Cable)",,"",1,"normal",28,12,,,
"Push","3 Jun 2025, 01:49","3 Jun 2025, 03:07","","Flat iso-Lateral Press",,"",0,"normal",58,10,,,
"Push","3 Jun 2025, 01:49","3 Jun 2025, 03:07","","Flat iso-Lateral Press",,"",1,"normal",58,8,,,
"Push","3 Jun 2025, 01:49","3 Jun 2025, 03:07","","Lateral Raise (Cable)",,"",0,"normal",5,15,,,
"Push","3 Jun 2025, 01:49","3 Jun 2025, 03:07","","Lateral Raise (Cable)",,"",1,"normal",5,12,,,
"Push","3 Jun 2025, 01:49","3 Jun 2025, 03:07","","Triceps Pushdown",,"",0,"normal",31.5,12,,,
"Push","3 Jun 2025, 01:49","3 Jun 2025, 03:07","","Triceps Pushdown",,"",1,"normal",31.5,9,,,
"Push","3 Jun 2025, 01:49","3 Jun 2025, 03:07","","Leg Extension (Machine)",,"",0,"normal",89,11,,,
"Push","3 Jun 2025, 01:49","3 Jun 2025, 03:07","","Leg Extension (Machine)",,"",1,"normal",89,10,,,
"Push","3 Jun 2025, 01:49","3 Jun 2025, 03:07","","Butterfly (Pec Deck)",,"",0,"normal",68,8,,,
"Push","3 Jun 2025, 01:49","3 Jun 2025, 03:07","","Butterfly (Pec Deck)",,"",1,"normal",61,8,,,
"Upper","30 May 2025, 01:39","30 May 2025, 02:48","","Flat iso-Lateral Press",,"",0,"normal",68,13,,,
"Upper","30 May 2025, 01:39","30 May 2025, 02:48","","Flat iso-Lateral Press",,"",1,"normal",68,10,,,
"Upper","30 May 2025, 01:39","30 May 2025, 02:48","","Flat iso-Lateral Press",,"",2,"normal",68,10,,,
"Upper","30 May 2025, 01:39","30 May 2025, 02:48","","Iso-Lateral Row (Machine)",,"",0,"normal",105,12,,,
"Upper","30 May 2025, 01:39","30 May 2025, 02:48","","Iso-Lateral Row (Machine)",,"",1,"normal",105,10,,,
"Upper","30 May 2025, 01:39","30 May 2025, 02:48","","Shoulder Press (Machine Plates)",,"",0,"normal",55,11,,,
"Upper","30 May 2025, 01:39","30 May 2025, 02:48","","Shoulder Press (Machine Plates)",,"",1,"normal",55,7,,,
"Upper","30 May 2025, 01:39","30 May 2025, 02:48","","Shoulder Press (Machine Plates)",,"",2,"normal",45,11,,,
"Upper","30 May 2025, 01:39","30 May 2025, 02:48","","Lat Pulldown (Machine)",,"",0,"normal",89,12,,,
"Upper","30 May 2025, 01:39","30 May 2025, 02:48","","Lat Pulldown (Machine)",,"",1,"normal",89,12,,,
"Upper","30 May 2025, 01:39","30 May 2025, 02:48","","Lat Pulldown (Machine)",,"",2,"normal",89,10,,,
"Upper","30 May 2025, 01:39","30 May 2025, 02:48","","Triceps Extension (Cable)",,"",0,"normal",31.5,8,,,
"Upper","30 May 2025, 01:39","30 May 2025, 02:48","","Triceps Extension (Cable)",,"",1,"normal",28,12,,,
"Upper","30 May 2025, 01:39","30 May 2025, 02:48","","Lateral Raise (Dumbbell)",,"",0,"normal",24,10,,,
"Upper","30 May 2025, 01:39","30 May 2025, 02:48","","Lateral Raise (Dumbbell)",,"",1,"normal",20,12,,,
"Upper","30 May 2025, 01:39","30 May 2025, 02:48","","Lateral Raise (Dumbbell)",,"",2,"normal",20,10,,,
"Pull","28 May 2025, 01:49","28 May 2025, 02:54","","Pull Up (Weighted)",,"",0,"normal",20,10,,,
"Pull","28 May 2025, 01:49","28 May 2025, 02:54","","Pull Up (Weighted)",,"",1,"normal",20,7,,,
"Pull","28 May 2025, 01:49","28 May 2025, 02:54","","Pull Up (Weighted)",,"",2,"normal",15,7,,,
"Pull","28 May 2025, 01:49","28 May 2025, 02:54","","Iso-Lateral Row (Machine)",,"",0,"normal",105,10,,,
"Pull","28 May 2025, 01:49","28 May 2025, 02:54","","Iso-Lateral Row (Machine)",,"",1,"normal",105,8,,,
"Pull","28 May 2025, 01:49","28 May 2025, 02:54","","Iso-Lateral Row (Machine)",,"",2,"normal",95,12,,,
"Pull","28 May 2025, 01:49","28 May 2025, 02:54","","Preacher Curl (Machine)",,"",0,"normal",74,9,,,
"Pull","28 May 2025, 01:49","28 May 2025, 02:54","","Preacher Curl (Machine)",,"",1,"normal",67,9,,,
"Pull","28 May 2025, 01:49","28 May 2025, 02:54","","Preacher Curl (Machine)",,"",2,"normal",67,7,,,
"Pull","28 May 2025, 01:49","28 May 2025, 02:54","","Shoulder Press (Machine Plates)",,"",0,"normal",45,16,,,
"Pull","28 May 2025, 01:49","28 May 2025, 02:54","","Shoulder Press (Machine Plates)",,"",1,"normal",55,8,,,
"Pull","28 May 2025, 01:49","28 May 2025, 02:54","","Lat Pulldown (Cable)",,"Normal grip + mag grip (second set)",0,"normal",77,10,,,
"Pull","28 May 2025, 01:49","28 May 2025, 02:54","","Lat Pulldown (Cable)",,"Normal grip + mag grip (second set)",1,"normal",77,8,,,
"Pull","28 May 2025, 01:49","28 May 2025, 02:54","","Deadlift (Smith Machine)",,"",0,"normal",100,5,,,
"Pull","28 May 2025, 01:49","28 May 2025, 02:54","","Deadlift (Smith Machine)",,"",1,"normal",60,10,,,
"Push","27 May 2025, 01:56","27 May 2025, 03:05","","Incline Bench Press (Barbell)",,"",0,"normal",55,10,,,
"Push","27 May 2025, 01:56","27 May 2025, 03:05","","Incline Bench Press (Barbell)",,"",1,"normal",55,7,,,
"Push","27 May 2025, 01:56","27 May 2025, 03:05","","Incline Bench Press (Barbell)",,"",2,"normal",50,8,,,
"Push","27 May 2025, 01:56","27 May 2025, 03:05","","Shrug (Machine)",,"",0,"normal",100,15,,,
"Push","27 May 2025, 01:56","27 May 2025, 03:05","","Shrug (Machine)",,"",1,"normal",100,15,,,
"Push","27 May 2025, 01:56","27 May 2025, 03:05","","Triceps Extension (Cable)",,"",0,"normal",28,12,,,
"Push","27 May 2025, 01:56","27 May 2025, 03:05","","Triceps Extension (Cable)",,"",1,"normal",28,12,,,
"Push","27 May 2025, 01:56","27 May 2025, 03:05","","Flat iso-Lateral Press",,"",0,"normal",58,12,,,
"Push","27 May 2025, 01:56","27 May 2025, 03:05","","Flat iso-Lateral Press",,"",1,"normal",58,9,,,
"Push","27 May 2025, 01:56","27 May 2025, 03:05","","Triceps Pushdown",,"",0,"normal",28,12,,,
"Push","27 May 2025, 01:56","27 May 2025, 03:05","","Triceps Pushdown",,"",1,"normal",28,12,,,
"Push","27 May 2025, 01:56","27 May 2025, 03:05","","Lateral Raise (Cable)",,"",0,"normal",5,15,,,
"Push","27 May 2025, 01:56","27 May 2025, 03:05","","Lateral Raise (Cable)",,"",1,"normal",5,15,,,
"Push","27 May 2025, 01:56","27 May 2025, 03:05","","Chest Dip",,"",0,"normal",,12,,,
"Upper","23 May 2025, 00:03","23 May 2025, 01:06","","Flat iso-Lateral Press",,"",0,"normal",68,12,,,
"Upper","23 May 2025, 00:03","23 May 2025, 01:06","","Flat iso-Lateral Press",,"",1,"normal",68,10,,,
"Upper","23 May 2025, 00:03","23 May 2025, 01:06","","Flat iso-Lateral Press",,"",2,"normal",68,9,,,
"Upper","23 May 2025, 00:03","23 May 2025, 01:06","","Seated Row (Machine)",,"",0,"normal",68,12,,,
"Upper","23 May 2025, 00:03","23 May 2025, 01:06","","Seated Row (Machine)",,"",1,"normal",68,10,,,
"Upper","23 May 2025, 00:03","23 May 2025, 01:06","","Seated Row (Machine)",,"",2,"normal",68,10,,,
"Upper","23 May 2025, 00:03","23 May 2025, 01:06","","Crunch (Machine)",,"",0,"normal",40,8,,,
"Upper","23 May 2025, 00:03","23 May 2025, 01:06","","Crunch (Machine)",,"",1,"normal",30,10,,,
"Upper","23 May 2025, 00:03","23 May 2025, 01:06","","Lat Pulldown (Cable)",,"Mag grip",0,"normal",77,10,,,
"Upper","23 May 2025, 00:03","23 May 2025, 01:06","","Lat Pulldown (Cable)",,"Mag grip",1,"normal",72,8,,,
"Upper","23 May 2025, 00:03","23 May 2025, 01:06","","Lat Pulldown (Cable)",,"Mag grip",2,"normal",67,10,,,
"Upper","23 May 2025, 00:03","23 May 2025, 01:06","","Shoulder Press (Machine Plates)",,"",0,"normal",55,12,,,
"Upper","23 May 2025, 00:03","23 May 2025, 01:06","","Shoulder Press (Machine Plates)",,"",1,"normal",55,9,,,
"Push","21 May 2025, 00:58","21 May 2025, 01:55","","Incline Bench Press (Dumbbell)",,"",0,"normal",52,5,,,
"Push","21 May 2025, 00:58","21 May 2025, 01:55","","Incline Bench Press (Dumbbell)",,"",1,"normal",48,9,,,
"Push","21 May 2025, 00:58","21 May 2025, 01:55","","Incline Bench Press (Dumbbell)",,"",2,"normal",48,7,,,
"Push","21 May 2025, 00:58","21 May 2025, 01:55","","Shrug (Machine)",,"",0,"normal",100,15,,,
"Push","21 May 2025, 00:58","21 May 2025, 01:55","","Shrug (Machine)",,"",1,"normal",100,15,,,
"Push","21 May 2025, 00:58","21 May 2025, 01:55","","Triceps Extension (Cable)",,"",0,"normal",28,10,,,
"Push","21 May 2025, 00:58","21 May 2025, 01:55","","Triceps Extension (Cable)",,"",1,"normal",28,10,,,
"Push","21 May 2025, 00:58","21 May 2025, 01:55","","Flat iso-Lateral Press",,"",0,"normal",58,10,,,
"Push","21 May 2025, 00:58","21 May 2025, 01:55","","Flat iso-Lateral Press",,"",1,"normal",58,7,,,
"Push","21 May 2025, 00:58","21 May 2025, 01:55","","Triceps Pushdown",,"",0,"normal",28,12,,,
"Push","21 May 2025, 00:58","21 May 2025, 01:55","","Triceps Pushdown",,"",1,"normal",28,12,,,
"Push","21 May 2025, 00:58","21 May 2025, 01:55","","Lateral Raise (Cable)",,"",0,"normal",5,15,,,
"Push","21 May 2025, 00:58","21 May 2025, 01:55","","Lateral Raise (Cable)",,"",1,"normal",5,15,,,
"Pull","20 May 2025, 01:37","20 May 2025, 02:43","","Pull Up (Weighted)",,"",0,"normal",20,10,,,
"Pull","20 May 2025, 01:37","20 May 2025, 02:43","","Pull Up (Weighted)",,"",1,"normal",20,7,,,
"Pull","20 May 2025, 01:37","20 May 2025, 02:43","","Pull Up (Weighted)",,"",2,"normal",15,8,,,
"Pull","20 May 2025, 01:37","20 May 2025, 02:43","","Iso-Lateral Row (Machine)",,"",0,"normal",105,10,,,
"Pull","20 May 2025, 01:37","20 May 2025, 02:43","","Iso-Lateral Row (Machine)",,"",1,"normal",105,8,,,
"Pull","20 May 2025, 01:37","20 May 2025, 02:43","","Iso-Lateral Row (Machine)",,"",2,"normal",95,10,,,
"Pull","20 May 2025, 01:37","20 May 2025, 02:43","","Preacher Curl (Machine)",,"",0,"normal",67,10,,,
"Pull","20 May 2025, 01:37","20 May 2025, 02:43","","Preacher Curl (Machine)",,"",1,"normal",67,8,,,
"Pull","20 May 2025, 01:37","20 May 2025, 02:43","","Preacher Curl (Machine)",,"",2,"normal",67,7,,,
"Pull","20 May 2025, 01:37","20 May 2025, 02:43","","Shoulder Press (Machine Plates)",,"",0,"normal",65,5,,,
"Pull","20 May 2025, 01:37","20 May 2025, 02:43","","Shoulder Press (Machine Plates)",,"",1,"normal",45,12,,,
"Pull","20 May 2025, 01:37","20 May 2025, 02:43","","Lat Pulldown (Cable)",,"Normal grip",0,"normal",77,10,,,
"Pull","20 May 2025, 01:37","20 May 2025, 02:43","","Lat Pulldown (Cable)",,"Normal grip",1,"normal",72,10,,,
"Pull","20 May 2025, 01:37","20 May 2025, 02:43","","Lat Pulldown (Cable)",,"Normal grip",2,"normal",67,10,,,
"Pull","20 May 2025, 01:37","20 May 2025, 02:43","","Seated Leg Curl (Machine)",,"",0,"normal",75,10,,,
"Pull","20 May 2025, 01:37","20 May 2025, 02:43","","Seated Leg Curl (Machine)",,"",1,"normal",68,10,,,
"Upper","16 May 2025, 01:39","16 May 2025, 02:40","","Flat iso-Lateral Press",,"",0,"normal",68,12,,,
"Upper","16 May 2025, 01:39","16 May 2025, 02:40","","Flat iso-Lateral Press",,"",1,"normal",68,10,,,
"Upper","16 May 2025, 01:39","16 May 2025, 02:40","","Flat iso-Lateral Press",,"",2,"normal",68,8,,,
"Upper","16 May 2025, 01:39","16 May 2025, 02:40","","Lat Pulldown (Cable)",,"Mag grip",0,"normal",77,11,,,
"Upper","16 May 2025, 01:39","16 May 2025, 02:40","","Lat Pulldown (Cable)",,"Mag grip",1,"normal",77,9,,,
"Upper","16 May 2025, 01:39","16 May 2025, 02:40","","Lat Pulldown (Cable)",,"Mag grip",2,"normal",67,9,,,
"Upper","16 May 2025, 01:39","16 May 2025, 02:40","","Hanging Leg Raise",,"",0,"normal",,15,,,
"Upper","16 May 2025, 01:39","16 May 2025, 02:40","","Hanging Leg Raise",,"",1,"normal",,15,,,
"Upper","16 May 2025, 01:39","16 May 2025, 02:40","","Seated Cable Row - V Grip (Cable)",,"",0,"normal",57,10,,,
"Upper","16 May 2025, 01:39","16 May 2025, 02:40","","Seated Cable Row - V Grip (Cable)",,"",1,"normal",57,10,,,
"Upper","16 May 2025, 01:39","16 May 2025, 02:40","","Shoulder Press (Machine Plates)",,"",0,"normal",45,12,,,
"Upper","16 May 2025, 01:39","16 May 2025, 02:40","","Shoulder Press (Machine Plates)",,"",1,"normal",45,10,,,
"Upper","16 May 2025, 01:39","16 May 2025, 02:40","","Shoulder Press (Machine Plates)",,"",2,"normal",45,7,,,
"Pull","14 May 2025, 01:39","14 May 2025, 02:31","","Pull Up (Weighted)",,"",0,"normal",20,8,,,
"Pull","14 May 2025, 01:39","14 May 2025, 02:31","","Pull Up (Weighted)",,"",1,"normal",20,7,,,
"Pull","14 May 2025, 01:39","14 May 2025, 02:31","","Pull Up (Weighted)",,"",2,"normal",15,7,,,
"Pull","14 May 2025, 01:39","14 May 2025, 02:31","","Iso-Lateral Row (Machine)",,"",0,"normal",105,8,,,
"Pull","14 May 2025, 01:39","14 May 2025, 02:31","","Iso-Lateral Row (Machine)",,"",1,"normal",95,12,,,
"Pull","14 May 2025, 01:39","14 May 2025, 02:31","","Iso-Lateral Row (Machine)",,"",2,"normal",95,10,,,
"Pull","14 May 2025, 01:39","14 May 2025, 02:31","","Preacher Curl (Machine)",,"",0,"normal",67,10,,,
"Pull","14 May 2025, 01:39","14 May 2025, 02:31","","Preacher Curl (Machine)",,"",1,"normal",67,8,,,
"Pull","14 May 2025, 01:39","14 May 2025, 02:31","","Preacher Curl (Machine)",,"",2,"normal",67,7,,,
"Pull","14 May 2025, 01:39","14 May 2025, 02:31","","Lat Pulldown (Machine)",,"",0,"normal",96,8,,,
"Pull","14 May 2025, 01:39","14 May 2025, 02:31","","Lat Pulldown (Machine)",,"",1,"normal",89,8,,,
"Pull","14 May 2025, 01:39","14 May 2025, 02:31","","Shoulder Press (Machine Plates)",,"",0,"normal",39,10,,,
"Pull","14 May 2025, 01:39","14 May 2025, 02:31","","Shoulder Press (Machine Plates)",,"",1,"normal",39,8,,,
"Push","13 May 2025, 00:09","13 May 2025, 01:01","","Incline Bench Press (Dumbbell)",,"",0,"normal",48,10,,,
"Push","13 May 2025, 00:09","13 May 2025, 01:01","","Incline Bench Press (Dumbbell)",,"",1,"normal",48,8,,,
"Push","13 May 2025, 00:09","13 May 2025, 01:01","","Incline Bench Press (Dumbbell)",,"",2,"normal",48,7,,,
"Push","13 May 2025, 00:09","13 May 2025, 01:01","","Shrug (Machine)",,"",0,"normal",100,15,,,
"Push","13 May 2025, 00:09","13 May 2025, 01:01","","Shrug (Machine)",,"",1,"normal",100,15,,,
"Push","13 May 2025, 00:09","13 May 2025, 01:01","","Triceps Extension (Cable)",,"",0,"normal",28,12,,,
"Push","13 May 2025, 00:09","13 May 2025, 01:01","","Triceps Extension (Cable)",,"",1,"normal",28,8,,,
"Push","13 May 2025, 00:09","13 May 2025, 01:01","","Bench Press (Smith Machine)",,"",0,"normal",60,8,,,
"Push","13 May 2025, 00:09","13 May 2025, 01:01","","Bench Press (Smith Machine)",,"",1,"normal",60,6,,,
"Push","13 May 2025, 00:09","13 May 2025, 01:01","","Triceps Pushdown",,"",0,"normal",28,12,,,
"Push","13 May 2025, 00:09","13 May 2025, 01:01","","Triceps Pushdown",,"",1,"normal",28,10,,,
"Push","13 May 2025, 00:09","13 May 2025, 01:01","","Lateral Raise (Cable)",,"",0,"normal",5,15,,,
"Push","9 May 2025, 01:39","9 May 2025, 02:43","","Incline Bench Press (Dumbbell)",,"",0,"normal",48,11,,,
"Push","9 May 2025, 01:39","9 May 2025, 02:43","","Incline Bench Press (Dumbbell)",,"",1,"normal",48,8,,,
"Push","9 May 2025, 01:39","9 May 2025, 02:43","","Incline Bench Press (Dumbbell)",,"",2,"normal",48,6,,,
"Push","9 May 2025, 01:39","9 May 2025, 02:43","","Seated Shoulder Press (Machine)",,"",0,"normal",39,6,,,
"Push","9 May 2025, 01:39","9 May 2025, 02:43","","Seated Shoulder Press (Machine)",,"",1,"normal",32,9,,,
"Push","9 May 2025, 01:39","9 May 2025, 02:43","","Triceps Extension (Cable)",,"",0,"normal",28,9,,,
"Push","9 May 2025, 01:39","9 May 2025, 02:43","","Triceps Extension (Cable)",,"",1,"normal",24.5,12,,,
"Push","9 May 2025, 01:39","9 May 2025, 02:43","","Flat iso-Lateral Press",,"",0,"normal",58,10,,,
"Push","9 May 2025, 01:39","9 May 2025, 02:43","","Flat iso-Lateral Press",,"",1,"normal",48,10,,,
"Push","9 May 2025, 01:39","9 May 2025, 02:43","","Triceps Pushdown",,"",0,"normal",28,12,,,
"Push","9 May 2025, 01:39","9 May 2025, 02:43","","Triceps Pushdown",,"",1,"normal",24.5,12,,,
"Push","9 May 2025, 01:39","9 May 2025, 02:43","","Lateral Raise (Cable)",,"",0,"normal",7.5,6,,,
"Push","9 May 2025, 01:39","9 May 2025, 02:43","","Lateral Raise (Cable)",,"",1,"normal",5,15,,,
"Push","9 May 2025, 01:39","9 May 2025, 02:43","","Leg Extension (Machine)",,"",0,"normal",82,10,,,
"Push","9 May 2025, 01:39","9 May 2025, 02:43","","Leg Extension (Machine)",,"",1,"normal",82,12,,,
"Pull","6 May 2025, 01:52","6 May 2025, 02:52","","Pull Up (Weighted)",,"",0,"normal",20,8,,,
"Pull","6 May 2025, 01:52","6 May 2025, 02:52","","Pull Up (Weighted)",,"",1,"normal",15,10,,,
"Pull","6 May 2025, 01:52","6 May 2025, 02:52","","Pull Up (Weighted)",,"",2,"normal",10,9,,,
"Pull","6 May 2025, 01:52","6 May 2025, 02:52","","Iso-Lateral Row (Machine)",,"",0,"normal",105,8,,,
"Pull","6 May 2025, 01:52","6 May 2025, 02:52","","Iso-Lateral Row (Machine)",,"",1,"normal",95,12,,,
"Pull","6 May 2025, 01:52","6 May 2025, 02:52","","Iso-Lateral Row (Machine)",,"",2,"normal",95,10,,,
"Pull","6 May 2025, 01:52","6 May 2025, 02:52","","Preacher Curl (Machine)",,"",0,"normal",67,11,,,
"Pull","6 May 2025, 01:52","6 May 2025, 02:52","","Preacher Curl (Machine)",,"",1,"normal",67,8,,,
"Pull","6 May 2025, 01:52","6 May 2025, 02:52","","Preacher Curl (Machine)",,"",2,"normal",60,12,,,
"Pull","6 May 2025, 01:52","6 May 2025, 02:52","","Shoulder Press (Machine Plates)",,"",0,"normal",39,10,,,
"Pull","6 May 2025, 01:52","6 May 2025, 02:52","","Shoulder Press (Machine Plates)",,"",1,"normal",39,7,,,
"Pull","6 May 2025, 01:52","6 May 2025, 02:52","","Lat Pulldown (Cable)",,"Normal grip",0,"normal",67,12,,,
"Pull","6 May 2025, 01:52","6 May 2025, 02:52","","Lat Pulldown (Cable)",,"Normal grip",1,"normal",67,12,,,
"Pull","6 May 2025, 01:52","6 May 2025, 02:52","","Shrug (Machine)",,"",0,"normal",100,15,,,
"Pull","6 May 2025, 01:52","6 May 2025, 02:52","","Shrug (Machine)",,"",1,"normal",100,12,,,
"Push","27 Apr 2025, 00:05","27 Apr 2025, 00:46","","Incline Bench Press (Smith Machine)",,"",0,"normal",60,9,,,
"Push","27 Apr 2025, 00:05","27 Apr 2025, 00:46","","Incline Bench Press (Smith Machine)",,"",1,"normal",60,6,,,
"Push","27 Apr 2025, 00:05","27 Apr 2025, 00:46","","Seated Shoulder Press (Machine)",,"",0,"normal",39,6,,,
"Push","27 Apr 2025, 00:05","27 Apr 2025, 00:46","","Seated Shoulder Press (Machine)",,"",1,"normal",32,7,,,
"Push","27 Apr 2025, 00:05","27 Apr 2025, 00:46","","Triceps Extension (Cable)",,"",0,"normal",28,9,,,
"Push","27 Apr 2025, 00:05","27 Apr 2025, 00:46","","Triceps Extension (Cable)",,"",1,"dropset",24.5,12,,,
"Push","27 Apr 2025, 00:05","27 Apr 2025, 00:46","","Flat iso-Lateral Press",,"",0,"normal",58,9,,,
"Push","27 Apr 2025, 00:05","27 Apr 2025, 00:46","","Flat iso-Lateral Press",,"",1,"normal",58,9,,,
"Push","27 Apr 2025, 00:05","27 Apr 2025, 00:46","","Triceps Pushdown",,"",0,"normal",28,12,,,
"Push","27 Apr 2025, 00:05","27 Apr 2025, 00:46","","Triceps Pushdown",,"",1,"normal",28,10,,,
"Push","27 Apr 2025, 00:05","27 Apr 2025, 00:46","","Lateral Raise (Machine)",,"",0,"normal",32,10,,,
"Push","27 Apr 2025, 00:05","27 Apr 2025, 00:46","","Lateral Raise (Machine)",,"",1,"normal",25,10,,,
"Pull","24 Apr 2025, 21:41","24 Apr 2025, 22:44","","Pull Up (Weighted)",,"",0,"normal",20,8,,,
"Pull","24 Apr 2025, 21:41","24 Apr 2025, 22:44","","Pull Up (Weighted)",,"",1,"normal",15,9,,,
"Pull","24 Apr 2025, 21:41","24 Apr 2025, 22:44","","Pull Up (Weighted)",,"",2,"normal",15,7,,,
"Pull","24 Apr 2025, 21:41","24 Apr 2025, 22:44","","Iso-Lateral Row (Machine)",,"",0,"normal",105,8,,,
"Pull","24 Apr 2025, 21:41","24 Apr 2025, 22:44","","Iso-Lateral Row (Machine)",,"",1,"normal",105,8,,,
"Pull","24 Apr 2025, 21:41","24 Apr 2025, 22:44","","Iso-Lateral Row (Machine)",,"",2,"normal",85,12,,,
"Pull","24 Apr 2025, 21:41","24 Apr 2025, 22:44","","Preacher Curl (Machine)",,"",0,"normal",74,6,,,
"Pull","24 Apr 2025, 21:41","24 Apr 2025, 22:44","","Preacher Curl (Machine)",,"",1,"normal",67,8,,,
"Pull","24 Apr 2025, 21:41","24 Apr 2025, 22:44","","Preacher Curl (Machine)",,"",2,"normal",67,8,,,
"Pull","24 Apr 2025, 21:41","24 Apr 2025, 22:44","","Lat Pulldown (Cable)",,"Normal grip",0,"normal",67,12,,,
"Pull","24 Apr 2025, 21:41","24 Apr 2025, 22:44","","Lat Pulldown (Cable)",,"Normal grip",1,"normal",67,12,,,
"Pull","24 Apr 2025, 21:41","24 Apr 2025, 22:44","","Shrug (Machine)",,"",0,"normal",100,15,,,
"Pull","24 Apr 2025, 21:41","24 Apr 2025, 22:44","","Shrug (Machine)",,"",1,"normal",100,15,,,
"Pull","24 Apr 2025, 21:41","24 Apr 2025, 22:44","","Seated Shoulder Press (Machine)",,"",0,"normal",39,10,,,
"Pull","24 Apr 2025, 21:41","24 Apr 2025, 22:44","","Seated Shoulder Press (Machine)",,"",1,"normal",39,8,,,
"Push","22 Apr 2025, 21:08","22 Apr 2025, 22:13","","Incline Bench Press (Smith Machine)",,"",0,"normal",60,12,,,
"Push","22 Apr 2025, 21:08","22 Apr 2025, 22:13","","Incline Bench Press (Smith Machine)",,"",1,"normal",60,9,,,
"Push","22 Apr 2025, 21:08","22 Apr 2025, 22:13","","Incline Bench Press (Smith Machine)",,"",2,"normal",60,6,,,
"Push","22 Apr 2025, 21:08","22 Apr 2025, 22:13","","Seated Shoulder Press (Machine)",,"",0,"normal",39,8,,,
"Push","22 Apr 2025, 21:08","22 Apr 2025, 22:13","","Seated Shoulder Press (Machine)",,"",1,"normal",39,6,,,
"Push","22 Apr 2025, 21:08","22 Apr 2025, 22:13","","Seated Shoulder Press (Machine)",,"",2,"normal",32,9,,,
"Push","22 Apr 2025, 21:08","22 Apr 2025, 22:13","","Triceps Extension (Cable)",,"",0,"normal",28,10,,,
"Push","22 Apr 2025, 21:08","22 Apr 2025, 22:13","","Triceps Extension (Cable)",,"",1,"normal",24.5,12,,,
"Push","22 Apr 2025, 21:08","22 Apr 2025, 22:13","","Flat iso-Lateral Press",,"",0,"normal",58,8,,,
"Push","22 Apr 2025, 21:08","22 Apr 2025, 22:13","","Flat iso-Lateral Press",,"",1,"normal",58,9,,,
"Push","22 Apr 2025, 21:08","22 Apr 2025, 22:13","","Triceps Pushdown",,"",0,"normal",28,12,,,
"Push","22 Apr 2025, 21:08","22 Apr 2025, 22:13","","Triceps Pushdown",,"",1,"normal",28,12,,,
"Push","22 Apr 2025, 21:08","22 Apr 2025, 22:13","","Lateral Raise (Cable)",,"",0,"normal",5,15,,,
"Push","22 Apr 2025, 21:08","22 Apr 2025, 22:13","","Lateral Raise (Cable)",,"",1,"normal",5,15,,,
"Morning Workout","20 Apr 2025, 21:13","20 Apr 2025, 22:07","","Incline Bench Press (Dumbbell)",,"",0,"normal",40,15,,,
"Morning Workout","20 Apr 2025, 21:13","20 Apr 2025, 22:07","","Incline Bench Press (Dumbbell)",,"",1,"normal",40,12,,,
"Morning Workout","20 Apr 2025, 21:13","20 Apr 2025, 22:07","","Incline Bench Press (Dumbbell)",,"",2,"normal",40,12,,,
"Morning Workout","20 Apr 2025, 21:13","20 Apr 2025, 22:07","","Bicep Curl (Dumbbell)",,"",0,"normal",30,12,,,
"Morning Workout","20 Apr 2025, 21:13","20 Apr 2025, 22:07","","Bicep Curl (Dumbbell)",,"",1,"normal",30,11,,,
"Morning Workout","20 Apr 2025, 21:13","20 Apr 2025, 22:07","","Bicep Curl (Dumbbell)",,"",2,"normal",30,8,,,
"Morning Workout","20 Apr 2025, 21:13","20 Apr 2025, 22:07","","Overhead Press (Dumbbell)",,"",0,"normal",36,12,,,
"Morning Workout","20 Apr 2025, 21:13","20 Apr 2025, 22:07","","Overhead Press (Dumbbell)",,"",1,"normal",36,10,,,
"Morning Workout","20 Apr 2025, 21:13","20 Apr 2025, 22:07","","Overhead Press (Dumbbell)",,"",2,"normal",36,8,,,
"Morning Workout","20 Apr 2025, 21:13","20 Apr 2025, 22:07","","Dumbbell Row",,"",0,"normal",24,12,,,
"Morning Workout","20 Apr 2025, 21:13","20 Apr 2025, 22:07","","Dumbbell Row",,"",1,"normal",24,12,,,
"Morning Workout","20 Apr 2025, 21:13","20 Apr 2025, 22:07","","Lateral Raise (Dumbbell)",,"",0,"normal",20,14,,,
"Morning Workout","20 Apr 2025, 21:13","20 Apr 2025, 22:07","","Lateral Raise (Dumbbell)",,"",1,"normal",20,12,,,
"Pull","16 Apr 2025, 20:38","16 Apr 2025, 21:00","","Pull Up (Weighted)",,"",0,"normal",20,8,,,
"Pull","16 Apr 2025, 20:38","16 Apr 2025, 21:00","","Pull Up (Weighted)",,"",1,"normal",15,8,,,
"Pull","16 Apr 2025, 20:38","16 Apr 2025, 21:00","","Pull Up (Weighted)",,"",2,"normal",10,10,,,
"Pull","16 Apr 2025, 20:38","16 Apr 2025, 21:00","","Iso-Lateral Row (Machine)",,"",0,"normal",105,8,,,
"Pull","16 Apr 2025, 20:38","16 Apr 2025, 21:00","","Iso-Lateral Row (Machine)",,"",1,"normal",105,8,,,
"Pull","16 Apr 2025, 20:38","16 Apr 2025, 21:00","","Preacher Curl (Machine)",,"",0,"normal",67,10,,,
"Pull","16 Apr 2025, 20:38","16 Apr 2025, 21:00","","Preacher Curl (Machine)",,"",1,"normal",67,8,,,
"Push","16 Apr 2025, 00:38","16 Apr 2025, 01:28","","Incline Bench Press (Smith Machine)",,"",0,"normal",60,12,,,
"Push","16 Apr 2025, 00:38","16 Apr 2025, 01:28","","Incline Bench Press (Smith Machine)",,"",1,"normal",60,8,,,
"Push","16 Apr 2025, 00:38","16 Apr 2025, 01:28","","Incline Bench Press (Smith Machine)",,"",2,"normal",60,6,,,
"Push","16 Apr 2025, 00:38","16 Apr 2025, 01:28","","Seated Shoulder Press (Machine)",,"",0,"normal",39,8,,,
"Push","16 Apr 2025, 00:38","16 Apr 2025, 01:28","","Seated Shoulder Press (Machine)",,"",1,"normal",39,6,,,
"Push","16 Apr 2025, 00:38","16 Apr 2025, 01:28","","Seated Shoulder Press (Machine)",,"",2,"normal",39,8,,,
"Push","16 Apr 2025, 00:38","16 Apr 2025, 01:28","","Triceps Extension (Cable)",,"",0,"normal",28,6,,,
"Push","16 Apr 2025, 00:38","16 Apr 2025, 01:28","","Triceps Extension (Cable)",,"",1,"normal",24.5,12,,,
"Push","16 Apr 2025, 00:38","16 Apr 2025, 01:28","","Flat iso-Lateral Press",,"",0,"normal",58,8,,,
"Push","16 Apr 2025, 00:38","16 Apr 2025, 01:28","","Flat iso-Lateral Press",,"",1,"normal",48,12,,,
"Push","16 Apr 2025, 00:38","16 Apr 2025, 01:28","","Triceps Pushdown",,"",0,"normal",28,8,,,
"Push","16 Apr 2025, 00:38","16 Apr 2025, 01:28","","Triceps Pushdown",,"",1,"dropset",24.5,12,,,
"Push","16 Apr 2025, 00:38","16 Apr 2025, 01:28","","Lateral Raise (Cable)",,"",0,"normal",5,15,,,
"Pull","15 Apr 2025, 05:22","15 Apr 2025, 06:26","","Pull Up (Weighted)",,"",0,"normal",20,8,,,
"Pull","15 Apr 2025, 05:22","15 Apr 2025, 06:26","","Pull Up (Weighted)",,"",1,"normal",15,10,,,
"Pull","15 Apr 2025, 05:22","15 Apr 2025, 06:26","","Pull Up (Weighted)",,"",2,"normal",15,6,,,
"Pull","15 Apr 2025, 05:22","15 Apr 2025, 06:26","","Iso-Lateral Row (Machine)",,"",0,"normal",105,8,,,
"Pull","15 Apr 2025, 05:22","15 Apr 2025, 06:26","","Iso-Lateral Row (Machine)",,"",1,"normal",105,8,,,
"Pull","15 Apr 2025, 05:22","15 Apr 2025, 06:26","","Iso-Lateral Row (Machine)",,"",2,"normal",105,8,,,
"Pull","15 Apr 2025, 05:22","15 Apr 2025, 06:26","","Preacher Curl (Machine)",,"",0,"normal",67,10,,,
"Pull","15 Apr 2025, 05:22","15 Apr 2025, 06:26","","Preacher Curl (Machine)",,"",1,"normal",67,8,,,
"Pull","15 Apr 2025, 05:22","15 Apr 2025, 06:26","","Preacher Curl (Machine)",,"",2,"normal",67,7,,,
"Pull","15 Apr 2025, 05:22","15 Apr 2025, 06:26","","Lat Pulldown (Cable)",,"Normal grip",0,"normal",67,12,,,
"Pull","15 Apr 2025, 05:22","15 Apr 2025, 06:26","","Lat Pulldown (Cable)",,"Normal grip",1,"normal",67,12,,,
"Pull","15 Apr 2025, 05:22","15 Apr 2025, 06:26","","Shrug (Machine)",,"",0,"normal",100,15,,,
"Pull","15 Apr 2025, 05:22","15 Apr 2025, 06:26","","Shrug (Machine)",,"",1,"normal",100,15,,,
"Push","11 Apr 2025, 01:42","11 Apr 2025, 02:33","","Incline Bench Press (Smith Machine)",,"",0,"normal",60,12,,,
"Push","11 Apr 2025, 01:42","11 Apr 2025, 02:33","","Incline Bench Press (Smith Machine)",,"",1,"normal",60,9,,,
"Push","11 Apr 2025, 01:42","11 Apr 2025, 02:33","","Incline Bench Press (Smith Machine)",,"",2,"normal",60,7,,,
"Push","11 Apr 2025, 01:42","11 Apr 2025, 02:33","","Seated Shoulder Press (Machine)",,"",0,"normal",39,8,,,
"Push","11 Apr 2025, 01:42","11 Apr 2025, 02:33","","Seated Shoulder Press (Machine)",,"",1,"normal",32,9,,,
"Push","11 Apr 2025, 01:42","11 Apr 2025, 02:33","","Triceps Extension (Cable)",,"",0,"normal",28,10,,,
"Push","11 Apr 2025, 01:42","11 Apr 2025, 02:33","","Triceps Extension (Cable)",,"",1,"normal",24.5,12,,,
"Push","11 Apr 2025, 01:42","11 Apr 2025, 02:33","","Decline Iso Lateral Press",,"",0,"normal",72,12,,,
"Push","11 Apr 2025, 01:42","11 Apr 2025, 02:33","","Decline Iso Lateral Press",,"",1,"normal",72,11,,,
"Push","11 Apr 2025, 01:42","11 Apr 2025, 02:33","","Triceps Pushdown",,"",0,"normal",28,12,,,
"Push","11 Apr 2025, 01:42","11 Apr 2025, 02:33","","Triceps Pushdown",,"",1,"normal",28,10,,,
"Push","11 Apr 2025, 01:42","11 Apr 2025, 02:33","","Lateral Raise (Cable)",,"",0,"normal",5,15,,,
"Push","11 Apr 2025, 01:42","11 Apr 2025, 02:33","","Lateral Raise (Cable)",,"",1,"normal",5,15,,,
"Pull","8 Apr 2025, 01:44","8 Apr 2025, 02:44","","Pull Up (Weighted)",,"",0,"normal",20,8,,,
"Pull","8 Apr 2025, 01:44","8 Apr 2025, 02:44","","Pull Up (Weighted)",,"",1,"normal",15,10,,,
"Pull","8 Apr 2025, 01:44","8 Apr 2025, 02:44","","Pull Up (Weighted)",,"",2,"normal",15,8,,,
"Pull","8 Apr 2025, 01:44","8 Apr 2025, 02:44","","Iso-Lateral Row (Machine)",,"",0,"normal",105,8,,,
"Pull","8 Apr 2025, 01:44","8 Apr 2025, 02:44","","Iso-Lateral Row (Machine)",,"",1,"normal",105,8,,,
"Pull","8 Apr 2025, 01:44","8 Apr 2025, 02:44","","Iso-Lateral Row (Machine)",,"",2,"normal",105,8,,,
"Pull","8 Apr 2025, 01:44","8 Apr 2025, 02:44","","Preacher Curl (Machine)",,"",0,"normal",67,10,,,
"Pull","8 Apr 2025, 01:44","8 Apr 2025, 02:44","","Preacher Curl (Machine)",,"",1,"normal",67,8,,,
"Pull","8 Apr 2025, 01:44","8 Apr 2025, 02:44","","Preacher Curl (Machine)",,"",2,"normal",67,8,,,
"Pull","8 Apr 2025, 01:44","8 Apr 2025, 02:44","","Lat Pulldown (Machine)",,"",0,"normal",89,10,,,
"Pull","8 Apr 2025, 01:44","8 Apr 2025, 02:44","","Lat Pulldown (Machine)",,"",1,"normal",89,10,,,
"Pull","8 Apr 2025, 01:44","8 Apr 2025, 02:44","","Shrug (Machine)",,"",0,"normal",100,15,,,
"Pull","8 Apr 2025, 01:44","8 Apr 2025, 02:44","","Shrug (Machine)",,"",1,"normal",100,15,,,
"Push","3 Apr 2025, 01:38","3 Apr 2025, 02:14","","Incline Bench Press (Smith Machine)",,"",0,"normal",60,10,,,
"Push","3 Apr 2025, 01:38","3 Apr 2025, 02:14","","Incline Bench Press (Smith Machine)",,"",1,"normal",60,8,,,
"Push","3 Apr 2025, 01:38","3 Apr 2025, 02:14","","Incline Bench Press (Smith Machine)",,"",2,"normal",60,7,,,
"Push","3 Apr 2025, 01:38","3 Apr 2025, 02:14","","Seated Shoulder Press (Machine)",,"",0,"normal",39,7,,,
"Push","3 Apr 2025, 01:38","3 Apr 2025, 02:14","","Seated Shoulder Press (Machine)",,"",1,"normal",39,6,,,
"Push","3 Apr 2025, 01:38","3 Apr 2025, 02:14","","Flat iso-Lateral Press",,"",0,"normal",58,12,,,
"Push","3 Apr 2025, 01:38","3 Apr 2025, 02:14","","Flat iso-Lateral Press",,"",1,"normal",58,10,,,
"Push","3 Apr 2025, 01:38","3 Apr 2025, 02:14","","Lateral Raise (Cable)",,"",0,"normal",5,15,,,
"Pull","2 Apr 2025, 02:42","2 Apr 2025, 03:35","","Pull Up (Weighted)",,"",0,"normal",20,8,,,
"Pull","2 Apr 2025, 02:42","2 Apr 2025, 03:35","","Pull Up (Weighted)",,"",1,"normal",15,10,,,
"Pull","2 Apr 2025, 02:42","2 Apr 2025, 03:35","","Pull Up (Weighted)",,"",2,"normal",15,7,,,
"Pull","2 Apr 2025, 02:42","2 Apr 2025, 03:35","","Iso-Lateral Row (Machine)",,"",0,"normal",105,8,,,
"Pull","2 Apr 2025, 02:42","2 Apr 2025, 03:35","","Iso-Lateral Row (Machine)",,"",1,"normal",105,8,,,
"Pull","2 Apr 2025, 02:42","2 Apr 2025, 03:35","","Iso-Lateral Row (Machine)",,"",2,"normal",105,8,,,
"Pull","2 Apr 2025, 02:42","2 Apr 2025, 03:35","","Preacher Curl (Machine)",,"",0,"normal",67,10,,,
"Pull","2 Apr 2025, 02:42","2 Apr 2025, 03:35","","Preacher Curl (Machine)",,"",1,"normal",67,8,,,
"Pull","2 Apr 2025, 02:42","2 Apr 2025, 03:35","","Preacher Curl (Machine)",,"",2,"normal",67,8,,,
"Pull","2 Apr 2025, 02:42","2 Apr 2025, 03:35","","Lat Pulldown (Machine)",,"",0,"normal",89,8,,,
"Pull","2 Apr 2025, 02:42","2 Apr 2025, 03:35","","Lat Pulldown (Machine)",,"",1,"normal",89,10,,,
"Pull","2 Apr 2025, 02:42","2 Apr 2025, 03:35","","Shrug (Machine)",,"",0,"normal",100,15,,,
"Pull","2 Apr 2025, 02:42","2 Apr 2025, 03:35","","Shrug (Machine)",,"",1,"normal",100,15,,,
"Push","1 Apr 2025, 02:41","1 Apr 2025, 03:43","","Incline Bench Press (Smith Machine)",,"",0,"normal",60,11,,,
"Push","1 Apr 2025, 02:41","1 Apr 2025, 03:43","","Incline Bench Press (Smith Machine)",,"",1,"normal",60,9,,,
"Push","1 Apr 2025, 02:41","1 Apr 2025, 03:43","","Incline Bench Press (Smith Machine)",,"",2,"normal",60,7,,,
"Push","1 Apr 2025, 02:41","1 Apr 2025, 03:43","","Seated Shoulder Press (Machine)",,"",0,"normal",39,7,,,
"Push","1 Apr 2025, 02:41","1 Apr 2025, 03:43","","Seated Shoulder Press (Machine)",,"",1,"normal",39,7,,,
"Push","1 Apr 2025, 02:41","1 Apr 2025, 03:43","","Triceps Extension (Cable)",,"",0,"normal",28,8,,,
"Push","1 Apr 2025, 02:41","1 Apr 2025, 03:43","","Triceps Extension (Cable)",,"",1,"dropset",24.5,5,,,
"Push","1 Apr 2025, 02:41","1 Apr 2025, 03:43","","Flat iso-Lateral Press",,"",0,"normal",58,11,,,
"Push","1 Apr 2025, 02:41","1 Apr 2025, 03:43","","Flat iso-Lateral Press",,"",1,"normal",58,10,,,
"Push","1 Apr 2025, 02:41","1 Apr 2025, 03:43","","Triceps Pushdown",,"",0,"normal",28,12,,,
"Push","1 Apr 2025, 02:41","1 Apr 2025, 03:43","","Triceps Pushdown",,"",1,"dropset",24.5,10,,,
"Push","1 Apr 2025, 02:41","1 Apr 2025, 03:43","","Lateral Raise (Cable)",,"",0,"normal",5,15,,,
"Push","1 Apr 2025, 02:41","1 Apr 2025, 03:43","","Lateral Raise (Cable)",,"",1,"normal",5,15,,,
"Push","1 Apr 2025, 02:41","1 Apr 2025, 03:43","","Leg Press Horizontal (Machine)",,"",0,"normal",85,8,,,
"Push","1 Apr 2025, 02:41","1 Apr 2025, 03:43","","Leg Press Horizontal (Machine)",,"",1,"normal",85,8,,,
"Pull","27 Mar 2025, 01:37","27 Mar 2025, 02:26","","Pull Up (Weighted)",,"",0,"normal",20,8,,,
"Pull","27 Mar 2025, 01:37","27 Mar 2025, 02:26","","Pull Up (Weighted)",,"",1,"normal",15,10,,,
"Pull","27 Mar 2025, 01:37","27 Mar 2025, 02:26","","Pull Up (Weighted)",,"",2,"normal",15,7,,,
"Pull","27 Mar 2025, 01:37","27 Mar 2025, 02:26","","Iso-Lateral Row (Machine)",,"",0,"normal",105,8,,,
"Pull","27 Mar 2025, 01:37","27 Mar 2025, 02:26","","Iso-Lateral Row (Machine)",,"",1,"normal",105,8,,,
"Pull","27 Mar 2025, 01:37","27 Mar 2025, 02:26","","Iso-Lateral Row (Machine)",,"",2,"normal",105,8,,,
"Pull","27 Mar 2025, 01:37","27 Mar 2025, 02:26","","Preacher Curl (Machine)",,"",0,"normal",74,7,,,
"Pull","27 Mar 2025, 01:37","27 Mar 2025, 02:26","","Preacher Curl (Machine)",,"",1,"normal",67,8,,,
"Pull","27 Mar 2025, 01:37","27 Mar 2025, 02:26","","Preacher Curl (Machine)",,"",2,"normal",60,7,,,
"Pull","27 Mar 2025, 01:37","27 Mar 2025, 02:26","","Lat Pulldown (Cable)",,"Normal grip",0,"normal",67,12,,,
"Pull","27 Mar 2025, 01:37","27 Mar 2025, 02:26","","Lat Pulldown (Cable)",,"Normal grip",1,"normal",67,12,,,
"Pull","27 Mar 2025, 01:37","27 Mar 2025, 02:26","","Shrug (Machine)",,"",0,"normal",100,15,,,
"Pull","27 Mar 2025, 01:37","27 Mar 2025, 02:26","","Shrug (Machine)",,"",1,"normal",100,15,,,
"Push","26 Mar 2025, 02:35","26 Mar 2025, 03:34","","Incline Bench Press (Dumbbell)",,"Both dumbbells weight. ",0,"normal",52,8,,,
"Push","26 Mar 2025, 02:35","26 Mar 2025, 03:34","","Incline Bench Press (Dumbbell)",,"Both dumbbells weight. ",1,"normal",52,6,,,
"Push","26 Mar 2025, 02:35","26 Mar 2025, 03:34","","Incline Bench Press (Dumbbell)",,"Both dumbbells weight. ",2,"normal",48,6,,,
"Push","26 Mar 2025, 02:35","26 Mar 2025, 03:34","","Chest Dip",,"",0,"normal",,12,,,
"Push","26 Mar 2025, 02:35","26 Mar 2025, 03:34","","Chest Dip",,"",1,"normal",,12,,,
"Push","26 Mar 2025, 02:35","26 Mar 2025, 03:34","","Seated Shoulder Press (Machine)",,"",0,"normal",32,10,,,
"Push","26 Mar 2025, 02:35","26 Mar 2025, 03:34","","Flat iso-Lateral Press",,"",0,"normal",68,7,,,
"Push","26 Mar 2025, 02:35","26 Mar 2025, 03:34","","Flat iso-Lateral Press",,"",1,"normal",58,9,,,
"Push","26 Mar 2025, 02:35","26 Mar 2025, 03:34","","Flat iso-Lateral Press",,"",2,"normal",48,12,,,
"Push","26 Mar 2025, 02:35","26 Mar 2025, 03:34","","Triceps Extension (Cable)",,"",0,"normal",28,8,,,
"Push","26 Mar 2025, 02:35","26 Mar 2025, 03:34","","Triceps Extension (Cable)",,"",1,"dropset",24.5,6,,,
"Push","26 Mar 2025, 02:35","26 Mar 2025, 03:34","","Triceps Pushdown",,"",0,"normal",28,8,,,
"Push","26 Mar 2025, 02:35","26 Mar 2025, 03:34","","Triceps Pushdown",,"",1,"dropset",24.5,6,,,
"Push","26 Mar 2025, 02:35","26 Mar 2025, 03:34","","Lateral Raise (Cable)",,"",0,"normal",5,15,,,
"Push","26 Mar 2025, 02:35","26 Mar 2025, 03:34","","Crunch (Machine)",,"",0,"normal",40,10,,,
"Push","26 Mar 2025, 02:35","26 Mar 2025, 03:34","","Crunch (Machine)",,"",1,"normal",40,10,,,
"Pull","25 Mar 2025, 02:41","25 Mar 2025, 03:39","","Pull Up (Weighted)",,"",0,"normal",20,8,,,
"Pull","25 Mar 2025, 02:41","25 Mar 2025, 03:39","","Pull Up (Weighted)",,"",1,"normal",15,10,,,
"Pull","25 Mar 2025, 02:41","25 Mar 2025, 03:39","","Pull Up (Weighted)",,"",2,"normal",15,7,,,
"Pull","25 Mar 2025, 02:41","25 Mar 2025, 03:39","","Iso-Lateral Row (Machine)",,"",0,"normal",105,8,,,
"Pull","25 Mar 2025, 02:41","25 Mar 2025, 03:39","","Iso-Lateral Row (Machine)",,"",1,"normal",105,7,,,
"Pull","25 Mar 2025, 02:41","25 Mar 2025, 03:39","","Iso-Lateral Row (Machine)",,"",2,"normal",95,10,,,
"Pull","25 Mar 2025, 02:41","25 Mar 2025, 03:39","","Preacher Curl (Machine)",,"",0,"normal",67,10,,,
"Pull","25 Mar 2025, 02:41","25 Mar 2025, 03:39","","Preacher Curl (Machine)",,"",1,"normal",67,8,,,
"Pull","25 Mar 2025, 02:41","25 Mar 2025, 03:39","","Preacher Curl (Machine)",,"",2,"normal",60,8,,,
"Pull","25 Mar 2025, 02:41","25 Mar 2025, 03:39","","Lat Pulldown (Machine)",,"",0,"normal",89,10,,,
"Pull","25 Mar 2025, 02:41","25 Mar 2025, 03:39","","Lat Pulldown (Machine)",,"",1,"normal",89,10,,,
"Pull","25 Mar 2025, 02:41","25 Mar 2025, 03:39","","Shrug (Machine)",,"",0,"normal",100,15,,,
"Pull","25 Mar 2025, 02:41","25 Mar 2025, 03:39","","Shrug (Machine)",,"",1,"normal",100,15,,,
"Pull","21 Mar 2025, 02:39","21 Mar 2025, 03:48","","Pull Up (Weighted)",,"",0,"normal",20,7,,,
"Pull","21 Mar 2025, 02:39","21 Mar 2025, 03:48","","Pull Up (Weighted)",,"",1,"normal",15,8,,,
"Pull","21 Mar 2025, 02:39","21 Mar 2025, 03:48","","Pull Up (Weighted)",,"",2,"normal",10,10,,,
"Pull","21 Mar 2025, 02:39","21 Mar 2025, 03:48","","Iso-Lateral Row (Machine)",,"",0,"normal",95,12,,,
"Pull","21 Mar 2025, 02:39","21 Mar 2025, 03:48","","Iso-Lateral Row (Machine)",,"",1,"normal",95,10,,,
"Pull","21 Mar 2025, 02:39","21 Mar 2025, 03:48","","Iso-Lateral Row (Machine)",,"",2,"normal",95,8,,,
"Pull","21 Mar 2025, 02:39","21 Mar 2025, 03:48","","Preacher Curl (Machine)",,"",0,"normal",67,10,,,
"Pull","21 Mar 2025, 02:39","21 Mar 2025, 03:48","","Preacher Curl (Machine)",,"",1,"normal",67,8,,,
"Pull","21 Mar 2025, 02:39","21 Mar 2025, 03:48","","Preacher Curl (Machine)",,"",2,"normal",67,8,,,
"Pull","21 Mar 2025, 02:39","21 Mar 2025, 03:48","","Lat Pulldown (Cable)",,"Normal grip",0,"normal",67,12,,,
"Pull","21 Mar 2025, 02:39","21 Mar 2025, 03:48","","Lat Pulldown (Cable)",,"Normal grip",1,"normal",67,12,,,
"Pull","21 Mar 2025, 02:39","21 Mar 2025, 03:48","","Lat Pulldown (Cable)",,"Normal grip",2,"normal",67,10,,,
"Pull","21 Mar 2025, 02:39","21 Mar 2025, 03:48","","Shrug (Machine)",,"",0,"normal",100,15,,,
"Pull","21 Mar 2025, 02:39","21 Mar 2025, 03:48","","Shrug (Machine)",,"",1,"normal",100,15,,,
"Pull","21 Mar 2025, 02:39","21 Mar 2025, 03:48","","Rear Delt Reverse Fly (Machine)",,"",0,"normal",54,12,,,
"Pull","21 Mar 2025, 02:39","21 Mar 2025, 03:48","","Rear Delt Reverse Fly (Machine)",,"",1,"normal",54,12,,,
"Push","20 Mar 2025, 01:36","20 Mar 2025, 02:35","","Incline Bench Press (Dumbbell)",,"Both dumbbells weight. ",0,"normal",56,6,,,
"Push","20 Mar 2025, 01:36","20 Mar 2025, 02:35","","Incline Bench Press (Dumbbell)",,"Both dumbbells weight. ",1,"normal",52,8,,,
"Push","20 Mar 2025, 01:36","20 Mar 2025, 02:35","","Incline Bench Press (Dumbbell)",,"Both dumbbells weight. ",2,"normal",52,6,,,
"Push","20 Mar 2025, 01:36","20 Mar 2025, 02:35","","Chest Dip",,"",0,"normal",,12,,,
"Push","20 Mar 2025, 01:36","20 Mar 2025, 02:35","","Chest Dip",,"",1,"normal",,12,,,
"Push","20 Mar 2025, 01:36","20 Mar 2025, 02:35","","Chest Dip",,"",2,"normal",,12,,,
"Push","20 Mar 2025, 01:36","20 Mar 2025, 02:35","","Flat iso-Lateral Press",,"",0,"normal",68,8,,,
"Push","20 Mar 2025, 01:36","20 Mar 2025, 02:35","","Flat iso-Lateral Press",,"",1,"normal",58,12,,,
"Push","20 Mar 2025, 01:36","20 Mar 2025, 02:35","","Flat iso-Lateral Press",,"",2,"normal",58,10,,,
"Push","20 Mar 2025, 01:36","20 Mar 2025, 02:35","","Triceps Extension (Cable)",,"",0,"normal",28,8,,,
"Push","20 Mar 2025, 01:36","20 Mar 2025, 02:35","","Triceps Extension (Cable)",,"",1,"dropset",24.5,6,,,
"Push","20 Mar 2025, 01:36","20 Mar 2025, 02:35","","Triceps Pushdown",,"",0,"normal",28,12,,,
"Push","20 Mar 2025, 01:36","20 Mar 2025, 02:35","","Triceps Pushdown",,"",1,"dropset",24.5,6,,,
"Push","20 Mar 2025, 01:36","20 Mar 2025, 02:35","","Lateral Raise (Cable)",,"",0,"normal",5,15,,,
"Pull","19 Mar 2025, 02:52","19 Mar 2025, 03:51","","Pull Up (Weighted)",,"",0,"normal",20,6,,,
"Pull","19 Mar 2025, 02:52","19 Mar 2025, 03:51","","Pull Up (Weighted)",,"",1,"normal",15,8,,,
"Pull","19 Mar 2025, 02:52","19 Mar 2025, 03:51","","Pull Up (Weighted)",,"",2,"normal",10,10,,,
"Pull","19 Mar 2025, 02:52","19 Mar 2025, 03:51","","Preacher Curl (Machine)",,"",0,"normal",67,8,,,
"Pull","19 Mar 2025, 02:52","19 Mar 2025, 03:51","","Preacher Curl (Machine)",,"",1,"normal",67,8,,,
"Pull","19 Mar 2025, 02:52","19 Mar 2025, 03:51","","Preacher Curl (Machine)",,"",2,"normal",60,12,,,
"Pull","19 Mar 2025, 02:52","19 Mar 2025, 03:51","","Seated Row (Machine)",,"",0,"normal",68,12,,,
"Pull","19 Mar 2025, 02:52","19 Mar 2025, 03:51","","Seated Row (Machine)",,"",1,"normal",68,12,,,
"Pull","19 Mar 2025, 02:52","19 Mar 2025, 03:51","","Seated Row (Machine)",,"",2,"normal",68,12,,,
"Pull","19 Mar 2025, 02:52","19 Mar 2025, 03:51","","Lat Pulldown (Machine)",,"Normal grip",0,"normal",89,10,,,
"Pull","19 Mar 2025, 02:52","19 Mar 2025, 03:51","","Lat Pulldown (Machine)",,"Normal grip",1,"normal",89,8,,,
"Pull","19 Mar 2025, 02:52","19 Mar 2025, 03:51","","Lat Pulldown (Machine)",,"Normal grip",2,"normal",82,12,,,
"Pull","19 Mar 2025, 02:52","19 Mar 2025, 03:51","","Shrug (Machine)",,"",0,"normal",100,15,,,
"Pull","19 Mar 2025, 02:52","19 Mar 2025, 03:51","","Shrug (Machine)",,"",1,"normal",100,15,,,
"Push","18 Mar 2025, 02:38","18 Mar 2025, 03:49","","Incline Bench Press (Dumbbell)",,"Both dumbbells weight. ",0,"normal",52,9,,,
"Push","18 Mar 2025, 02:38","18 Mar 2025, 03:49","","Incline Bench Press (Dumbbell)",,"Both dumbbells weight. ",1,"normal",52,8,,,
"Push","18 Mar 2025, 02:38","18 Mar 2025, 03:49","","Incline Bench Press (Dumbbell)",,"Both dumbbells weight. ",2,"normal",52,6,,,
"Push","18 Mar 2025, 02:38","18 Mar 2025, 03:49","","Chest Dip",,"",0,"normal",,12,,,
"Push","18 Mar 2025, 02:38","18 Mar 2025, 03:49","","Chest Dip",,"",1,"normal",,12,,,
"Push","18 Mar 2025, 02:38","18 Mar 2025, 03:49","","Chest Dip",,"",2,"normal",,12,,,
"Push","18 Mar 2025, 02:38","18 Mar 2025, 03:49","","Flat iso-Lateral Press",,"",0,"normal",68,7,,,
"Push","18 Mar 2025, 02:38","18 Mar 2025, 03:49","","Flat iso-Lateral Press",,"",1,"normal",58,8,,,
"Push","18 Mar 2025, 02:38","18 Mar 2025, 03:49","","Flat iso-Lateral Press",,"",2,"normal",48,12,,,
"Push","18 Mar 2025, 02:38","18 Mar 2025, 03:49","","Triceps Extension (Cable)",,"",0,"normal",28,10,,,
"Push","18 Mar 2025, 02:38","18 Mar 2025, 03:49","","Triceps Extension (Cable)",,"",1,"normal",24.5,6,,,
"Push","18 Mar 2025, 02:38","18 Mar 2025, 03:49","","Triceps Pushdown",,"",0,"normal",28,10,,,
"Push","18 Mar 2025, 02:38","18 Mar 2025, 03:49","","Triceps Pushdown",,"",1,"normal",24.5,8,,,
"Push","18 Mar 2025, 02:38","18 Mar 2025, 03:49","","Lateral Raise (Cable)",,"",0,"normal",5,15,,,
"Push","18 Mar 2025, 02:38","18 Mar 2025, 03:49","","Seated Shoulder Press (Machine)",,"",0,"normal",32,12,,,
"Push","18 Mar 2025, 02:38","18 Mar 2025, 03:49","","Seated Shoulder Press (Machine)",,"",1,"normal",32,10,,,
"Push","18 Mar 2025, 02:38","18 Mar 2025, 03:49","","Butterfly (Pec Deck)",,"",0,"normal",61,8,,,
"Push","18 Mar 2025, 02:38","18 Mar 2025, 03:49","","Butterfly (Pec Deck)",,"",1,"normal",61,8,,,
"Pull","14 Mar 2025, 02:38","14 Mar 2025, 03:49","","Pull Up (Weighted)",,"",0,"normal",15,8,,,
"Pull","14 Mar 2025, 02:38","14 Mar 2025, 03:49","","Pull Up (Weighted)",,"",1,"normal",15,8,,,
"Pull","14 Mar 2025, 02:38","14 Mar 2025, 03:49","","Pull Up (Weighted)",,"",2,"normal",10,10,,,
"Pull","14 Mar 2025, 02:38","14 Mar 2025, 03:49","","Iso-Lateral Row (Machine)",,"",0,"normal",95,12,,,
"Pull","14 Mar 2025, 02:38","14 Mar 2025, 03:49","","Iso-Lateral Row (Machine)",,"",1,"normal",95,10,,,
"Pull","14 Mar 2025, 02:38","14 Mar 2025, 03:49","","Iso-Lateral Row (Machine)",,"",2,"normal",95,10,,,
"Pull","14 Mar 2025, 02:38","14 Mar 2025, 03:49","","Preacher Curl (Machine)",,"",0,"normal",67,8,,,
"Pull","14 Mar 2025, 02:38","14 Mar 2025, 03:49","","Preacher Curl (Machine)",,"",1,"normal",67,6,,,
"Pull","14 Mar 2025, 02:38","14 Mar 2025, 03:49","","Preacher Curl (Machine)",,"",2,"normal",60,12,,,
"Pull","14 Mar 2025, 02:38","14 Mar 2025, 03:49","","Lat Pulldown (Cable)",,"Normal grip",0,"normal",67,12,,,
"Pull","14 Mar 2025, 02:38","14 Mar 2025, 03:49","","Lat Pulldown (Cable)",,"Normal grip",1,"normal",67,12,,,
"Pull","14 Mar 2025, 02:38","14 Mar 2025, 03:49","","Lat Pulldown (Cable)",,"Normal grip",2,"normal",67,12,,,
"Pull","14 Mar 2025, 02:38","14 Mar 2025, 03:49","","Shrug (Machine)",,"",0,"normal",100,15,,,
"Pull","14 Mar 2025, 02:38","14 Mar 2025, 03:49","","Shrug (Machine)",,"",1,"normal",100,15,,,
"Pull","14 Mar 2025, 02:38","14 Mar 2025, 03:49","","Rear Delt Reverse Fly (Machine)",,"",0,"normal",54,12,,,
"Pull","14 Mar 2025, 02:38","14 Mar 2025, 03:49","","Rear Delt Reverse Fly (Machine)",,"",1,"normal",54,12,,,
"Push","13 Mar 2025, 02:35","13 Mar 2025, 03:33","","Incline Bench Press (Dumbbell)",,"Both dumbbells weight. ",0,"normal",60,8,,,
"Push","13 Mar 2025, 02:35","13 Mar 2025, 03:33","","Incline Bench Press (Dumbbell)",,"Both dumbbells weight. ",1,"normal",55,12,,,
"Push","13 Mar 2025, 02:35","13 Mar 2025, 03:33","","Incline Bench Press (Dumbbell)",,"Both dumbbells weight. ",2,"normal",55,8,,,
"Push","13 Mar 2025, 02:35","13 Mar 2025, 03:33","","Seated Shoulder Press (Machine)",,"",0,"normal",32,12,,,
"Push","13 Mar 2025, 02:35","13 Mar 2025, 03:33","","Seated Shoulder Press (Machine)",,"",1,"normal",32,10,,,
"Push","13 Mar 2025, 02:35","13 Mar 2025, 03:33","","Seated Shoulder Press (Machine)",,"",2,"normal",32,10,,,
"Push","13 Mar 2025, 02:35","13 Mar 2025, 03:33","","Flat iso-Lateral Press",,"",0,"normal",68,8,,,
"Push","13 Mar 2025, 02:35","13 Mar 2025, 03:33","","Flat iso-Lateral Press",,"",1,"normal",58,12,,,
"Push","13 Mar 2025, 02:35","13 Mar 2025, 03:33","","Flat iso-Lateral Press",,"",2,"normal",48,12,,,
"Push","13 Mar 2025, 02:35","13 Mar 2025, 03:33","","Triceps Extension (Cable)",,"",0,"normal",28,10,,,
"Push","13 Mar 2025, 02:35","13 Mar 2025, 03:33","","Triceps Extension (Cable)",,"",1,"normal",24.5,6,,,
"Push","13 Mar 2025, 02:35","13 Mar 2025, 03:33","","Triceps Pushdown",,"",0,"normal",28,10,,,
"Push","13 Mar 2025, 02:35","13 Mar 2025, 03:33","","Triceps Pushdown",,"",1,"normal",24.5,6,,,
"Push","13 Mar 2025, 02:35","13 Mar 2025, 03:33","","Lateral Raise (Cable)",,"",0,"normal",5,15,,,
"Push","13 Mar 2025, 02:35","13 Mar 2025, 03:33","","Seated Leg Curl (Machine)",,"",0,"normal",82,12,,,
"Push","13 Mar 2025, 02:35","13 Mar 2025, 03:33","","Seated Leg Curl (Machine)",,"",1,"normal",82,12,,,
"Push","13 Mar 2025, 02:35","13 Mar 2025, 03:33","","Seated Leg Curl (Machine)",,"",2,"normal",82,12,,,
"Pull","12 Mar 2025, 02:41","12 Mar 2025, 03:49","","Pull Up (Weighted)",,"",0,"normal",20,5,,,
"Pull","12 Mar 2025, 02:41","12 Mar 2025, 03:49","","Pull Up (Weighted)",,"",1,"normal",15,8,,,
"Pull","12 Mar 2025, 02:41","12 Mar 2025, 03:49","","Pull Up (Weighted)",,"",2,"normal",10,12,,,
"Pull","12 Mar 2025, 02:41","12 Mar 2025, 03:49","","Iso-Lateral Row (Machine)",,"",0,"normal",95,10,,,
"Pull","12 Mar 2025, 02:41","12 Mar 2025, 03:49","","Iso-Lateral Row (Machine)",,"",1,"normal",95,10,,,
"Pull","12 Mar 2025, 02:41","12 Mar 2025, 03:49","","Iso-Lateral Row (Machine)",,"",2,"normal",95,10,,,
"Pull","12 Mar 2025, 02:41","12 Mar 2025, 03:49","","Preacher Curl (Machine)",,"",0,"normal",60,12,,,
"Pull","12 Mar 2025, 02:41","12 Mar 2025, 03:49","","Preacher Curl (Machine)",,"",1,"normal",60,10,,,
"Pull","12 Mar 2025, 02:41","12 Mar 2025, 03:49","","Preacher Curl (Machine)",,"",2,"normal",60,12,,,
"Pull","12 Mar 2025, 02:41","12 Mar 2025, 03:49","","Lat Pulldown (Cable)",,"Normal grip",0,"normal",67,12,,,
"Pull","12 Mar 2025, 02:41","12 Mar 2025, 03:49","","Lat Pulldown (Cable)",,"Normal grip",1,"normal",67,10,,,
"Pull","12 Mar 2025, 02:41","12 Mar 2025, 03:49","","Lat Pulldown (Cable)",,"Normal grip",2,"normal",67,10,,,
"Pull","12 Mar 2025, 02:41","12 Mar 2025, 03:49","","Shrug (Machine)",,"",0,"normal",100,15,,,
"Pull","12 Mar 2025, 02:41","12 Mar 2025, 03:49","","Shrug (Machine)",,"",1,"normal",100,15,,,
"Pull","12 Mar 2025, 02:41","12 Mar 2025, 03:49","","Rear Delt Reverse Fly (Machine)",,"",0,"normal",54,12,,,
"Pull","12 Mar 2025, 02:41","12 Mar 2025, 03:49","","Rear Delt Reverse Fly (Machine)",,"",1,"normal",54,10,,,
"Pull","12 Mar 2025, 02:41","12 Mar 2025, 03:49","","Leg Press Horizontal (Machine)",,"",0,"normal",85,8,,,
"Pull","12 Mar 2025, 02:41","12 Mar 2025, 03:49","","Leg Press Horizontal (Machine)",,"",1,"normal",85,8,,,
"Push","11 Mar 2025, 02:46","11 Mar 2025, 04:12","","Incline Bench Press (Dumbbell)",,"Both dumbbells weight. ",0,"normal",56,4,,,
"Push","11 Mar 2025, 02:46","11 Mar 2025, 04:12","","Incline Bench Press (Dumbbell)",,"Both dumbbells weight. ",1,"normal",48,10,,,
"Push","11 Mar 2025, 02:46","11 Mar 2025, 04:12","","Incline Bench Press (Dumbbell)",,"Both dumbbells weight. ",2,"normal",48,6,,,
"Push","11 Mar 2025, 02:46","11 Mar 2025, 04:12","","Chest Dip",,"",0,"normal",,12,,,
"Push","11 Mar 2025, 02:46","11 Mar 2025, 04:12","","Chest Dip",,"",1,"normal",,10,,,
"Push","11 Mar 2025, 02:46","11 Mar 2025, 04:12","","Chest Dip",,"",2,"normal",,10,,,
"Push","11 Mar 2025, 02:46","11 Mar 2025, 04:12","","Flat iso-Lateral Press",,"ROM increase",0,"normal",58,6,,,
"Push","11 Mar 2025, 02:46","11 Mar 2025, 04:12","","Flat iso-Lateral Press",,"ROM increase",1,"normal",48,12,,,
"Push","11 Mar 2025, 02:46","11 Mar 2025, 04:12","","Flat iso-Lateral Press",,"ROM increase",2,"normal",48,9,,,
"Push","11 Mar 2025, 02:46","11 Mar 2025, 04:12","","Triceps Extension (Cable)",,"",0,"normal",28,10,,,
"Push","11 Mar 2025, 02:46","11 Mar 2025, 04:12","","Triceps Extension (Cable)",,"",1,"normal",24.5,6,,,
"Push","11 Mar 2025, 02:46","11 Mar 2025, 04:12","","Triceps Pushdown",,"",0,"normal",28,10,,,
"Push","11 Mar 2025, 02:46","11 Mar 2025, 04:12","","Triceps Pushdown",,"",1,"normal",24.5,6,,,
"Push","11 Mar 2025, 02:46","11 Mar 2025, 04:12","","Lateral Raise (Cable)",,"",0,"normal",5,15,,,
"Push","11 Mar 2025, 02:46","11 Mar 2025, 04:12","","Crunch (Machine)",,"",0,"normal",40,10,,,
"Push","11 Mar 2025, 02:46","11 Mar 2025, 04:12","","Crunch (Machine)",,"",1,"normal",40,8,,,
"Push","11 Mar 2025, 02:46","11 Mar 2025, 04:12","","Butterfly (Pec Deck)",,"",0,"normal",61,10,,,
"Push","11 Mar 2025, 02:46","11 Mar 2025, 04:12","","Butterfly (Pec Deck)",,"",1,"normal",54,10,,,
"Mini Pull","8 Mar 2025, 03:25","8 Mar 2025, 03:47","","Pull Up",,"",0,"normal",,18,,,
"Mini Pull","8 Mar 2025, 03:25","8 Mar 2025, 03:47","","Seated Row (Machine)",,"",0,"normal",70.5,10,,,
"Mini Pull","8 Mar 2025, 03:25","8 Mar 2025, 03:47","","Seated Row (Machine)",,"",1,"normal",63.5,12,,,
"Mini Pull","8 Mar 2025, 03:25","8 Mar 2025, 03:47","","Preacher Curl (Machine)",,"",0,"normal",60,12,,,
"Mini Pull","8 Mar 2025, 03:25","8 Mar 2025, 03:47","","Preacher Curl (Machine)",,"",1,"normal",60,12,,,
"Mini Pull","8 Mar 2025, 03:25","8 Mar 2025, 03:47","","Lat Pulldown (Machine)",,"",0,"normal",82,12,,,
"Mini Pull","8 Mar 2025, 03:25","8 Mar 2025, 03:47","","Lat Pulldown (Machine)",,"",1,"normal",82,10,,,
"Push","7 Mar 2025, 02:37","7 Mar 2025, 03:46","","Incline Bench Press (Dumbbell)",,"Weight of both dumbbells",0,"normal",48,9,,,
"Push","7 Mar 2025, 02:37","7 Mar 2025, 03:46","","Incline Bench Press (Dumbbell)",,"Weight of both dumbbells",1,"normal",48,7,,,
"Push","7 Mar 2025, 02:37","7 Mar 2025, 03:46","","Incline Bench Press (Dumbbell)",,"Weight of both dumbbells",2,"normal",44,9,,,
"Push","7 Mar 2025, 02:37","7 Mar 2025, 03:46","","Chest Dip",,"",0,"normal",,10,,,
"Push","7 Mar 2025, 02:37","7 Mar 2025, 03:46","","Chest Dip",,"",1,"normal",,10,,,
"Push","7 Mar 2025, 02:37","7 Mar 2025, 03:46","","Chest Dip",,"",2,"normal",,10,,,
"Push","7 Mar 2025, 02:37","7 Mar 2025, 03:46","","Flat iso-Lateral Press",,"",0,"normal",68,7,,,
"Push","7 Mar 2025, 02:37","7 Mar 2025, 03:46","","Flat iso-Lateral Press",,"",1,"normal",58,12,,,
"Push","7 Mar 2025, 02:37","7 Mar 2025, 03:46","","Flat iso-Lateral Press",,"",2,"normal",58,9,,,
"Push","7 Mar 2025, 02:37","7 Mar 2025, 03:46","","Triceps Extension (Cable)",,"",0,"normal",28,10,,,
"Push","7 Mar 2025, 02:37","7 Mar 2025, 03:46","","Triceps Extension (Cable)",,"",1,"normal",24.5,6,,,
"Push","7 Mar 2025, 02:37","7 Mar 2025, 03:46","","Triceps Pushdown",,"",0,"normal",28,10,,,
"Push","7 Mar 2025, 02:37","7 Mar 2025, 03:46","","Triceps Pushdown",,"",1,"normal",24.5,6,,,
"Push","7 Mar 2025, 02:37","7 Mar 2025, 03:46","","Lateral Raise (Cable)",,"",0,"normal",5,15,,,
"Push","7 Mar 2025, 02:37","7 Mar 2025, 03:46","","Seated Leg Curl (Machine)",,"",0,"normal",89,12,,,
"Push","7 Mar 2025, 02:37","7 Mar 2025, 03:46","","Seated Leg Curl (Machine)",,"",1,"normal",89,10,,,
"Push","7 Mar 2025, 02:37","7 Mar 2025, 03:46","","Butterfly (Pec Deck)",,"",0,"normal",54,10,,,
"Push","7 Mar 2025, 02:37","7 Mar 2025, 03:46","","Butterfly (Pec Deck)",,"",1,"normal",54,10,,,
"Pull","6 Mar 2025, 01:36","6 Mar 2025, 02:44","","Pull Up (Weighted)",,"",0,"normal",15,8,,,
"Pull","6 Mar 2025, 01:36","6 Mar 2025, 02:44","","Pull Up (Weighted)",,"",1,"normal",15,8,,,
"Pull","6 Mar 2025, 01:36","6 Mar 2025, 02:44","","Pull Up (Weighted)",,"",2,"normal",10,12,,,
"Pull","6 Mar 2025, 01:36","6 Mar 2025, 02:44","","Iso-Lateral Row (Machine)",,"",0,"normal",95,12,,,
"Pull","6 Mar 2025, 01:36","6 Mar 2025, 02:44","","Iso-Lateral Row (Machine)",,"",1,"normal",95,10,,,
"Pull","6 Mar 2025, 01:36","6 Mar 2025, 02:44","","Iso-Lateral Row (Machine)",,"",2,"normal",95,10,,,
"Pull","6 Mar 2025, 01:36","6 Mar 2025, 02:44","","Preacher Curl (Machine)",,"",0,"normal",60,12,,,
"Pull","6 Mar 2025, 01:36","6 Mar 2025, 02:44","","Preacher Curl (Machine)",,"",1,"normal",60,12,,,
"Pull","6 Mar 2025, 01:36","6 Mar 2025, 02:44","","Preacher Curl (Machine)",,"",2,"normal",60,12,,,
"Pull","6 Mar 2025, 01:36","6 Mar 2025, 02:44","","Lat Pulldown (Cable)",," Normal grip",0,"normal",67,12,,,
"Pull","6 Mar 2025, 01:36","6 Mar 2025, 02:44","","Lat Pulldown (Cable)",," Normal grip",1,"normal",67,10,,,
"Pull","6 Mar 2025, 01:36","6 Mar 2025, 02:44","","Lat Pulldown (Cable)",," Normal grip",2,"normal",57,12,,,
"Pull","6 Mar 2025, 01:36","6 Mar 2025, 02:44","","Hanging Leg Raise",,"",0,"normal",,15,,,
"Pull","6 Mar 2025, 01:36","6 Mar 2025, 02:44","","Hanging Leg Raise",,"",1,"normal",,15,,,
"Pull","6 Mar 2025, 01:36","6 Mar 2025, 02:44","","Hanging Leg Raise",,"",2,"normal",,15,,,
"Pull","6 Mar 2025, 01:36","6 Mar 2025, 02:44","","Rear Delt Reverse Fly (Machine)",,"",0,"normal",54,12,,,
"Pull","6 Mar 2025, 01:36","6 Mar 2025, 02:44","","Rear Delt Reverse Fly (Machine)",,"",1,"normal",47,15,,,
"Push","5 Mar 2025, 02:46","5 Mar 2025, 04:02","","Incline Bench Press (Smith Machine)",,"",0,"normal",60,9,,,
"Push","5 Mar 2025, 02:46","5 Mar 2025, 04:02","","Incline Bench Press (Smith Machine)",,"",1,"normal",60,7,,,
"Push","5 Mar 2025, 02:46","5 Mar 2025, 04:02","","Incline Bench Press (Smith Machine)",,"",2,"normal",60,6,,,
"Push","5 Mar 2025, 02:46","5 Mar 2025, 04:02","","Chest Dip",,"",0,"normal",,10,,,
"Push","5 Mar 2025, 02:46","5 Mar 2025, 04:02","","Chest Dip",,"",1,"normal",,10,,,
"Push","5 Mar 2025, 02:46","5 Mar 2025, 04:02","","Chest Dip",,"",2,"normal",,8,,,
"Push","5 Mar 2025, 02:46","5 Mar 2025, 04:02","","Flat iso-Lateral Press",,"",0,"normal",68,7,,,
"Push","5 Mar 2025, 02:46","5 Mar 2025, 04:02","","Flat iso-Lateral Press",,"",1,"normal",58,12,,,
"Push","5 Mar 2025, 02:46","5 Mar 2025, 04:02","","Flat iso-Lateral Press",,"",2,"normal",58,9,,,
"Push","5 Mar 2025, 02:46","5 Mar 2025, 04:02","","Triceps Extension (Cable)",,"",0,"normal",28,8,,,
"Push","5 Mar 2025, 02:46","5 Mar 2025, 04:02","","Triceps Extension (Cable)",,"",1,"normal",24.5,6,,,
"Push","5 Mar 2025, 02:46","5 Mar 2025, 04:02","","Triceps Pushdown",,"",0,"normal",28,10,,,
"Push","5 Mar 2025, 02:46","5 Mar 2025, 04:02","","Triceps Pushdown",,"",1,"normal",21.5,6,,,
"Push","5 Mar 2025, 02:46","5 Mar 2025, 04:02","","Lateral Raise (Cable)",,"",0,"normal",5,15,,,
"Push","5 Mar 2025, 02:46","5 Mar 2025, 04:02","","Butterfly (Pec Deck)",,"",0,"normal",54,10,,,
"Push","5 Mar 2025, 02:46","5 Mar 2025, 04:02","","Butterfly (Pec Deck)",,"",1,"normal",54,8,,,
"Push","5 Mar 2025, 02:46","5 Mar 2025, 04:02","","Seated Leg Curl (Machine)",,"",0,"normal",75,10,,,
"Push","5 Mar 2025, 02:46","5 Mar 2025, 04:02","","Seated Leg Curl (Machine)",,"",1,"normal",68,12,,,
"Pull","4 Mar 2025, 03:08","4 Mar 2025, 04:07","","Pull Up (Weighted)",,"",0,"normal",10,12,,,
"Pull","4 Mar 2025, 03:08","4 Mar 2025, 04:07","","Pull Up (Weighted)",,"",1,"normal",10,8,,,
"Pull","4 Mar 2025, 03:08","4 Mar 2025, 04:07","","Pull Up (Weighted)",,"",2,"normal",10,8,,,
"Pull","4 Mar 2025, 03:08","4 Mar 2025, 04:07","","Iso-Lateral Row (Machine)",,"",0,"normal",95,10,,,
"Pull","4 Mar 2025, 03:08","4 Mar 2025, 04:07","","Iso-Lateral Row (Machine)",,"",1,"normal",95,10,,,
"Pull","4 Mar 2025, 03:08","4 Mar 2025, 04:07","","Iso-Lateral Row (Machine)",,"",2,"normal",95,8,,,
"Pull","4 Mar 2025, 03:08","4 Mar 2025, 04:07","","Preacher Curl (Machine)",,"",0,"normal",60,12,,,
"Pull","4 Mar 2025, 03:08","4 Mar 2025, 04:07","","Preacher Curl (Machine)",,"",1,"normal",60,12,,,
"Pull","4 Mar 2025, 03:08","4 Mar 2025, 04:07","","Preacher Curl (Machine)",,"",2,"normal",60,12,,,
"Pull","4 Mar 2025, 03:08","4 Mar 2025, 04:07","","Lat Pulldown (Machine)",,"",0,"normal",82,10,,,
"Pull","4 Mar 2025, 03:08","4 Mar 2025, 04:07","","Lat Pulldown (Machine)",,"",1,"normal",75,12,,,
"Pull","4 Mar 2025, 03:08","4 Mar 2025, 04:07","","Lat Pulldown (Machine)",,"",2,"normal",75,12,,,
"Pull","4 Mar 2025, 03:08","4 Mar 2025, 04:07","","Shrug (Machine)",,"",0,"normal",100,15,,,
"Pull","4 Mar 2025, 03:08","4 Mar 2025, 04:07","","Shrug (Machine)",,"",1,"normal",100,15,,,
"Pull","4 Mar 2025, 03:08","4 Mar 2025, 04:07","","Shrug (Machine)",,"",2,"normal",100,15,,,
"Pull","4 Mar 2025, 03:08","4 Mar 2025, 04:07","","Hammer Curl (Dumbbell)",,"",0,"normal",32,7,,,
"Pull","4 Mar 2025, 03:08","4 Mar 2025, 04:07","","Hammer Curl (Dumbbell)",,"",1,"normal",28,12,,,
"Pull","4 Mar 2025, 03:08","4 Mar 2025, 04:07","","Hammer Curl (Dumbbell)",,"",2,"normal",28,12,,,
"Push","28 Feb 2025, 02:34","28 Feb 2025, 03:37","","Incline Bench Press (Smith Machine)",,"",0,"normal",70,3,,,
"Push","28 Feb 2025, 02:34","28 Feb 2025, 03:37","","Incline Bench Press (Smith Machine)",,"",1,"normal",65,4,,,
"Push","28 Feb 2025, 02:34","28 Feb 2025, 03:37","","Incline Bench Press (Smith Machine)",,"",2,"normal",65,6,,,
"Push","28 Feb 2025, 02:34","28 Feb 2025, 03:37","","Seated Shoulder Press (Machine)",,"",0,"normal",32,11,,,
"Push","28 Feb 2025, 02:34","28 Feb 2025, 03:37","","Seated Shoulder Press (Machine)",,"",1,"normal",32,10,,,
"Push","28 Feb 2025, 02:34","28 Feb 2025, 03:37","","Seated Shoulder Press (Machine)",,"",2,"normal",32,10,,,
"Push","28 Feb 2025, 02:34","28 Feb 2025, 03:37","","Flat iso-Lateral Press",,"",0,"normal",68,9,,,
"Push","28 Feb 2025, 02:34","28 Feb 2025, 03:37","","Flat iso-Lateral Press",,"",1,"normal",58,11,,,
"Push","28 Feb 2025, 02:34","28 Feb 2025, 03:37","","Flat iso-Lateral Press",,"",2,"normal",48,12,,,
"Push","28 Feb 2025, 02:34","28 Feb 2025, 03:37","","Triceps Extension (Cable)",,"",0,"normal",28,6,,,
"Push","28 Feb 2025, 02:34","28 Feb 2025, 03:37","","Triceps Extension (Cable)",,"",1,"dropset",24.5,6,,,
"Push","28 Feb 2025, 02:34","28 Feb 2025, 03:37","","Triceps Pushdown",,"",0,"normal",28,10,,,
"Push","28 Feb 2025, 02:34","28 Feb 2025, 03:37","","Triceps Pushdown",,"",1,"dropset",24.5,6,,,
"Push","28 Feb 2025, 02:34","28 Feb 2025, 03:37","","Lateral Raise (Cable)",,"",0,"normal",5,15,,,
"Push","28 Feb 2025, 02:34","28 Feb 2025, 03:37","","Seated Leg Curl (Machine)",,"",0,"normal",68,12,,,
"Push","28 Feb 2025, 02:34","28 Feb 2025, 03:37","","Seated Leg Curl (Machine)",,"",1,"normal",68,12,,,
"Pull","27 Feb 2025, 01:58","27 Feb 2025, 03:15","","Pull Up (Weighted)",,"",0,"normal",15,8,,,
"Pull","27 Feb 2025, 01:58","27 Feb 2025, 03:15","","Pull Up (Weighted)",,"",1,"normal",15,8,,,
"Pull","27 Feb 2025, 01:58","27 Feb 2025, 03:15","","Pull Up (Weighted)",,"",2,"normal",10,8,,,
"Pull","27 Feb 2025, 01:58","27 Feb 2025, 03:15","","Iso-Lateral Row (Machine)",,"",0,"normal",95,12,,,
"Pull","27 Feb 2025, 01:58","27 Feb 2025, 03:15","","Iso-Lateral Row (Machine)",,"",1,"normal",95,10,,,
"Pull","27 Feb 2025, 01:58","27 Feb 2025, 03:15","","Iso-Lateral Row (Machine)",,"",2,"normal",95,10,,,
"Pull","27 Feb 2025, 01:58","27 Feb 2025, 03:15","","Preacher Curl (Machine)",,"",0,"normal",60,12,,,
"Pull","27 Feb 2025, 01:58","27 Feb 2025, 03:15","","Preacher Curl (Machine)",,"",1,"normal",60,10,,,
"Pull","27 Feb 2025, 01:58","27 Feb 2025, 03:15","","Preacher Curl (Machine)",,"",2,"normal",60,9,,,
"Pull","27 Feb 2025, 01:58","27 Feb 2025, 03:15","","Lat Pulldown (Cable)",,"Normal grip",0,"normal",67,12,,,
"Pull","27 Feb 2025, 01:58","27 Feb 2025, 03:15","","Lat Pulldown (Cable)",,"Normal grip",1,"normal",67,12,,,
"Pull","27 Feb 2025, 01:58","27 Feb 2025, 03:15","","Lat Pulldown (Cable)",,"Normal grip",2,"normal",67,12,,,
"Pull","27 Feb 2025, 01:58","27 Feb 2025, 03:15","","Shrug (Machine)",,"",0,"normal",100,15,,,
"Pull","27 Feb 2025, 01:58","27 Feb 2025, 03:15","","Shrug (Machine)",,"",1,"normal",100,15,,,
"Pull","27 Feb 2025, 01:58","27 Feb 2025, 03:15","","Leg Press (Machine)",,"",0,"normal",85,8,,,
"Pull","27 Feb 2025, 01:58","27 Feb 2025, 03:15","","Leg Press (Machine)",,"",1,"normal",85,8,,,
"Pull","27 Feb 2025, 01:58","27 Feb 2025, 03:15","","Crunch (Machine)",,"",0,"normal",35,12,,,
"Pull","27 Feb 2025, 01:58","27 Feb 2025, 03:15","","Crunch (Machine)",,"",1,"normal",40,10,,,
"Push","25 Feb 2025, 02:44","25 Feb 2025, 03:48","","Incline Bench Press (Smith Machine)",,"",0,"normal",65,4,,,
"Push","25 Feb 2025, 02:44","25 Feb 2025, 03:48","","Incline Bench Press (Smith Machine)",,"",1,"normal",60,8,,,
"Push","25 Feb 2025, 02:44","25 Feb 2025, 03:48","","Incline Bench Press (Smith Machine)",,"",2,"normal",60,7,,,
"Push","25 Feb 2025, 02:44","25 Feb 2025, 03:48","","Overhead Press (Dumbbell)",,"",0,"normal",36,10,,,
"Push","25 Feb 2025, 02:44","25 Feb 2025, 03:48","","Overhead Press (Dumbbell)",,"",1,"normal",36,8,,,
"Push","25 Feb 2025, 02:44","25 Feb 2025, 03:48","","Overhead Press (Dumbbell)",,"",2,"normal",36,8,,,
"Push","25 Feb 2025, 02:44","25 Feb 2025, 03:48","","Chest Press (Machine)",,"",0,"normal",47,11,,,
"Push","25 Feb 2025, 02:44","25 Feb 2025, 03:48","","Chest Press (Machine)",,"",1,"normal",47,8,,,
"Push","25 Feb 2025, 02:44","25 Feb 2025, 03:48","","Chest Press (Machine)",,"",2,"normal",40,12,,,
"Push","25 Feb 2025, 02:44","25 Feb 2025, 03:48","","Triceps Extension (Cable)",,"",0,"normal",28,6,,,
"Push","25 Feb 2025, 02:44","25 Feb 2025, 03:48","","Triceps Extension (Cable)",,"",1,"normal",24.5,5,,,
"Push","25 Feb 2025, 02:44","25 Feb 2025, 03:48","","Triceps Pushdown",,"",0,"normal",28,8,,,
"Push","25 Feb 2025, 02:44","25 Feb 2025, 03:48","","Triceps Pushdown",,"",1,"normal",21.5,6,,,
"Push","25 Feb 2025, 02:44","25 Feb 2025, 03:48","","Lateral Raise (Cable)",,"",0,"normal",5,15,,,
"Push","25 Feb 2025, 02:44","25 Feb 2025, 03:48","","Seated Leg Curl (Machine)",,"",0,"normal",68,12,,,
"Push","25 Feb 2025, 02:44","25 Feb 2025, 03:48","","Seated Leg Curl (Machine)",,"",1,"normal",68,12,,,
"Push","25 Feb 2025, 02:44","25 Feb 2025, 03:48","","Seated Leg Curl (Machine)",,"",2,"normal",68,12,,,
"Pull","21 Feb 2025, 02:42","21 Feb 2025, 03:48","","Pull Up (Weighted)",,"",0,"normal",15,8,,,
"Pull","21 Feb 2025, 02:42","21 Feb 2025, 03:48","","Pull Up (Weighted)",,"",1,"normal",15,7,,,
"Pull","21 Feb 2025, 02:42","21 Feb 2025, 03:48","","Pull Up (Weighted)",,"",2,"normal",10,9,,,
"Pull","21 Feb 2025, 02:42","21 Feb 2025, 03:48","","Iso-Lateral Row (Machine)",,"",0,"normal",85,12,,,
"Pull","21 Feb 2025, 02:42","21 Feb 2025, 03:48","","Iso-Lateral Row (Machine)",,"",1,"normal",85,12,,,
"Pull","21 Feb 2025, 02:42","21 Feb 2025, 03:48","","Iso-Lateral Row (Machine)",,"",2,"normal",85,12,,,
"Pull","21 Feb 2025, 02:42","21 Feb 2025, 03:48","","Preacher Curl (Machine)",,"",0,"normal",60,12,,,
"Pull","21 Feb 2025, 02:42","21 Feb 2025, 03:48","","Preacher Curl (Machine)",,"",1,"normal",60,12,,,
"Pull","21 Feb 2025, 02:42","21 Feb 2025, 03:48","","Preacher Curl (Machine)",,"",2,"normal",60,10,,,
"Pull","21 Feb 2025, 02:42","21 Feb 2025, 03:48","","Lat Pulldown (Cable)",,"Mag grip",0,"normal",67,12,,,
"Pull","21 Feb 2025, 02:42","21 Feb 2025, 03:48","","Lat Pulldown (Cable)",,"Mag grip",1,"normal",67,10,,,
"Pull","21 Feb 2025, 02:42","21 Feb 2025, 03:48","","Lat Pulldown (Cable)",,"Mag grip",2,"normal",67,10,,,
"Pull","21 Feb 2025, 02:42","21 Feb 2025, 03:48","","Rear Delt Reverse Fly (Machine)",,"",0,"normal",54,12,,,
"Pull","21 Feb 2025, 02:42","21 Feb 2025, 03:48","","Rear Delt Reverse Fly (Machine)",,"",1,"normal",47,15,,,
"Pull","21 Feb 2025, 02:42","21 Feb 2025, 03:48","","Shrug (Machine)",,"",0,"normal",100,15,,,
"Pull","21 Feb 2025, 02:42","21 Feb 2025, 03:48","","Shrug (Machine)",,"",1,"normal",100,15,,,
"Pull","21 Feb 2025, 02:42","21 Feb 2025, 03:48","","Leg Extension (Machine)",,"",0,"normal",82,12,,,
"Pull","21 Feb 2025, 02:42","21 Feb 2025, 03:48","","Leg Extension (Machine)",,"",1,"normal",82,10,,,
"Pull","21 Feb 2025, 02:42","21 Feb 2025, 03:48","","Leg Extension (Machine)",,"",2,"normal",82,10,,,
"Push","20 Feb 2025, 02:17","20 Feb 2025, 03:12","","Incline Bench Press (Smith Machine)",,"",0,"normal",60,10,,,
"Push","20 Feb 2025, 02:17","20 Feb 2025, 03:12","","Incline Bench Press (Smith Machine)",,"",1,"normal",60,8,,,
"Push","20 Feb 2025, 02:17","20 Feb 2025, 03:12","","Incline Bench Press (Smith Machine)",,"",2,"normal",60,7,,,
"Push","20 Feb 2025, 02:17","20 Feb 2025, 03:12","","Seated Shoulder Press (Machine)",,"",0,"normal",32,9,,,
"Push","20 Feb 2025, 02:17","20 Feb 2025, 03:12","","Seated Shoulder Press (Machine)",,"",1,"normal",32,9,,,
"Push","20 Feb 2025, 02:17","20 Feb 2025, 03:12","","Seated Shoulder Press (Machine)",,"",2,"normal",32,8,,,
"Push","20 Feb 2025, 02:17","20 Feb 2025, 03:12","","Flat iso-Lateral Press",,"",0,"normal",68,10,,,
"Push","20 Feb 2025, 02:17","20 Feb 2025, 03:12","","Flat iso-Lateral Press",,"",1,"normal",58,10,,,
"Push","20 Feb 2025, 02:17","20 Feb 2025, 03:12","","Flat iso-Lateral Press",,"",2,"normal",48,12,,,
"Push","20 Feb 2025, 02:17","20 Feb 2025, 03:12","","Triceps Extension (Cable)",,"",0,"normal",28,8,,,
"Push","20 Feb 2025, 02:17","20 Feb 2025, 03:12","","Triceps Extension (Cable)",,"",1,"dropset",24.5,5,,,
"Push","20 Feb 2025, 02:17","20 Feb 2025, 03:12","","Triceps Pushdown",,"",0,"normal",28,10,,,
"Push","20 Feb 2025, 02:17","20 Feb 2025, 03:12","","Triceps Pushdown",,"",1,"dropset",24.5,5,,,
"Push","20 Feb 2025, 02:17","20 Feb 2025, 03:12","","Lateral Raise (Cable)",,"",0,"normal",5,15,,,
"Pull","19 Feb 2025, 02:41","19 Feb 2025, 03:50","","Pull Up (Weighted)",,"",0,"normal",15,8,,,
"Pull","19 Feb 2025, 02:41","19 Feb 2025, 03:50","","Pull Up (Weighted)",,"",1,"normal",15,7,,,
"Pull","19 Feb 2025, 02:41","19 Feb 2025, 03:50","","Pull Up (Weighted)",,"",2,"normal",10,8,,,
"Pull","19 Feb 2025, 02:41","19 Feb 2025, 03:50","","Seated Row (Machine)",,"",0,"normal",68,12,,,
"Pull","19 Feb 2025, 02:41","19 Feb 2025, 03:50","","Seated Row (Machine)",,"",1,"normal",68,12,,,
"Pull","19 Feb 2025, 02:41","19 Feb 2025, 03:50","","Seated Row (Machine)",,"",2,"normal",68,10,,,
"Pull","19 Feb 2025, 02:41","19 Feb 2025, 03:50","","Preacher Curl (Machine)",,"",0,"normal",60,11,,,
"Pull","19 Feb 2025, 02:41","19 Feb 2025, 03:50","","Preacher Curl (Machine)",,"",1,"normal",60,10,,,
"Pull","19 Feb 2025, 02:41","19 Feb 2025, 03:50","","Preacher Curl (Machine)",,"",2,"normal",60,10,,,
"Pull","19 Feb 2025, 02:41","19 Feb 2025, 03:50","","Lat Pulldown (Machine)",,"",0,"normal",82,12,,,
"Pull","19 Feb 2025, 02:41","19 Feb 2025, 03:50","","Lat Pulldown (Machine)",,"",1,"normal",82,10,,,
"Pull","19 Feb 2025, 02:41","19 Feb 2025, 03:50","","Lat Pulldown (Machine)",,"",2,"normal",75,12,,,
"Pull","19 Feb 2025, 02:41","19 Feb 2025, 03:50","","Rear Delt Reverse Fly (Machine)",,"",0,"normal",47,15,,,
"Pull","19 Feb 2025, 02:41","19 Feb 2025, 03:50","","Rear Delt Reverse Fly (Machine)",,"",1,"normal",47,15,,,
"Pull","19 Feb 2025, 02:41","19 Feb 2025, 03:50","","Shrug (Machine)",,"",0,"normal",100,15,,,
"Pull","19 Feb 2025, 02:41","19 Feb 2025, 03:50","","Shrug (Machine)",,"",1,"normal",100,15,,,
"Push","18 Feb 2025, 02:46","18 Feb 2025, 03:57","","Incline Bench Press (Smith Machine)",,"",0,"normal",70,4,,,
"Push","18 Feb 2025, 02:46","18 Feb 2025, 03:57","","Incline Bench Press (Smith Machine)",,"",1,"normal",60,8,,,
"Push","18 Feb 2025, 02:46","18 Feb 2025, 03:57","","Incline Bench Press (Smith Machine)",,"",2,"normal",60,8,,,
"Push","18 Feb 2025, 02:46","18 Feb 2025, 03:57","","Seated Shoulder Press (Machine)",,"",0,"normal",39,8,,,
"Push","18 Feb 2025, 02:46","18 Feb 2025, 03:57","","Seated Shoulder Press (Machine)",,"",1,"normal",32,10,,,
"Push","18 Feb 2025, 02:46","18 Feb 2025, 03:57","","Seated Shoulder Press (Machine)",,"",2,"normal",32,10,,,
"Push","18 Feb 2025, 02:46","18 Feb 2025, 03:57","","Flat iso-Lateral Press",,"",0,"normal",58,12,,,
"Push","18 Feb 2025, 02:46","18 Feb 2025, 03:57","","Flat iso-Lateral Press",,"",1,"normal",58,8,,,
"Push","18 Feb 2025, 02:46","18 Feb 2025, 03:57","","Flat iso-Lateral Press",,"",2,"normal",48,12,,,
"Push","18 Feb 2025, 02:46","18 Feb 2025, 03:57","","Triceps Extension (Cable)",,"",0,"normal",28,10,,,
"Push","18 Feb 2025, 02:46","18 Feb 2025, 03:57","","Triceps Extension (Cable)",,"",1,"normal",24.5,5,,,
"Push","18 Feb 2025, 02:46","18 Feb 2025, 03:57","","Triceps Pushdown",,"",0,"normal",28,10,,,
"Push","18 Feb 2025, 02:46","18 Feb 2025, 03:57","","Triceps Pushdown",,"",1,"normal",21.5,6,,,
"Push","18 Feb 2025, 02:46","18 Feb 2025, 03:57","","Lateral Raise (Cable)",,"",0,"normal",7.5,8,,,
"Push","18 Feb 2025, 02:46","18 Feb 2025, 03:57","","Lateral Raise (Cable)",,"",1,"dropset",5,5,,,
"Push","18 Feb 2025, 02:46","18 Feb 2025, 03:57","","Leg Extension (Machine)",,"",0,"normal",82,12,,,
"Push","18 Feb 2025, 02:46","18 Feb 2025, 03:57","","Leg Extension (Machine)",,"",1,"normal",82,12,,,
"Push","18 Feb 2025, 02:46","18 Feb 2025, 03:57","","Leg Extension (Machine)",,"",2,"normal",82,10,,,
"Push","14 Feb 2025, 02:41","14 Feb 2025, 03:37","","Incline Bench Press (Smith Machine)",,"",0,"normal",60,9,,,
"Push","14 Feb 2025, 02:41","14 Feb 2025, 03:37","","Incline Bench Press (Smith Machine)",,"",1,"normal",60,8,,,
"Push","14 Feb 2025, 02:41","14 Feb 2025, 03:37","","Incline Bench Press (Smith Machine)",,"",2,"normal",60,6,,,
"Push","14 Feb 2025, 02:41","14 Feb 2025, 03:37","","Seated Shoulder Press (Machine)",,"",0,"normal",32,10,,,
"Push","14 Feb 2025, 02:41","14 Feb 2025, 03:37","","Seated Shoulder Press (Machine)",,"",1,"normal",32,8,,,
"Push","14 Feb 2025, 02:41","14 Feb 2025, 03:37","","Seated Shoulder Press (Machine)",,"",2,"normal",32,8,,,
"Push","14 Feb 2025, 02:41","14 Feb 2025, 03:37","","Flat iso-Lateral Press",,"",0,"normal",58,11,,,
"Push","14 Feb 2025, 02:41","14 Feb 2025, 03:37","","Flat iso-Lateral Press",,"",1,"normal",48,12,,,
"Push","14 Feb 2025, 02:41","14 Feb 2025, 03:37","","Flat iso-Lateral Press",,"",2,"normal",48,10,,,
"Push","14 Feb 2025, 02:41","14 Feb 2025, 03:37","","Triceps Extension (Cable)",,"",0,"normal",28,10,,,
"Push","14 Feb 2025, 02:41","14 Feb 2025, 03:37","","Triceps Extension (Cable)",,"",1,"dropset",24.5,5,,,
"Push","14 Feb 2025, 02:41","14 Feb 2025, 03:37","","Triceps Pushdown",,"",0,"normal",28,10,,,
"Push","14 Feb 2025, 02:41","14 Feb 2025, 03:37","","Triceps Pushdown",,"",1,"dropset",24.5,10,,,
"Push","14 Feb 2025, 02:41","14 Feb 2025, 03:37","","Lateral Raise (Cable)",,"",0,"normal",5,15,,,
"Push","14 Feb 2025, 02:41","14 Feb 2025, 03:37","","Leg Extension (Machine)",,"",0,"normal",75,15,,,
"Push","14 Feb 2025, 02:41","14 Feb 2025, 03:37","","Leg Extension (Machine)",,"",1,"normal",82,10,,,
"Push","14 Feb 2025, 02:41","14 Feb 2025, 03:37","","Leg Extension (Machine)",,"",2,"normal",82,10,,,
"Pull","13 Feb 2025, 02:21","13 Feb 2025, 03:22","","Pull Up (Weighted)",,"",0,"normal",15,8,,,
"Pull","13 Feb 2025, 02:21","13 Feb 2025, 03:22","","Pull Up (Weighted)",,"",1,"normal",15,8,,,
"Pull","13 Feb 2025, 02:21","13 Feb 2025, 03:22","","Pull Up (Weighted)",,"",2,"normal",,12,,,
"Pull","13 Feb 2025, 02:21","13 Feb 2025, 03:22","","Iso-Lateral Row (Machine)",,"",0,"normal",85,12,,,
"Pull","13 Feb 2025, 02:21","13 Feb 2025, 03:22","","Iso-Lateral Row (Machine)",,"",1,"normal",85,12,,,
"Pull","13 Feb 2025, 02:21","13 Feb 2025, 03:22","","Iso-Lateral Row (Machine)",,"",2,"normal",85,12,,,
"Pull","13 Feb 2025, 02:21","13 Feb 2025, 03:22","","Preacher Curl (Machine)",,"",0,"normal",60,12,,,
"Pull","13 Feb 2025, 02:21","13 Feb 2025, 03:22","","Preacher Curl (Machine)",,"",1,"normal",60,10,,,
"Pull","13 Feb 2025, 02:21","13 Feb 2025, 03:22","","Preacher Curl (Machine)",,"",2,"normal",60,10,,,
"Pull","13 Feb 2025, 02:21","13 Feb 2025, 03:22","","Lat Pulldown (Machine)",,"",0,"normal",82,12,,,
"Pull","13 Feb 2025, 02:21","13 Feb 2025, 03:22","","Lat Pulldown (Machine)",,"",1,"normal",82,10,,,
"Pull","13 Feb 2025, 02:21","13 Feb 2025, 03:22","","Lat Pulldown (Machine)",,"",2,"normal",75,12,,,
"Pull","13 Feb 2025, 02:21","13 Feb 2025, 03:22","","Shrug (Machine)",,"",0,"normal",100,15,,,
"Pull","13 Feb 2025, 02:21","13 Feb 2025, 03:22","","Shrug (Machine)",,"",1,"normal",100,15,,,
"Pull","13 Feb 2025, 02:21","13 Feb 2025, 03:22","","Crunch (Machine)",,"",0,"normal",35,12,,,
"Pull","13 Feb 2025, 02:21","13 Feb 2025, 03:22","","Crunch (Machine)",,"",1,"normal",35,12,,,
"Pull","13 Feb 2025, 02:21","13 Feb 2025, 03:22","","Rear Delt Reverse Fly (Machine)",,"",0,"normal",47,15,,,
"Pull","13 Feb 2025, 02:21","13 Feb 2025, 03:22","","Rear Delt Reverse Fly (Machine)",,"",1,"normal",47,15,,,
"Push","12 Feb 2025, 02:48","12 Feb 2025, 04:00","","Incline Bench Press (Smith Machine)",,"",0,"normal",50,12,,,
"Push","12 Feb 2025, 02:48","12 Feb 2025, 04:00","","Incline Bench Press (Smith Machine)",,"",1,"normal",55,10,,,
"Push","12 Feb 2025, 02:48","12 Feb 2025, 04:00","","Incline Bench Press (Smith Machine)",,"",2,"normal",55,8,,,
"Push","12 Feb 2025, 02:48","12 Feb 2025, 04:00","","Seated Shoulder Press (Machine)",,"",0,"normal",32,12,,,
"Push","12 Feb 2025, 02:48","12 Feb 2025, 04:00","","Seated Shoulder Press (Machine)",,"",1,"normal",32,10,,,
"Push","12 Feb 2025, 02:48","12 Feb 2025, 04:00","","Seated Shoulder Press (Machine)",,"",2,"normal",32,10,,,
"Push","12 Feb 2025, 02:48","12 Feb 2025, 04:00","","Flat iso-Lateral Press",,"",0,"normal",58,8,,,
"Push","12 Feb 2025, 02:48","12 Feb 2025, 04:00","","Flat iso-Lateral Press",,"",1,"normal",48,12,,,
"Push","12 Feb 2025, 02:48","12 Feb 2025, 04:00","","Flat iso-Lateral Press",,"",2,"normal",48,10,,,
"Push","12 Feb 2025, 02:48","12 Feb 2025, 04:00","","Triceps Extension (Cable)",,"",0,"normal",24.5,12,,,
"Push","12 Feb 2025, 02:48","12 Feb 2025, 04:00","","Triceps Extension (Cable)",,"",1,"normal",24.5,10,,,
"Push","12 Feb 2025, 02:48","12 Feb 2025, 04:00","","Triceps Pushdown",,"",0,"normal",28,12,,,
"Push","12 Feb 2025, 02:48","12 Feb 2025, 04:00","","Triceps Pushdown",,"",1,"normal",28,8,,,
"Push","12 Feb 2025, 02:48","12 Feb 2025, 04:00","","Lateral Raise (Cable)",,"",0,"normal",5,15,,,
"Push","12 Feb 2025, 02:48","12 Feb 2025, 04:00","","Leg Extension (Machine)",,"",0,"normal",75,15,,,
"Push","12 Feb 2025, 02:48","12 Feb 2025, 04:00","","Leg Extension (Machine)",,"",1,"normal",75,12,,,
"Push","12 Feb 2025, 02:48","12 Feb 2025, 04:00","","Leg Extension (Machine)",,"",2,"normal",75,12,,,
"Pull","11 Feb 2025, 02:43","11 Feb 2025, 03:59","","Pull Up (Weighted)",,"",0,"normal",10,10,,,
"Pull","11 Feb 2025, 02:43","11 Feb 2025, 03:59","","Pull Up (Weighted)",,"",1,"normal",10,8,,,
"Pull","11 Feb 2025, 02:43","11 Feb 2025, 03:59","","Pull Up (Weighted)",,"",2,"normal",,12,,,
"Pull","11 Feb 2025, 02:43","11 Feb 2025, 03:59","","Iso-Lateral Row (Machine)",,"",0,"normal",95,12,,,
"Pull","11 Feb 2025, 02:43","11 Feb 2025, 03:59","","Iso-Lateral Row (Machine)",,"",1,"normal",95,10,,,
"Pull","11 Feb 2025, 02:43","11 Feb 2025, 03:59","","Iso-Lateral Row (Machine)",,"",2,"normal",95,10,,,
"Pull","11 Feb 2025, 02:43","11 Feb 2025, 03:59","","Preacher Curl (Machine)",,"",0,"normal",60,12,,,
"Pull","11 Feb 2025, 02:43","11 Feb 2025, 03:59","","Preacher Curl (Machine)",,"",1,"normal",60,11,,,
"Pull","11 Feb 2025, 02:43","11 Feb 2025, 03:59","","Preacher Curl (Machine)",,"",2,"normal",60,10,,,
"Pull","11 Feb 2025, 02:43","11 Feb 2025, 03:59","","Lat Pulldown (Cable)",,"",0,"normal",67,12,,,
"Pull","11 Feb 2025, 02:43","11 Feb 2025, 03:59","","Lat Pulldown (Cable)",,"",1,"normal",67,12,,,
"Pull","11 Feb 2025, 02:43","11 Feb 2025, 03:59","","Lat Pulldown (Cable)",,"",2,"normal",67,10,,,
"Pull","11 Feb 2025, 02:43","11 Feb 2025, 03:59","","Rear Delt Reverse Fly (Machine)",,"",0,"normal",47,15,,,
"Pull","11 Feb 2025, 02:43","11 Feb 2025, 03:59","","Rear Delt Reverse Fly (Machine)",,"",1,"normal",54,9,,,
"Pull","11 Feb 2025, 02:43","11 Feb 2025, 03:59","","Shrug (Machine)",,"",0,"normal",100,15,,,
"Pull","11 Feb 2025, 02:43","11 Feb 2025, 03:59","","Shrug (Machine)",,"",1,"normal",100,15,,,
"Pull","11 Feb 2025, 02:43","11 Feb 2025, 03:59","","Seated Leg Curl (Machine)",,"",0,"normal",68,12,,,
"Pull","11 Feb 2025, 02:43","11 Feb 2025, 03:59","","Seated Leg Curl (Machine)",,"",1,"normal",68,12,,,
"Push","5 Feb 2025, 22:24","5 Feb 2025, 23:45","","Incline Bench Press (Barbell)",,"",0,"normal",50,12,,,
"Push","5 Feb 2025, 22:24","5 Feb 2025, 23:45","","Incline Bench Press (Barbell)",,"",1,"normal",50,11,,,
"Push","5 Feb 2025, 22:24","5 Feb 2025, 23:45","","Incline Bench Press (Barbell)",,"",2,"normal",50,6,,,
"Push","5 Feb 2025, 22:24","5 Feb 2025, 23:45","","Seated Shoulder Press (Machine)",,"",0,"normal",39,8,,,
"Push","5 Feb 2025, 22:24","5 Feb 2025, 23:45","","Seated Shoulder Press (Machine)",,"",1,"normal",32,10,,,
"Push","5 Feb 2025, 22:24","5 Feb 2025, 23:45","","Seated Shoulder Press (Machine)",,"",2,"normal",32,11,,,
"Push","5 Feb 2025, 22:24","5 Feb 2025, 23:45","","Flat iso-Lateral Press",,"",0,"normal",48,12,,,
"Push","5 Feb 2025, 22:24","5 Feb 2025, 23:45","","Flat iso-Lateral Press",,"",1,"normal",68,6,,,
"Push","5 Feb 2025, 22:24","5 Feb 2025, 23:45","","Flat iso-Lateral Press",,"",2,"normal",58,10,,,
"Push","5 Feb 2025, 22:24","5 Feb 2025, 23:45","","Triceps Extension (Cable)",,"",0,"normal",28,9,,,
"Push","5 Feb 2025, 22:24","5 Feb 2025, 23:45","","Triceps Extension (Cable)",,"",1,"normal",28,9,,,
"Push","5 Feb 2025, 22:24","5 Feb 2025, 23:45","","Triceps Pushdown",,"",0,"normal",28,12,,,
"Push","5 Feb 2025, 22:24","5 Feb 2025, 23:45","","Triceps Pushdown",,"",1,"normal",31.5,8,,,
"Push","5 Feb 2025, 22:24","5 Feb 2025, 23:45","","Lateral Raise (Cable)",,"",0,"normal",7.5,8,,,
"Pull","5 Feb 2025, 02:07","5 Feb 2025, 03:24","","Pull Up (Weighted)",,"",0,"normal",10,10,,,
"Pull","5 Feb 2025, 02:07","5 Feb 2025, 03:24","","Pull Up (Weighted)",,"",1,"normal",10,8,,,
"Pull","5 Feb 2025, 02:07","5 Feb 2025, 03:24","","Pull Up (Weighted)",,"",2,"normal",,12,,,
"Pull","5 Feb 2025, 02:07","5 Feb 2025, 03:24","","Seated Row (Machine)",,"",0,"normal",68,12,,,
"Pull","5 Feb 2025, 02:07","5 Feb 2025, 03:24","","Seated Row (Machine)",,"",1,"normal",68,12,,,
"Pull","5 Feb 2025, 02:07","5 Feb 2025, 03:24","","Seated Row (Machine)",,"",2,"normal",68,10,,,
"Pull","5 Feb 2025, 02:07","5 Feb 2025, 03:24","","Preacher Curl (Machine)",,"",0,"normal",60,10,,,
"Pull","5 Feb 2025, 02:07","5 Feb 2025, 03:24","","Preacher Curl (Machine)",,"",1,"normal",60,8,,,
"Pull","5 Feb 2025, 02:07","5 Feb 2025, 03:24","","Preacher Curl (Machine)",,"",2,"normal",60,9,,,
"Pull","5 Feb 2025, 02:07","5 Feb 2025, 03:24","","Lat Pulldown (Machine)",,"",0,"normal",82,12,,,
"Pull","5 Feb 2025, 02:07","5 Feb 2025, 03:24","","Lat Pulldown (Machine)",,"",1,"normal",82,10,,,
"Pull","5 Feb 2025, 02:07","5 Feb 2025, 03:24","","Lat Pulldown (Machine)",,"",2,"normal",75,12,,,
"Pull","5 Feb 2025, 02:07","5 Feb 2025, 03:24","","Rear Delt Reverse Fly (Machine)",,"",0,"normal",47,12,,,
"Pull","5 Feb 2025, 02:07","5 Feb 2025, 03:24","","Rear Delt Reverse Fly (Machine)",,"",1,"normal",47,12,,,
"Pull","5 Feb 2025, 02:07","5 Feb 2025, 03:24","","Rear Delt Reverse Fly (Machine)",,"",2,"normal",47,12,,,
"Pull","5 Feb 2025, 02:07","5 Feb 2025, 03:24","","Shrug (Machine)",,"",0,"normal",100,15,,,
"Pull","5 Feb 2025, 02:07","5 Feb 2025, 03:24","","Shrug (Machine)",,"",1,"normal",100,15,,,
"Pull","5 Feb 2025, 02:07","5 Feb 2025, 03:24","","Shrug (Machine)",,"",2,"normal",100,15,,,
"Supplement","4 Feb 2025, 02:33","4 Feb 2025, 03:38","","Hanging Leg Raise",,"",0,"normal",,15,,,
"Supplement","4 Feb 2025, 02:33","4 Feb 2025, 03:38","","Hanging Leg Raise",,"",1,"normal",,15,,,
"Supplement","4 Feb 2025, 02:33","4 Feb 2025, 03:38","","Hanging Leg Raise",,"",2,"normal",,15,,,
"Supplement","4 Feb 2025, 02:33","4 Feb 2025, 03:38","","Leg Extension (Machine)",,"",0,"normal",68,15,,,
"Supplement","4 Feb 2025, 02:33","4 Feb 2025, 03:38","","Leg Extension (Machine)",,"",1,"normal",75,15,,,
"Supplement","4 Feb 2025, 02:33","4 Feb 2025, 03:38","","Leg Extension (Machine)",,"",2,"normal",75,12,,,
"Supplement","4 Feb 2025, 02:33","4 Feb 2025, 03:38","","Crunch (Machine)",,"",0,"normal",30,12,,,
"Supplement","4 Feb 2025, 02:33","4 Feb 2025, 03:38","","Crunch (Machine)",,"",1,"normal",30,12,,,
"Supplement","4 Feb 2025, 02:33","4 Feb 2025, 03:38","","Crunch (Machine)",,"",2,"normal",30,12,,,
"Supplement","4 Feb 2025, 02:33","4 Feb 2025, 03:38","","Deadlift (Barbell)",,"",0,"normal",60,8,,,
"Supplement","4 Feb 2025, 02:33","4 Feb 2025, 03:38","","Deadlift (Barbell)",,"",1,"normal",80,5,,,
"Supplement","4 Feb 2025, 02:33","4 Feb 2025, 03:38","","Seated Leg Curl (Machine)",,"",0,"normal",61,12,,,
"Supplement","4 Feb 2025, 02:33","4 Feb 2025, 03:38","","Seated Leg Curl (Machine)",,"",1,"normal",68,12,,,
"Supplement","4 Feb 2025, 02:33","4 Feb 2025, 03:38","","Seated Leg Curl (Machine)",,"",2,"normal",68,12,,,
"Push","31 Jan 2025, 21:44","31 Jan 2025, 22:56","","Incline Bench Press (Barbell)",,"",0,"normal",50,12,,,
"Push","31 Jan 2025, 21:44","31 Jan 2025, 22:56","","Incline Bench Press (Barbell)",,"",1,"normal",50,10,,,
"Push","31 Jan 2025, 21:44","31 Jan 2025, 22:56","","Incline Bench Press (Barbell)",,"",2,"normal",50,6,,,
"Push","31 Jan 2025, 21:44","31 Jan 2025, 22:56","","Seated Shoulder Press (Machine)",,"",0,"normal",39,8,,,
"Push","31 Jan 2025, 21:44","31 Jan 2025, 22:56","","Seated Shoulder Press (Machine)",,"",1,"normal",32,10,,,
"Push","31 Jan 2025, 21:44","31 Jan 2025, 22:56","","Seated Shoulder Press (Machine)",,"",2,"normal",32,10,,,
"Push","31 Jan 2025, 21:44","31 Jan 2025, 22:56","","Decline Bench Press (Smith Machine)",,"",0,"normal",72,12,,,
"Push","31 Jan 2025, 21:44","31 Jan 2025, 22:56","","Decline Bench Press (Smith Machine)",,"",1,"normal",72,12,,,
"Push","31 Jan 2025, 21:44","31 Jan 2025, 22:56","","Decline Bench Press (Smith Machine)",,"",2,"normal",72,12,,,
"Push","31 Jan 2025, 21:44","31 Jan 2025, 22:56","","Triceps Extension (Cable)",,"",0,"normal",28,10,,,
"Push","31 Jan 2025, 21:44","31 Jan 2025, 22:56","","Triceps Extension (Cable)",,"",1,"normal",28,8,,,
"Push","31 Jan 2025, 21:44","31 Jan 2025, 22:56","","Triceps Pushdown",,"",0,"normal",28,14,,,
"Push","31 Jan 2025, 21:44","31 Jan 2025, 22:56","","Triceps Pushdown",,"",1,"normal",28,14,,,
"Push","31 Jan 2025, 21:44","31 Jan 2025, 22:56","","Lateral Raise (Cable)",,"",0,"normal",5,15,,,
"Pull","30 Jan 2025, 21:40","30 Jan 2025, 22:50","","Pull Up (Weighted)",,"",0,"normal",10,10,,,
"Pull","30 Jan 2025, 21:40","30 Jan 2025, 22:50","","Pull Up (Weighted)",,"",1,"normal",10,8,,,
"Pull","30 Jan 2025, 21:40","30 Jan 2025, 22:50","","Pull Up (Weighted)",,"",2,"normal",,12,,,
"Pull","30 Jan 2025, 21:40","30 Jan 2025, 22:50","","Seated Row (Machine)",,"",0,"normal",68,12,,,
"Pull","30 Jan 2025, 21:40","30 Jan 2025, 22:50","","Seated Row (Machine)",,"",1,"normal",68,12,,,
"Pull","30 Jan 2025, 21:40","30 Jan 2025, 22:50","","Seated Row (Machine)",,"",2,"normal",68,10,,,
"Pull","30 Jan 2025, 21:40","30 Jan 2025, 22:50","","Preacher Curl (Machine)",,"",0,"normal",60,10,,,
"Pull","30 Jan 2025, 21:40","30 Jan 2025, 22:50","","Preacher Curl (Machine)",,"",1,"normal",60,9,,,
"Pull","30 Jan 2025, 21:40","30 Jan 2025, 22:50","","Preacher Curl (Machine)",,"",2,"normal",60,7,,,
"Pull","30 Jan 2025, 21:40","30 Jan 2025, 22:50","","Lat Pulldown (Cable)",,"",0,"normal",67,12,,,
"Pull","30 Jan 2025, 21:40","30 Jan 2025, 22:50","","Lat Pulldown (Cable)",,"",1,"normal",67,12,,,
"Pull","30 Jan 2025, 21:40","30 Jan 2025, 22:50","","Lat Pulldown (Cable)",,"",2,"normal",67,10,,,
"Pull","30 Jan 2025, 21:40","30 Jan 2025, 22:50","","Shrug (Machine)",,"",0,"normal",100,15,,,
"Pull","30 Jan 2025, 21:40","30 Jan 2025, 22:50","","Shrug (Machine)",,"",1,"normal",100,15,,,
"Pull","30 Jan 2025, 21:40","30 Jan 2025, 22:50","","Shrug (Machine)",,"",2,"normal",100,15,,,
"Pull","30 Jan 2025, 21:40","30 Jan 2025, 22:50","","Rear Delt Reverse Fly (Machine)",,"",0,"normal",47,12,,,
"Pull","30 Jan 2025, 21:40","30 Jan 2025, 22:50","","Rear Delt Reverse Fly (Machine)",,"",1,"normal",47,12,,,
"Pull","30 Jan 2025, 21:40","30 Jan 2025, 22:50","","Rear Delt Reverse Fly (Machine)",,"",2,"normal",47,12,,,
"Push","30 Jan 2025, 01:15","30 Jan 2025, 02:16","","Incline Bench Press (Barbell)",,"",0,"normal",50,11,,,
"Push","30 Jan 2025, 01:15","30 Jan 2025, 02:16","","Incline Bench Press (Barbell)",,"",1,"normal",50,9,,,
"Push","30 Jan 2025, 01:15","30 Jan 2025, 02:16","","Incline Bench Press (Barbell)",,"",2,"normal",50,6,,,
"Push","30 Jan 2025, 01:15","30 Jan 2025, 02:16","","Seated Shoulder Press (Machine)",,"",0,"normal",32,9,,,
"Push","30 Jan 2025, 01:15","30 Jan 2025, 02:16","","Seated Shoulder Press (Machine)",,"",1,"normal",34.5,8,,,
"Push","30 Jan 2025, 01:15","30 Jan 2025, 02:16","","Seated Shoulder Press (Machine)",,"",2,"normal",32,9,,,
"Push","30 Jan 2025, 01:15","30 Jan 2025, 02:16","","Decline Bench Press (Smith Machine)",,"",0,"normal",62,12,,,
"Push","30 Jan 2025, 01:15","30 Jan 2025, 02:16","","Decline Bench Press (Smith Machine)",,"",1,"normal",72,10,,,
"Push","30 Jan 2025, 01:15","30 Jan 2025, 02:16","","Decline Bench Press (Smith Machine)",,"",2,"normal",72,10,,,
"Push","30 Jan 2025, 01:15","30 Jan 2025, 02:16","","Triceps Extension (Cable)",,"",0,"normal",24.5,12,,,
"Push","30 Jan 2025, 01:15","30 Jan 2025, 02:16","","Triceps Extension (Cable)",,"",1,"normal",24.5,12,,,
"Push","30 Jan 2025, 01:15","30 Jan 2025, 02:16","","Triceps Pushdown",,"",0,"normal",28,12,,,
"Push","30 Jan 2025, 01:15","30 Jan 2025, 02:16","","Triceps Pushdown",,"",1,"normal",28,12,,,
"Push","30 Jan 2025, 01:15","30 Jan 2025, 02:16","","Lateral Raise (Cable)",,"",0,"normal",5,15,,,
"Pull","28 Jan 2025, 21:26","28 Jan 2025, 22:36","","Pull Up (Weighted)",,"",0,"normal",10,10,,,
"Pull","28 Jan 2025, 21:26","28 Jan 2025, 22:36","","Pull Up (Weighted)",,"",1,"normal",10,8,,,
"Pull","28 Jan 2025, 21:26","28 Jan 2025, 22:36","","Pull Up (Weighted)",,"",2,"normal",,12,,,
"Pull","28 Jan 2025, 21:26","28 Jan 2025, 22:36","","Seated Row (Machine)",,"",0,"normal",68,12,,,
"Pull","28 Jan 2025, 21:26","28 Jan 2025, 22:36","","Seated Row (Machine)",,"",1,"normal",68,10,,,
"Pull","28 Jan 2025, 21:26","28 Jan 2025, 22:36","","Seated Row (Machine)",,"",2,"normal",68,10,,,
"Pull","28 Jan 2025, 21:26","28 Jan 2025, 22:36","","Preacher Curl (Machine)",,"",0,"normal",60,10,,,
"Pull","28 Jan 2025, 21:26","28 Jan 2025, 22:36","","Preacher Curl (Machine)",,"",1,"normal",60,8,,,
"Pull","28 Jan 2025, 21:26","28 Jan 2025, 22:36","","Preacher Curl (Machine)",,"",2,"normal",60,6,,,
"Pull","28 Jan 2025, 21:26","28 Jan 2025, 22:36","","Lat Pulldown (Cable)",,"",0,"normal",67,12,,,
"Pull","28 Jan 2025, 21:26","28 Jan 2025, 22:36","","Lat Pulldown (Cable)",,"",1,"normal",67,12,,,
"Pull","28 Jan 2025, 21:26","28 Jan 2025, 22:36","","Lat Pulldown (Cable)",,"",2,"normal",67,10,,,
"Pull","28 Jan 2025, 21:26","28 Jan 2025, 22:36","","Rear Delt Reverse Fly (Machine)",,"",0,"normal",47,12,,,
"Pull","28 Jan 2025, 21:26","28 Jan 2025, 22:36","","Rear Delt Reverse Fly (Machine)",,"",1,"normal",47,12,,,
"Pull","28 Jan 2025, 21:26","28 Jan 2025, 22:36","","Rear Delt Reverse Fly (Machine)",,"",2,"normal",47,12,,,
"Pull","28 Jan 2025, 21:26","28 Jan 2025, 22:36","","Shrug (Machine)",,"",0,"normal",100,15,,,
"Pull","28 Jan 2025, 21:26","28 Jan 2025, 22:36","","Shrug (Machine)",,"",1,"normal",100,15,,,
"Pull","28 Jan 2025, 21:26","28 Jan 2025, 22:36","","Shrug (Machine)",,"",2,"normal",100,15,,,
"Push","24 Jan 2025, 22:49","25 Jan 2025, 00:21","","Incline Bench Press (Barbell)",,"",0,"normal",50,11,,,
"Push","24 Jan 2025, 22:49","25 Jan 2025, 00:21","","Incline Bench Press (Barbell)",,"",1,"normal",50,8,,,
"Push","24 Jan 2025, 22:49","25 Jan 2025, 00:21","","Incline Bench Press (Barbell)",,"",2,"normal",50,7,,,
"Push","24 Jan 2025, 22:49","25 Jan 2025, 00:21","","Seated Shoulder Press (Machine)",,"",0,"normal",39,5,,,
"Push","24 Jan 2025, 22:49","25 Jan 2025, 00:21","","Seated Shoulder Press (Machine)",,"",1,"normal",32,10,,,
"Push","24 Jan 2025, 22:49","25 Jan 2025, 00:21","","Seated Shoulder Press (Machine)",,"",2,"normal",32,11,,,
"Push","24 Jan 2025, 22:49","25 Jan 2025, 00:21","","Flat iso-Lateral Press",,"",0,"normal",48,12,,,
"Push","24 Jan 2025, 22:49","25 Jan 2025, 00:21","","Flat iso-Lateral Press",,"",1,"normal",48,10,,,
"Push","24 Jan 2025, 22:49","25 Jan 2025, 00:21","","Flat iso-Lateral Press",,"",2,"normal",48,12,,,
"Push","24 Jan 2025, 22:49","25 Jan 2025, 00:21","","Triceps Extension (Cable)",,"",0,"normal",24.5,12,,,
"Push","24 Jan 2025, 22:49","25 Jan 2025, 00:21","","Triceps Extension (Cable)",,"",1,"normal",24.5,12,,,
"Push","24 Jan 2025, 22:49","25 Jan 2025, 00:21","","Triceps Pushdown",,"",0,"normal",28,12,,,
"Push","24 Jan 2025, 22:49","25 Jan 2025, 00:21","","Triceps Pushdown",,"",1,"normal",28,12,,,
"Push","24 Jan 2025, 22:49","25 Jan 2025, 00:21","","Butterfly (Pec Deck)",,"",0,"normal",54,10,,,
"Push","24 Jan 2025, 22:49","25 Jan 2025, 00:21","","Butterfly (Pec Deck)",,"",1,"normal",54,10,,,
"Push","24 Jan 2025, 22:49","25 Jan 2025, 00:21","","Butterfly (Pec Deck)",,"",2,"normal",54,8,,,
"Push","24 Jan 2025, 22:49","25 Jan 2025, 00:21","","Lateral Raise (Cable)",,"",0,"normal",5,15,,,
"Supplement","23 Jan 2025, 21:16","23 Jan 2025, 22:01","","Hanging Leg Raise",,"",0,"normal",,10,,,
"Supplement","23 Jan 2025, 21:16","23 Jan 2025, 22:01","","Hanging Leg Raise",,"",1,"normal",,15,,,
"Supplement","23 Jan 2025, 21:16","23 Jan 2025, 22:01","","Hanging Leg Raise",,"",2,"normal",,15,,,
"Supplement","23 Jan 2025, 21:16","23 Jan 2025, 22:01","","Leg Extension (Machine)",,"",0,"normal",68,15,,,
"Supplement","23 Jan 2025, 21:16","23 Jan 2025, 22:01","","Leg Extension (Machine)",,"",1,"normal",68,15,,,
"Supplement","23 Jan 2025, 21:16","23 Jan 2025, 22:01","","Leg Extension (Machine)",,"",2,"normal",68,15,,,
"Supplement","23 Jan 2025, 21:16","23 Jan 2025, 22:01","","Crunch (Machine)",,"",0,"normal",30,12,,,
"Supplement","23 Jan 2025, 21:16","23 Jan 2025, 22:01","","Crunch (Machine)",,"",1,"normal",30,12,,,
"Supplement","23 Jan 2025, 21:16","23 Jan 2025, 22:01","","Crunch (Machine)",,"",2,"normal",30,12,,,
"Supplement","23 Jan 2025, 21:16","23 Jan 2025, 22:01","","Seated Leg Curl (Machine)",,"",0,"normal",61,15,,,
"Supplement","23 Jan 2025, 21:16","23 Jan 2025, 22:01","","Seated Leg Curl (Machine)",,"",1,"normal",68,12,,,
"Supplement","23 Jan 2025, 21:16","23 Jan 2025, 22:01","","Seated Leg Curl (Machine)",,"",2,"normal",61,12,,,
"Pull","21 Jan 2025, 23:04","22 Jan 2025, 00:22","","Pull Up (Weighted)",,"",0,"normal",10,12,,,
"Pull","21 Jan 2025, 23:04","22 Jan 2025, 00:22","","Pull Up (Weighted)",,"",1,"normal",10,10,,,
"Pull","21 Jan 2025, 23:04","22 Jan 2025, 00:22","","Pull Up (Weighted)",,"",2,"normal",,12,,,
"Pull","21 Jan 2025, 23:04","22 Jan 2025, 00:22","","Seated Row (Machine)",,"",0,"normal",68,12,,,
"Pull","21 Jan 2025, 23:04","22 Jan 2025, 00:22","","Seated Row (Machine)",,"",1,"normal",68,10,,,
"Pull","21 Jan 2025, 23:04","22 Jan 2025, 00:22","","Seated Row (Machine)",,"",2,"normal",61,15,,,
"Pull","21 Jan 2025, 23:04","22 Jan 2025, 00:22","","Preacher Curl (Machine)",,"",0,"normal",53,12,,,
"Pull","21 Jan 2025, 23:04","22 Jan 2025, 00:22","","Preacher Curl (Machine)",,"",1,"normal",53,12,,,
"Pull","21 Jan 2025, 23:04","22 Jan 2025, 00:22","","Preacher Curl (Machine)",,"",2,"normal",53,12,,,
"Pull","21 Jan 2025, 23:04","22 Jan 2025, 00:22","","Lat Pulldown (Cable)",,"",0,"normal",67,12,,,
"Pull","21 Jan 2025, 23:04","22 Jan 2025, 00:22","","Lat Pulldown (Cable)",,"",1,"normal",62,12,,,
"Pull","21 Jan 2025, 23:04","22 Jan 2025, 00:22","","Lat Pulldown (Cable)",,"",2,"normal",57,12,,,
"Pull","21 Jan 2025, 23:04","22 Jan 2025, 00:22","","Iso-Lateral Row (Machine)",,"",0,"normal",85,12,,,
"Pull","21 Jan 2025, 23:04","22 Jan 2025, 00:22","","Iso-Lateral Row (Machine)",,"",1,"normal",85,12,,,
"Pull","21 Jan 2025, 23:04","22 Jan 2025, 00:22","","Iso-Lateral Row (Machine)",,"",2,"normal",85,12,,,
"Pull","21 Jan 2025, 23:04","22 Jan 2025, 00:22","","Rear Delt Reverse Fly (Machine)",,"",0,"normal",47,12,,,
"Pull","21 Jan 2025, 23:04","22 Jan 2025, 00:22","","Rear Delt Reverse Fly (Machine)",,"",1,"normal",47,12,,,
"Push","21 Jan 2025, 06:05","21 Jan 2025, 07:17","","Incline Bench Press (Barbell)",,"",0,"normal",50,12,,,
"Push","21 Jan 2025, 06:05","21 Jan 2025, 07:17","","Incline Bench Press (Barbell)",,"",1,"normal",50,10,,,
"Push","21 Jan 2025, 06:05","21 Jan 2025, 07:17","","Incline Bench Press (Barbell)",,"",2,"normal",50,8,,,
"Push","21 Jan 2025, 06:05","21 Jan 2025, 07:17","","Overhead Press (Dumbbell)",,"",0,"normal",32,12,,,
"Push","21 Jan 2025, 06:05","21 Jan 2025, 07:17","","Overhead Press (Dumbbell)",,"",1,"normal",32,8,,,
"Push","21 Jan 2025, 06:05","21 Jan 2025, 07:17","","Overhead Press (Dumbbell)",,"",2,"normal",32,8,,,
"Push","21 Jan 2025, 06:05","21 Jan 2025, 07:17","","Flat iso-Lateral Press",,"",0,"normal",48,10,,,
"Push","21 Jan 2025, 06:05","21 Jan 2025, 07:17","","Flat iso-Lateral Press",,"",1,"normal",48,10,,,
"Push","21 Jan 2025, 06:05","21 Jan 2025, 07:17","","Flat iso-Lateral Press",,"",2,"normal",48,8,,,
"Push","21 Jan 2025, 06:05","21 Jan 2025, 07:17","","Triceps Extension (Cable)",,"",0,"normal",24.5,12,,,
"Push","21 Jan 2025, 06:05","21 Jan 2025, 07:17","","Triceps Extension (Cable)",,"",1,"normal",24.5,12,,,
"Push","21 Jan 2025, 06:05","21 Jan 2025, 07:17","","Triceps Pushdown",,"",0,"normal",28,10,,,
"Push","21 Jan 2025, 06:05","21 Jan 2025, 07:17","","Triceps Pushdown",,"",1,"normal",28,12,,,
"Push","21 Jan 2025, 06:05","21 Jan 2025, 07:17","","Lateral Raise (Cable)",,"",0,"normal",5,15,,,
"Pull","18 Jan 2025, 00:46","18 Jan 2025, 01:58","","Pull Up (Weighted)",,"",0,"normal",10,8,,,
"Pull","18 Jan 2025, 00:46","18 Jan 2025, 01:58","","Pull Up (Weighted)",,"",1,"normal",10,8,,,
"Pull","18 Jan 2025, 00:46","18 Jan 2025, 01:58","","Pull Up (Weighted)",,"",2,"normal",,12,,,
"Pull","18 Jan 2025, 00:46","18 Jan 2025, 01:58","","Seated Row (Machine)",,"",0,"normal",68,8,,,
"Pull","18 Jan 2025, 00:46","18 Jan 2025, 01:58","","Seated Row (Machine)",,"",1,"normal",63.5,12,,,
"Pull","18 Jan 2025, 00:46","18 Jan 2025, 01:58","","Seated Row (Machine)",,"",2,"normal",63.5,12,,,
"Pull","18 Jan 2025, 00:46","18 Jan 2025, 01:58","","Preacher Curl (Machine)",,"",0,"normal",53,12,,,
"Pull","18 Jan 2025, 00:46","18 Jan 2025, 01:58","","Preacher Curl (Machine)",,"",1,"normal",53,10,,,
"Pull","18 Jan 2025, 00:46","18 Jan 2025, 01:58","","Preacher Curl (Machine)",,"",2,"normal",53,10,,,
"Pull","18 Jan 2025, 00:46","18 Jan 2025, 01:58","","Lat Pulldown (Cable)",,"",0,"normal",67,12,,,
"Pull","18 Jan 2025, 00:46","18 Jan 2025, 01:58","","Lat Pulldown (Cable)",,"",1,"normal",62,12,,,
"Pull","18 Jan 2025, 00:46","18 Jan 2025, 01:58","","Lat Pulldown (Cable)",,"",2,"normal",62,12,,,
"Pull","18 Jan 2025, 00:46","18 Jan 2025, 01:58","","Iso-Lateral Row (Machine)",,"",0,"normal",85,10,,,
"Pull","18 Jan 2025, 00:46","18 Jan 2025, 01:58","","Iso-Lateral Row (Machine)",,"",1,"normal",85,10,,,
"Pull","18 Jan 2025, 00:46","18 Jan 2025, 01:58","","Iso-Lateral Row (Machine)",,"",2,"normal",85,10,,,
"Pull","18 Jan 2025, 00:46","18 Jan 2025, 01:58","","Hammer Curl (Dumbbell)",,"",0,"normal",28,10,,,
"Pull","18 Jan 2025, 00:46","18 Jan 2025, 01:58","","Hammer Curl (Dumbbell)",,"",1,"normal",28,8,,,
"Pull","18 Jan 2025, 00:46","18 Jan 2025, 01:58","","Hammer Curl (Dumbbell)",,"",2,"normal",24,10,,,
"Push","16 Jan 2025, 22:19","16 Jan 2025, 23:29","","Incline Bench Press (Barbell)",,"",0,"normal",50,12,,,
"Push","16 Jan 2025, 22:19","16 Jan 2025, 23:29","","Incline Bench Press (Barbell)",,"",1,"normal",50,10,,,
"Push","16 Jan 2025, 22:19","16 Jan 2025, 23:29","","Incline Bench Press (Barbell)",,"",2,"normal",50,8,,,
"Push","16 Jan 2025, 22:19","16 Jan 2025, 23:29","","Seated Shoulder Press (Machine)",,"",0,"normal",32,10,,,
"Push","16 Jan 2025, 22:19","16 Jan 2025, 23:29","","Seated Shoulder Press (Machine)",,"",1,"normal",32,8,,,
"Push","16 Jan 2025, 22:19","16 Jan 2025, 23:29","","Seated Shoulder Press (Machine)",,"",2,"normal",25,12,,,
"Push","16 Jan 2025, 22:19","16 Jan 2025, 23:29","","Flat iso-Lateral Press",,"",0,"normal",58,8,,,
"Push","16 Jan 2025, 22:19","16 Jan 2025, 23:29","","Flat iso-Lateral Press",,"",1,"normal",48,10,,,
"Push","16 Jan 2025, 22:19","16 Jan 2025, 23:29","","Flat iso-Lateral Press",,"",2,"normal",48,10,,,
"Push","16 Jan 2025, 22:19","16 Jan 2025, 23:29","","Triceps Extension (Cable)",,"",0,"normal",24.5,12,,,
"Push","16 Jan 2025, 22:19","16 Jan 2025, 23:29","","Triceps Extension (Cable)",,"",1,"normal",24.5,12,,,
"Push","16 Jan 2025, 22:19","16 Jan 2025, 23:29","","Triceps Pushdown",,"",0,"normal",24.5,12,,,
"Push","16 Jan 2025, 22:19","16 Jan 2025, 23:29","","Triceps Pushdown",,"",1,"normal",24.5,12,,,
"Push","16 Jan 2025, 22:19","16 Jan 2025, 23:29","","Lateral Raise (Cable)",,"",0,"normal",5,15,,,
"Push","16 Jan 2025, 22:19","16 Jan 2025, 23:29","","Lateral Raise (Cable)",,"",1,"normal",5,10,,,
"Push","16 Jan 2025, 22:19","16 Jan 2025, 23:29","","Butterfly (Pec Deck)",,"",0,"normal",47,12,,,
"Push","16 Jan 2025, 22:19","16 Jan 2025, 23:29","","Butterfly (Pec Deck)",,"",1,"normal",47,12,,,
"Push","16 Jan 2025, 22:19","16 Jan 2025, 23:29","","Butterfly (Pec Deck)",,"",2,"normal",47,12,,,
"Pull","15 Jan 2025, 21:10","15 Jan 2025, 22:03","","Pull Up (Weighted)",,"",0,"normal",10,8,,,
"Pull","15 Jan 2025, 21:10","15 Jan 2025, 22:03","","Pull Up (Weighted)",,"",1,"normal",10,8,,,
"Pull","15 Jan 2025, 21:10","15 Jan 2025, 22:03","","Pull Up (Weighted)",,"",2,"normal",,12,,,
"Pull","15 Jan 2025, 21:10","15 Jan 2025, 22:03","","Iso-Lateral Row (Machine)",,"",0,"normal",85,12,,,
"Pull","15 Jan 2025, 21:10","15 Jan 2025, 22:03","","Iso-Lateral Row (Machine)",,"",1,"normal",85,12,,,
"Pull","15 Jan 2025, 21:10","15 Jan 2025, 22:03","","Iso-Lateral Row (Machine)",,"",2,"normal",85,10,,,
"Pull","15 Jan 2025, 21:10","15 Jan 2025, 22:03","","Preacher Curl (Machine)",,"",0,"normal",53,12,,,
"Pull","15 Jan 2025, 21:10","15 Jan 2025, 22:03","","Preacher Curl (Machine)",,"",1,"normal",53,10,,,
"Pull","15 Jan 2025, 21:10","15 Jan 2025, 22:03","","Preacher Curl (Machine)",,"",2,"normal",53,10,,,
"Pull","15 Jan 2025, 21:10","15 Jan 2025, 22:03","","Lat Pulldown (Machine)",,"",0,"normal",75,12,,,
"Pull","15 Jan 2025, 21:10","15 Jan 2025, 22:03","","Lat Pulldown (Machine)",,"",1,"normal",75,12,,,
"Pull","15 Jan 2025, 21:10","15 Jan 2025, 22:03","","Lat Pulldown (Machine)",,"",2,"normal",75,12,,,
"Pull","15 Jan 2025, 21:10","15 Jan 2025, 22:03","","Rear Delt Reverse Fly (Machine)",,"",0,"normal",40,12,,,
"Pull","15 Jan 2025, 21:10","15 Jan 2025, 22:03","","Rear Delt Reverse Fly (Machine)",,"",1,"normal",40,12,,,
"Push","14 Jan 2025, 22:14","14 Jan 2025, 23:32","","Incline Bench Press (Barbell)",,"",0,"normal",50,12,,,
"Push","14 Jan 2025, 22:14","14 Jan 2025, 23:32","","Incline Bench Press (Barbell)",,"",1,"normal",50,10,,,
"Push","14 Jan 2025, 22:14","14 Jan 2025, 23:32","","Incline Bench Press (Barbell)",,"",2,"normal",50,8,,,
"Push","14 Jan 2025, 22:14","14 Jan 2025, 23:32","","Overhead Press (Dumbbell)",,"",0,"normal",32,12,,,
"Push","14 Jan 2025, 22:14","14 Jan 2025, 23:32","","Overhead Press (Dumbbell)",,"",1,"normal",32,8,,,
"Push","14 Jan 2025, 22:14","14 Jan 2025, 23:32","","Overhead Press (Dumbbell)",,"",2,"normal",32,8,,,
"Push","14 Jan 2025, 22:14","14 Jan 2025, 23:32","","Decline Bench Press (Smith Machine)",,"",0,"normal",62,12,,,
"Push","14 Jan 2025, 22:14","14 Jan 2025, 23:32","","Decline Bench Press (Smith Machine)",,"",1,"normal",62,12,,,
"Push","14 Jan 2025, 22:14","14 Jan 2025, 23:32","","Decline Bench Press (Smith Machine)",,"",2,"normal",62,12,,,
"Push","14 Jan 2025, 22:14","14 Jan 2025, 23:32","","Triceps Extension (Cable)",,"",0,"normal",24.5,12,,,
"Push","14 Jan 2025, 22:14","14 Jan 2025, 23:32","","Triceps Extension (Cable)",,"",1,"normal",24.5,12,,,
"Push","14 Jan 2025, 22:14","14 Jan 2025, 23:32","","Triceps Pushdown",,"",0,"normal",28,10,,,
"Push","14 Jan 2025, 22:14","14 Jan 2025, 23:32","","Triceps Pushdown",,"",1,"normal",24.5,12,,,
"Push","14 Jan 2025, 22:14","14 Jan 2025, 23:32","","Rear Delt Reverse Fly (Machine)",,"",0,"normal",40,12,,,
"Push","14 Jan 2025, 22:14","14 Jan 2025, 23:32","","Rear Delt Reverse Fly (Machine)",,"",1,"normal",40,12,,,
"Push","14 Jan 2025, 22:14","14 Jan 2025, 23:32","","Lateral Raise (Cable)",,"",0,"normal",5,12,,,
"Push","12 Jan 2025, 00:51","12 Jan 2025, 01:50","","Incline Bench Press (Dumbbell)",,"",0,"normal",48,8,,,
"Push","12 Jan 2025, 00:51","12 Jan 2025, 01:50","","Incline Bench Press (Dumbbell)",,"",1,"normal",48,7,,,
"Push","12 Jan 2025, 00:51","12 Jan 2025, 01:50","","Incline Bench Press (Dumbbell)",,"",2,"normal",44,8,,,
"Push","12 Jan 2025, 00:51","12 Jan 2025, 01:50","","Chest Dip",,"",0,"normal",,10,,,
"Push","12 Jan 2025, 00:51","12 Jan 2025, 01:50","","Chest Dip",,"",1,"normal",,10,,,
"Push","12 Jan 2025, 00:51","12 Jan 2025, 01:50","","Chest Dip",,"",2,"normal",,10,,,
"Push","12 Jan 2025, 00:51","12 Jan 2025, 01:50","","Chest Press (Machine)",,"",0,"normal",47,10,,,
"Push","12 Jan 2025, 00:51","12 Jan 2025, 01:50","","Chest Press (Machine)",,"",1,"normal",42.5,10,,,
"Push","12 Jan 2025, 00:51","12 Jan 2025, 01:50","","Chest Press (Machine)",,"",2,"normal",42.5,10,,,
"Push","12 Jan 2025, 00:51","12 Jan 2025, 01:50","","Seated Shoulder Press (Machine)",,"",0,"normal",32,8,,,
"Push","12 Jan 2025, 00:51","12 Jan 2025, 01:50","","Seated Shoulder Press (Machine)",,"",1,"normal",25,12,,,
"Push","12 Jan 2025, 00:51","12 Jan 2025, 01:50","","Seated Shoulder Press (Machine)",,"",2,"normal",25,12,,,
"Push","12 Jan 2025, 00:51","12 Jan 2025, 01:50","","Lateral Raise (Cable)",,"",0,"normal",5,12,,,
"Pull","10 Jan 2025, 22:34","10 Jan 2025, 23:51","","Pull Up",,"",0,"normal",,13,,,
"Pull","10 Jan 2025, 22:34","10 Jan 2025, 23:51","","Pull Up",,"",1,"normal",,12,,,
"Pull","10 Jan 2025, 22:34","10 Jan 2025, 23:51","","Pull Up",,"",2,"normal",,12,,,
"Pull","10 Jan 2025, 22:34","10 Jan 2025, 23:51","","Seated Row (Machine)",,"",0,"normal",61,12,,,
"Pull","10 Jan 2025, 22:34","10 Jan 2025, 23:51","","Seated Row (Machine)",,"",1,"normal",68,8,,,
"Pull","10 Jan 2025, 22:34","10 Jan 2025, 23:51","","Seated Row (Machine)",,"",2,"normal",63.5,12,,,
"Pull","10 Jan 2025, 22:34","10 Jan 2025, 23:51","","Preacher Curl (Machine)",,"",0,"normal",53,12,,,
"Pull","10 Jan 2025, 22:34","10 Jan 2025, 23:51","","Preacher Curl (Machine)",,"",1,"normal",53,12,,,
"Pull","10 Jan 2025, 22:34","10 Jan 2025, 23:51","","Preacher Curl (Machine)",,"",2,"normal",53,10,,,
"Pull","10 Jan 2025, 22:34","10 Jan 2025, 23:51","","Lat Pulldown (Machine)",,"",0,"normal",82,8,,,
"Pull","10 Jan 2025, 22:34","10 Jan 2025, 23:51","","Lat Pulldown (Machine)",,"",1,"normal",80,12,,,
"Pull","10 Jan 2025, 22:34","10 Jan 2025, 23:51","","Lat Pulldown (Machine)",,"",2,"normal",75,12,,,
"Pull","10 Jan 2025, 22:34","10 Jan 2025, 23:51","","Iso-Lateral Row (Machine)",,"",0,"normal",85,12,,,
"Pull","10 Jan 2025, 22:34","10 Jan 2025, 23:51","","Iso-Lateral Row (Machine)",,"",1,"normal",85,12,,,
"Pull","10 Jan 2025, 22:34","10 Jan 2025, 23:51","","Iso-Lateral Row (Machine)",,"",2,"normal",85,10,,,
"Pull","10 Jan 2025, 22:34","10 Jan 2025, 23:51","","Rear Delt Reverse Fly (Machine)",,"",0,"normal",40,12,,,
"Pull","10 Jan 2025, 22:34","10 Jan 2025, 23:51","","Rear Delt Reverse Fly (Machine)",,"",1,"normal",40,12,,,
"Pull","10 Jan 2025, 22:34","10 Jan 2025, 23:51","","Rear Delt Reverse Fly (Machine)",,"",2,"normal",40,12,,,
"Push","7 Jan 2025, 23:09","8 Jan 2025, 00:17","","Iso-Lateral Chest Press (Machine)",,"",0,"normal",73,10,,,
"Push","7 Jan 2025, 23:09","8 Jan 2025, 00:17","","Iso-Lateral Chest Press (Machine)",,"",1,"normal",73,10,,,
"Push","7 Jan 2025, 23:09","8 Jan 2025, 00:17","","Iso-Lateral Chest Press (Machine)",,"",2,"normal",73,8,,,
"Push","7 Jan 2025, 23:09","8 Jan 2025, 00:17","","Seated Shoulder Press (Machine)",,"",0,"normal",32,10,,,
"Push","7 Jan 2025, 23:09","8 Jan 2025, 00:17","","Seated Shoulder Press (Machine)",,"",1,"normal",32,8,,,
"Push","7 Jan 2025, 23:09","8 Jan 2025, 00:17","","Seated Shoulder Press (Machine)",,"",2,"normal",30,9,,,
"Push","7 Jan 2025, 23:09","8 Jan 2025, 00:17","","Flat iso-Lateral Press",,"",0,"normal",63,8,,,
"Push","7 Jan 2025, 23:09","8 Jan 2025, 00:17","","Flat iso-Lateral Press",,"",1,"normal",58,10,,,
"Push","7 Jan 2025, 23:09","8 Jan 2025, 00:17","","Flat iso-Lateral Press",,"",2,"normal",58,8,,,
"Push","7 Jan 2025, 23:09","8 Jan 2025, 00:17","","Triceps Extension (Cable)",,"",0,"normal",24.5,12,,,
"Push","7 Jan 2025, 23:09","8 Jan 2025, 00:17","","Triceps Extension (Cable)",,"",1,"normal",24.5,12,,,
"Push","7 Jan 2025, 23:09","8 Jan 2025, 00:17","","Triceps Pushdown",,"",0,"normal",24.5,12,,,
"Push","7 Jan 2025, 23:09","8 Jan 2025, 00:17","","Triceps Pushdown",,"",1,"normal",24.5,12,,,
"Push","7 Jan 2025, 23:09","8 Jan 2025, 00:17","","Lateral Raise (Cable)",,"",0,"normal",5,12,,,
"Pull","6 Jan 2025, 22:31","6 Jan 2025, 23:57","","Pull Up (Weighted)",,"",0,"normal",10,8,,,
"Pull","6 Jan 2025, 22:31","6 Jan 2025, 23:57","","Pull Up (Weighted)",,"",1,"normal",10,8,,,
"Pull","6 Jan 2025, 22:31","6 Jan 2025, 23:57","","Pull Up (Weighted)",,"",2,"normal",,12,,,
"Pull","6 Jan 2025, 22:31","6 Jan 2025, 23:57","","Seated Row (Machine)",,"",0,"normal",61,12,,,
"Pull","6 Jan 2025, 22:31","6 Jan 2025, 23:57","","Seated Row (Machine)",,"",1,"normal",61,12,,,
"Pull","6 Jan 2025, 22:31","6 Jan 2025, 23:57","","Seated Row (Machine)",,"",2,"normal",61,12,,,
"Pull","6 Jan 2025, 22:31","6 Jan 2025, 23:57","","Preacher Curl (Machine)",,"",0,"normal",53,12,,,
"Pull","6 Jan 2025, 22:31","6 Jan 2025, 23:57","","Preacher Curl (Machine)",,"",1,"normal",53,10,,,
"Pull","6 Jan 2025, 22:31","6 Jan 2025, 23:57","","Preacher Curl (Machine)",,"",2,"normal",53,10,,,
"Pull","6 Jan 2025, 22:31","6 Jan 2025, 23:57","","Lat Pulldown (Cable)",,"",0,"normal",67,12,,,
"Pull","6 Jan 2025, 22:31","6 Jan 2025, 23:57","","Lat Pulldown (Cable)",,"",1,"normal",62,12,,,
"Pull","6 Jan 2025, 22:31","6 Jan 2025, 23:57","","Lat Pulldown (Cable)",,"",2,"normal",62,12,,,
"Pull","6 Jan 2025, 22:31","6 Jan 2025, 23:57","","Iso-Lateral Row (Machine)",,"",0,"normal",75,12,,,
"Pull","6 Jan 2025, 22:31","6 Jan 2025, 23:57","","Iso-Lateral Row (Machine)",,"",1,"normal",85,10,,,
"Pull","6 Jan 2025, 22:31","6 Jan 2025, 23:57","","Iso-Lateral Row (Machine)",,"",2,"normal",85,12,,,
"Pull","6 Jan 2025, 22:31","6 Jan 2025, 23:57","","Hammer Curl (Dumbbell)",,"",0,"normal",24,12,,,
"Pull","6 Jan 2025, 22:31","6 Jan 2025, 23:57","","Hammer Curl (Dumbbell)",,"",1,"normal",24,12,,,
"Pull","6 Jan 2025, 22:31","6 Jan 2025, 23:57","","Hammer Curl (Dumbbell)",,"",2,"normal",24,12,,,
"Supplement","5 Jan 2025, 00:43","5 Jan 2025, 01:34","","Leg Extension (Machine)",,"",0,"normal",47,12,,,
"Supplement","5 Jan 2025, 00:43","5 Jan 2025, 01:34","","Leg Extension (Machine)",,"",1,"normal",61,12,,,
"Supplement","5 Jan 2025, 00:43","5 Jan 2025, 01:34","","Leg Extension (Machine)",,"",2,"normal",61,12,,,
"Supplement","5 Jan 2025, 00:43","5 Jan 2025, 01:34","","Crunch (Machine)",,"",0,"normal",25,12,,,
"Supplement","5 Jan 2025, 00:43","5 Jan 2025, 01:34","","Crunch (Machine)",,"",1,"normal",30,12,,,
"Supplement","5 Jan 2025, 00:43","5 Jan 2025, 01:34","","Crunch (Machine)",,"",2,"normal",25,12,,,
"Supplement","5 Jan 2025, 00:43","5 Jan 2025, 01:34","","Seated Leg Curl (Machine)",,"",0,"normal",42.5,12,,,
"Supplement","5 Jan 2025, 00:43","5 Jan 2025, 01:34","","Seated Leg Curl (Machine)",,"",1,"normal",56.5,12,,,
"Supplement","5 Jan 2025, 00:43","5 Jan 2025, 01:34","","Seated Leg Curl (Machine)",,"",2,"normal",56.5,12,,,
"Supplement","5 Jan 2025, 00:43","5 Jan 2025, 01:34","","Treadmill",,"",0,"normal",,,0.57,285,
"Push","3 Jan 2025, 23:03","4 Jan 2025, 00:15","","Incline Bench Press (Barbell)",,"",0,"normal",50,10,,,
"Push","3 Jan 2025, 23:03","4 Jan 2025, 00:15","","Incline Bench Press (Barbell)",,"",1,"normal",50,10,,,
"Push","3 Jan 2025, 23:03","4 Jan 2025, 00:15","","Incline Bench Press (Barbell)",,"",2,"normal",50,8,,,
"Push","3 Jan 2025, 23:03","4 Jan 2025, 00:15","","Seated Shoulder Press (Machine)",,"",0,"normal",30,10,,,
"Push","3 Jan 2025, 23:03","4 Jan 2025, 00:15","","Seated Shoulder Press (Machine)",,"",1,"normal",30,8,,,
"Push","3 Jan 2025, 23:03","4 Jan 2025, 00:15","","Seated Shoulder Press (Machine)",,"",2,"normal",30,8,,,
"Push","3 Jan 2025, 23:03","4 Jan 2025, 00:15","","Decline Bench Press (Smith Machine)",,"",0,"normal",62,12,,,
"Push","3 Jan 2025, 23:03","4 Jan 2025, 00:15","","Decline Bench Press (Smith Machine)",,"",1,"normal",62,12,,,
"Push","3 Jan 2025, 23:03","4 Jan 2025, 00:15","","Decline Bench Press (Smith Machine)",,"",2,"normal",62,12,,,
"Push","3 Jan 2025, 23:03","4 Jan 2025, 00:15","","Skullcrusher (Barbell)",,"",0,"normal",20,12,,,
"Push","3 Jan 2025, 23:03","4 Jan 2025, 00:15","","Skullcrusher (Barbell)",,"",1,"normal",20,12,,,
"Push","3 Jan 2025, 23:03","4 Jan 2025, 00:15","","Skullcrusher (Barbell)",,"",2,"normal",20,10,,,
"Push","3 Jan 2025, 23:03","4 Jan 2025, 00:15","","Lateral Raise (Cable)",,"",0,"normal",5,12,,,
"Push","3 Jan 2025, 23:03","4 Jan 2025, 00:15","","Lateral Raise (Cable)",,"",1,"normal",5,12,,,
"Push","3 Jan 2025, 23:03","4 Jan 2025, 00:15","","Crunch (Machine)",,"",0,"normal",30,8,,,
"Push","3 Jan 2025, 23:03","4 Jan 2025, 00:15","","Crunch (Machine)",,"",1,"normal",30,8,,,
"Pull","2 Jan 2025, 22:41","2 Jan 2025, 23:45","","Pull Up (Weighted)",,"",0,"normal",10,8,,,
"Pull","2 Jan 2025, 22:41","2 Jan 2025, 23:45","","Pull Up (Weighted)",,"",1,"normal",10,8,,,
"Pull","2 Jan 2025, 22:41","2 Jan 2025, 23:45","","Pull Up (Weighted)",,"",2,"normal",,12,,,
"Pull","2 Jan 2025, 22:41","2 Jan 2025, 23:45","","Seated Row (Machine)",,"",0,"normal",63.5,12,,,
"Pull","2 Jan 2025, 22:41","2 Jan 2025, 23:45","","Seated Row (Machine)",,"",1,"normal",63.5,12,,,
"Pull","2 Jan 2025, 22:41","2 Jan 2025, 23:45","","Seated Row (Machine)",,"",2,"normal",63.5,12,,,
"Pull","2 Jan 2025, 22:41","2 Jan 2025, 23:45","","Preacher Curl (Machine)",,"",0,"normal",53,12,,,
"Pull","2 Jan 2025, 22:41","2 Jan 2025, 23:45","","Preacher Curl (Machine)",,"",1,"normal",53,8,,,
"Pull","2 Jan 2025, 22:41","2 Jan 2025, 23:45","","Preacher Curl (Machine)",,"",2,"normal",53,9,,,
"Pull","2 Jan 2025, 22:41","2 Jan 2025, 23:45","","Lat Pulldown (Cable)",,"",0,"normal",67,10,,,
"Pull","2 Jan 2025, 22:41","2 Jan 2025, 23:45","","Lat Pulldown (Cable)",,"",1,"normal",59.5,12,,,
"Pull","2 Jan 2025, 22:41","2 Jan 2025, 23:45","","Lat Pulldown (Cable)",,"",2,"normal",59.5,12,,,
"Pull","2 Jan 2025, 22:41","2 Jan 2025, 23:45","","Iso-Lateral Row (Machine)",,"",0,"normal",75,12,,,
"Pull","2 Jan 2025, 22:41","2 Jan 2025, 23:45","","Iso-Lateral Row (Machine)",,"",1,"normal",75,12,,,
"Pull","2 Jan 2025, 22:41","2 Jan 2025, 23:45","","Iso-Lateral Row (Machine)",,"",2,"normal",75,12,,,
"Pull","2 Jan 2025, 22:41","2 Jan 2025, 23:45","","Hammer Curl (Dumbbell)",,"",0,"normal",24,12,,,
"Pull","2 Jan 2025, 22:41","2 Jan 2025, 23:45","","Hammer Curl (Dumbbell)",,"",1,"normal",28,8,,,
"Pull","2 Jan 2025, 22:41","2 Jan 2025, 23:45","","Hammer Curl (Dumbbell)",,"",2,"normal",24,12,,,
"Push","31 Dec 2024, 22:23","31 Dec 2024, 23:30","","Incline Bench Press (Barbell)",,"",0,"normal",50,11,,,
"Push","31 Dec 2024, 22:23","31 Dec 2024, 23:30","","Incline Bench Press (Barbell)",,"",1,"normal",50,8,,,
"Push","31 Dec 2024, 22:23","31 Dec 2024, 23:30","","Incline Bench Press (Barbell)",,"",2,"normal",50,7,,,
"Push","31 Dec 2024, 22:23","31 Dec 2024, 23:30","","Seated Shoulder Press (Machine)",,"",0,"normal",32,8,,,
"Push","31 Dec 2024, 22:23","31 Dec 2024, 23:30","","Seated Shoulder Press (Machine)",,"",1,"normal",27.5,12,,,
"Push","31 Dec 2024, 22:23","31 Dec 2024, 23:30","","Seated Shoulder Press (Machine)",,"",2,"normal",27.5,10,,,
"Push","31 Dec 2024, 22:23","31 Dec 2024, 23:30","","Chest Press (Machine)",,"",0,"normal",49.5,8,,,
"Push","31 Dec 2024, 22:23","31 Dec 2024, 23:30","","Chest Press (Machine)",,"",1,"normal",49.5,8,,,
"Push","31 Dec 2024, 22:23","31 Dec 2024, 23:30","","Chest Press (Machine)",,"",2,"normal",42.5,10,,,
"Push","31 Dec 2024, 22:23","31 Dec 2024, 23:30","","Triceps Extension (Cable)",,"",0,"normal",24.5,12,,,
"Push","31 Dec 2024, 22:23","31 Dec 2024, 23:30","","Triceps Extension (Cable)",,"",1,"normal",24.5,12,,,
"Push","31 Dec 2024, 22:23","31 Dec 2024, 23:30","","Triceps Pushdown",,"",0,"normal",24.5,12,,,
"Push","31 Dec 2024, 22:23","31 Dec 2024, 23:30","","Triceps Pushdown",,"",1,"normal",24.5,10,,,
"Push","31 Dec 2024, 22:23","31 Dec 2024, 23:30","","Lateral Raise (Cable)",,"",0,"normal",5,12,,,
"Pull","30 Dec 2024, 21:39","30 Dec 2024, 23:10","","Pull Up (Weighted)",,"",0,"normal",10,8,,,
"Pull","30 Dec 2024, 21:39","30 Dec 2024, 23:10","","Pull Up (Weighted)",,"",1,"normal",10,8,,,
"Pull","30 Dec 2024, 21:39","30 Dec 2024, 23:10","","Pull Up (Weighted)",,"",2,"normal",,12,,,
"Pull","30 Dec 2024, 21:39","30 Dec 2024, 23:10","","Seated Row (Machine)",,"",0,"normal",63.5,12,,,
"Pull","30 Dec 2024, 21:39","30 Dec 2024, 23:10","","Seated Row (Machine)",,"",1,"normal",61,12,,,
"Pull","30 Dec 2024, 21:39","30 Dec 2024, 23:10","","Seated Row (Machine)",,"",2,"normal",61,12,,,
"Pull","30 Dec 2024, 21:39","30 Dec 2024, 23:10","","Preacher Curl (Machine)",,"",0,"normal",53,12,,,
"Pull","30 Dec 2024, 21:39","30 Dec 2024, 23:10","","Preacher Curl (Machine)",,"",1,"normal",53,9,,,
"Pull","30 Dec 2024, 21:39","30 Dec 2024, 23:10","","Preacher Curl (Machine)",,"",2,"normal",53,9,,,
"Pull","30 Dec 2024, 21:39","30 Dec 2024, 23:10","","Lat Pulldown (Cable)",,"Mag grip",0,"normal",67,12,,,
"Pull","30 Dec 2024, 21:39","30 Dec 2024, 23:10","","Lat Pulldown (Cable)",,"Mag grip",1,"normal",57,12,,,
"Pull","30 Dec 2024, 21:39","30 Dec 2024, 23:10","","Lat Pulldown (Cable)",,"Mag grip",2,"normal",59.5,12,,,
"Pull","30 Dec 2024, 21:39","30 Dec 2024, 23:10","","Iso-Lateral Row (Machine)",,"",0,"normal",75,12,,,
"Pull","30 Dec 2024, 21:39","30 Dec 2024, 23:10","","Iso-Lateral Row (Machine)",,"",1,"normal",75,12,,,
"Pull","30 Dec 2024, 21:39","30 Dec 2024, 23:10","","Shrug (Machine)",,"",0,"normal",80,15,,,
"Pull","30 Dec 2024, 21:39","30 Dec 2024, 23:10","","Shrug (Machine)",,"",1,"normal",80,15,,,
"Pull","30 Dec 2024, 21:39","30 Dec 2024, 23:10","","Shrug (Machine)",,"",2,"normal",80,15,,,
"Push","29 Dec 2024, 01:16","29 Dec 2024, 02:36","","Incline Bench Press (Barbell)",,"",0,"normal",50,9,,,
"Push","29 Dec 2024, 01:16","29 Dec 2024, 02:36","","Incline Bench Press (Barbell)",,"",1,"normal",50,9,,,
"Push","29 Dec 2024, 01:16","29 Dec 2024, 02:36","","Incline Bench Press (Barbell)",,"",2,"normal",50,7,,,
"Push","29 Dec 2024, 01:16","29 Dec 2024, 02:36","","Seated Shoulder Press (Machine)",,"",0,"normal",32,8,,,
"Push","29 Dec 2024, 01:16","29 Dec 2024, 02:36","","Seated Shoulder Press (Machine)",,"",1,"normal",27.5,12,,,
"Push","29 Dec 2024, 01:16","29 Dec 2024, 02:36","","Seated Shoulder Press (Machine)",,"",2,"normal",27.5,12,,,
"Push","29 Dec 2024, 01:16","29 Dec 2024, 02:36","","Decline Bench Press (Smith Machine)",,"",0,"normal",62,12,,,
"Push","29 Dec 2024, 01:16","29 Dec 2024, 02:36","","Decline Bench Press (Smith Machine)",,"",1,"normal",72,8,,,
"Push","29 Dec 2024, 01:16","29 Dec 2024, 02:36","","Decline Bench Press (Smith Machine)",,"",2,"normal",72,8,,,
"Push","29 Dec 2024, 01:16","29 Dec 2024, 02:36","","Triceps Extension (Cable)",,"",0,"normal",24.5,10,,,
"Push","29 Dec 2024, 01:16","29 Dec 2024, 02:36","","Triceps Extension (Cable)",,"",1,"normal",24.5,10,,,
"Push","29 Dec 2024, 01:16","29 Dec 2024, 02:36","","Triceps Pushdown",,"",0,"normal",24.5,12,,,
"Push","29 Dec 2024, 01:16","29 Dec 2024, 02:36","","Triceps Pushdown",,"",1,"normal",24.5,12,,,
"Push","29 Dec 2024, 01:16","29 Dec 2024, 02:36","","Lateral Raise (Cable)",,"",0,"normal",5,12,,,
"Push","29 Dec 2024, 01:16","29 Dec 2024, 02:36","","Butterfly (Pec Deck)",,"",0,"normal",54,8,,,
"Push","29 Dec 2024, 01:16","29 Dec 2024, 02:36","","Butterfly (Pec Deck)",,"",1,"normal",47,12,,,
"Push","29 Dec 2024, 01:16","29 Dec 2024, 02:36","","Butterfly (Pec Deck)",,"",2,"normal",47,10,,,
"Pull","28 Dec 2024, 01:03","28 Dec 2024, 02:13","","Pull Up",,"",0,"normal",,12,,,
"Pull","28 Dec 2024, 01:03","28 Dec 2024, 02:13","","Pull Up",,"",1,"normal",,12,,,
"Pull","28 Dec 2024, 01:03","28 Dec 2024, 02:13","","Pull Up",,"",2,"normal",,12,,,
"Pull","28 Dec 2024, 01:03","28 Dec 2024, 02:13","","Iso-Lateral Row (Machine)",,"",0,"normal",75,12,,,
"Pull","28 Dec 2024, 01:03","28 Dec 2024, 02:13","","Iso-Lateral Row (Machine)",,"",1,"normal",75,12,,,
"Pull","28 Dec 2024, 01:03","28 Dec 2024, 02:13","","Iso-Lateral Row (Machine)",,"",2,"normal",75,12,,,
"Pull","28 Dec 2024, 01:03","28 Dec 2024, 02:13","","Preacher Curl (Machine)",,"",0,"normal",53,10,,,
"Pull","28 Dec 2024, 01:03","28 Dec 2024, 02:13","","Preacher Curl (Machine)",,"",1,"normal",53,8,,,
"Pull","28 Dec 2024, 01:03","28 Dec 2024, 02:13","","Preacher Curl (Machine)",,"",2,"normal",53,8,,,
"Pull","28 Dec 2024, 01:03","28 Dec 2024, 02:13","","Lat Pulldown (Cable)",,"",0,"normal",67,10,,,
"Pull","28 Dec 2024, 01:03","28 Dec 2024, 02:13","","Lat Pulldown (Cable)",,"",1,"normal",57,12,,,
"Pull","28 Dec 2024, 01:03","28 Dec 2024, 02:13","","Lat Pulldown (Cable)",,"",2,"normal",57,12,,,
"Pull","28 Dec 2024, 01:03","28 Dec 2024, 02:13","","Seated Row (Machine)",,"",0,"normal",63.5,12,,,
"Pull","28 Dec 2024, 01:03","28 Dec 2024, 02:13","","Seated Row (Machine)",,"",1,"normal",63.5,12,,,
"Pull","28 Dec 2024, 01:03","28 Dec 2024, 02:13","","Seated Row (Machine)",,"",2,"normal",63.5,12,,,
"Pull","28 Dec 2024, 01:03","28 Dec 2024, 02:13","","Rear Delt Reverse Fly (Machine)",,"",0,"normal",40,12,,,
"Pull","28 Dec 2024, 01:03","28 Dec 2024, 02:13","","Rear Delt Reverse Fly (Machine)",,"",1,"normal",38,12,,,
"Pull","28 Dec 2024, 01:03","28 Dec 2024, 02:13","","Rear Delt Reverse Fly (Machine)",,"",2,"normal",38,12,,,
"Push","25 Dec 2024, 01:42","25 Dec 2024, 02:55","","Incline Bench Press (Barbell)",,"",0,"normal",50,9,,,
"Push","25 Dec 2024, 01:42","25 Dec 2024, 02:55","","Incline Bench Press (Barbell)",,"",1,"normal",50,9,,,
"Push","25 Dec 2024, 01:42","25 Dec 2024, 02:55","","Incline Bench Press (Barbell)",,"",2,"normal",50,7,,,
"Push","25 Dec 2024, 01:42","25 Dec 2024, 02:55","","Seated Shoulder Press (Machine)",,"",0,"normal",27.5,11,,,
"Push","25 Dec 2024, 01:42","25 Dec 2024, 02:55","","Seated Shoulder Press (Machine)",,"",1,"normal",27.5,10,,,
"Push","25 Dec 2024, 01:42","25 Dec 2024, 02:55","","Seated Shoulder Press (Machine)",,"",2,"normal",25,12,,,
"Push","25 Dec 2024, 01:42","25 Dec 2024, 02:55","","Chest Press (Machine)",,"",0,"normal",47,10,,,
"Push","25 Dec 2024, 01:42","25 Dec 2024, 02:55","","Chest Press (Machine)",,"",1,"normal",40,12,,,
"Push","25 Dec 2024, 01:42","25 Dec 2024, 02:55","","Chest Press (Machine)",,"",2,"normal",40,12,,,
"Push","25 Dec 2024, 01:42","25 Dec 2024, 02:55","","Skullcrusher (Barbell)",,"",0,"normal",20,10,,,
"Push","25 Dec 2024, 01:42","25 Dec 2024, 02:55","","Skullcrusher (Barbell)",,"",1,"normal",20,10,,,
"Push","25 Dec 2024, 01:42","25 Dec 2024, 02:55","","Triceps Extension (Cable)",,"",0,"normal",24.5,10,,,
"Push","25 Dec 2024, 01:42","25 Dec 2024, 02:55","","Triceps Extension (Cable)",,"",1,"normal",21,12,,,
"Push","25 Dec 2024, 01:42","25 Dec 2024, 02:55","","Lateral Raise (Cable)",,"",0,"normal",5,12,,,
"Push","25 Dec 2024, 01:42","25 Dec 2024, 02:55","","Lateral Raise (Cable)",,"",1,"normal",5,10,,,
"Push","25 Dec 2024, 01:42","25 Dec 2024, 02:55","","Decline Bench Press (Smith Machine)",,"",0,"normal",62,12,,,
"Pull","21 Dec 2024, 21:17","21 Dec 2024, 22:25","","Pull Up",,"",0,"normal",,12,,,
"Pull","21 Dec 2024, 21:17","21 Dec 2024, 22:25","","Pull Up",,"",1,"normal",,12,,,
"Pull","21 Dec 2024, 21:17","21 Dec 2024, 22:25","","Pull Up",,"",2,"normal",,12,,,
"Pull","21 Dec 2024, 21:17","21 Dec 2024, 22:25","","Iso-Lateral Row (Machine)",,"",0,"warmup",65,12,,,
"Pull","21 Dec 2024, 21:17","21 Dec 2024, 22:25","","Iso-Lateral Row (Machine)",,"",1,"normal",75,10,,,
"Pull","21 Dec 2024, 21:17","21 Dec 2024, 22:25","","Iso-Lateral Row (Machine)",,"",2,"normal",75,10,,,
"Pull","21 Dec 2024, 21:17","21 Dec 2024, 22:25","","Iso-Lateral Row (Machine)",,"",3,"normal",75,10,,,
"Pull","21 Dec 2024, 21:17","21 Dec 2024, 22:25","","Preacher Curl (Machine)",,"",0,"normal",53,10,,,
"Pull","21 Dec 2024, 21:17","21 Dec 2024, 22:25","","Preacher Curl (Machine)",,"",1,"normal",53,8,,,
"Pull","21 Dec 2024, 21:17","21 Dec 2024, 22:25","","Preacher Curl (Machine)",,"",2,"normal",53,8,,,
"Pull","21 Dec 2024, 21:17","21 Dec 2024, 22:25","","Lat Pulldown (Machine)",,"",0,"normal",75,12,,,
"Pull","21 Dec 2024, 21:17","21 Dec 2024, 22:25","","Lat Pulldown (Machine)",,"",1,"normal",82,8,,,
"Pull","21 Dec 2024, 21:17","21 Dec 2024, 22:25","","Lat Pulldown (Machine)",,"",2,"normal",82,8,,,
"Pull","21 Dec 2024, 21:17","21 Dec 2024, 22:25","","Seated Row (Machine)",,"",0,"normal",68,8,,,
"Pull","21 Dec 2024, 21:17","21 Dec 2024, 22:25","","Seated Row (Machine)",,"",1,"normal",61,12,,,
"Pull","21 Dec 2024, 21:17","21 Dec 2024, 22:25","","Seated Row (Machine)",,"",2,"normal",61,12,,,
"Pull","21 Dec 2024, 21:17","21 Dec 2024, 22:25","","Shrug (Machine)",,"",0,"normal",80,15,,,
"Pull","21 Dec 2024, 21:17","21 Dec 2024, 22:25","","Shrug (Machine)",,"",1,"normal",100,12,,,
"Pull","21 Dec 2024, 21:17","21 Dec 2024, 22:25","","Shrug (Machine)",,"",2,"normal",100,12,,,
"Push","20 Dec 2024, 22:27","20 Dec 2024, 23:36","","Bench Press (Barbell)",,"",0,"normal",50,12,,,
"Push","20 Dec 2024, 22:27","20 Dec 2024, 23:36","","Bench Press (Barbell)",,"",1,"normal",50,9,,,
"Push","20 Dec 2024, 22:27","20 Dec 2024, 23:36","","Bench Press (Barbell)",,"",2,"normal",50,8,,,
"Push","20 Dec 2024, 22:27","20 Dec 2024, 23:36","","Seated Shoulder Press (Machine)",,"",0,"normal",27.5,12,,,
"Push","20 Dec 2024, 22:27","20 Dec 2024, 23:36","","Seated Shoulder Press (Machine)",,"",1,"normal",34,7,,,
"Push","20 Dec 2024, 22:27","20 Dec 2024, 23:36","","Seated Shoulder Press (Machine)",,"",2,"normal",27.5,10,,,
"Push","20 Dec 2024, 22:27","20 Dec 2024, 23:36","","Decline Bench Press (Smith Machine)",,"",0,"normal",62,12,,,
"Push","20 Dec 2024, 22:27","20 Dec 2024, 23:36","","Decline Bench Press (Smith Machine)",,"",1,"normal",62,12,,,
"Push","20 Dec 2024, 22:27","20 Dec 2024, 23:36","","Decline Bench Press (Smith Machine)",,"",2,"normal",62,12,,,
"Push","20 Dec 2024, 22:27","20 Dec 2024, 23:36","","Triceps Extension (Cable)",,"",0,"normal",24.5,10,,,
"Push","20 Dec 2024, 22:27","20 Dec 2024, 23:36","","Triceps Extension (Cable)",,"",1,"normal",24.5,10,,,
"Push","20 Dec 2024, 22:27","20 Dec 2024, 23:36","","Triceps Pushdown",,"",0,"normal",24.5,8,,,
"Push","20 Dec 2024, 22:27","20 Dec 2024, 23:36","","Triceps Pushdown",,"",1,"normal",24.5,10,,,
"Push","20 Dec 2024, 22:27","20 Dec 2024, 23:36","","Lateral Raise (Cable)",,"",0,"normal",5,10,,,
"Push","20 Dec 2024, 22:27","20 Dec 2024, 23:36","","Butterfly (Pec Deck)",,"",0,"normal",54,10,,,
"Push","20 Dec 2024, 22:27","20 Dec 2024, 23:36","","Butterfly (Pec Deck)",,"",1,"normal",54,8,,,
"Push","20 Dec 2024, 22:27","20 Dec 2024, 23:36","","Butterfly (Pec Deck)",,"",2,"normal",47,8,,,
"Pull","19 Dec 2024, 21:15","19 Dec 2024, 22:30","","Pull Up",,"",0,"normal",,12,,,
"Pull","19 Dec 2024, 21:15","19 Dec 2024, 22:30","","Pull Up",,"",1,"normal",,12,,,
"Pull","19 Dec 2024, 21:15","19 Dec 2024, 22:30","","Pull Up",,"",2,"normal",,12,,,
"Pull","19 Dec 2024, 21:15","19 Dec 2024, 22:30","","Seated Row (Machine)",,"",0,"normal",61,12,,,
"Pull","19 Dec 2024, 21:15","19 Dec 2024, 22:30","","Seated Row (Machine)",,"",1,"normal",61,12,,,
"Pull","19 Dec 2024, 21:15","19 Dec 2024, 22:30","","Seated Row (Machine)",,"",2,"normal",61,12,,,
"Pull","19 Dec 2024, 21:15","19 Dec 2024, 22:30","","Preacher Curl (Machine)",,"",0,"normal",53,8,,,
"Pull","19 Dec 2024, 21:15","19 Dec 2024, 22:30","","Preacher Curl (Machine)",,"",1,"normal",53,10,,,
"Pull","19 Dec 2024, 21:15","19 Dec 2024, 22:30","","Preacher Curl (Machine)",,"",2,"normal",53,8,,,
"Pull","19 Dec 2024, 21:15","19 Dec 2024, 22:30","","Lat Pulldown (Machine)",,"",0,"normal",75,12,,,
"Pull","19 Dec 2024, 21:15","19 Dec 2024, 22:30","","Lat Pulldown (Machine)",,"",1,"normal",75,12,,,
"Pull","19 Dec 2024, 21:15","19 Dec 2024, 22:30","","Lat Pulldown (Machine)",,"",2,"normal",75,12,,,
"Pull","19 Dec 2024, 21:15","19 Dec 2024, 22:30","","Iso-Lateral Row (Machine)",,"",0,"normal",75,10,,,
"Pull","19 Dec 2024, 21:15","19 Dec 2024, 22:30","","Iso-Lateral Row (Machine)",,"",1,"normal",75,10,,,
"Pull","19 Dec 2024, 21:15","19 Dec 2024, 22:30","","Iso-Lateral Row (Machine)",,"",2,"normal",75,10,,,
"Push","18 Dec 2024, 02:34","18 Dec 2024, 03:46","","Iso-Lateral Chest Press (Machine)",,"",0,"normal",58,12,,,
"Push","18 Dec 2024, 02:34","18 Dec 2024, 03:46","","Iso-Lateral Chest Press (Machine)",,"",1,"normal",58,12,,,
"Push","18 Dec 2024, 02:34","18 Dec 2024, 03:46","","Iso-Lateral Chest Press (Machine)",,"",2,"normal",58,12,,,
"Push","18 Dec 2024, 02:34","18 Dec 2024, 03:46","","Seated Shoulder Press (Machine)",,"",0,"normal",32,8,,,
"Push","18 Dec 2024, 02:34","18 Dec 2024, 03:46","","Seated Shoulder Press (Machine)",,"",1,"normal",27.5,14,,,
"Push","18 Dec 2024, 02:34","18 Dec 2024, 03:46","","Seated Shoulder Press (Machine)",,"",2,"normal",27.5,12,,,
"Push","18 Dec 2024, 02:34","18 Dec 2024, 03:46","","Decline Bench Press (Smith Machine)",,"",0,"normal",62,12,,,
"Push","18 Dec 2024, 02:34","18 Dec 2024, 03:46","","Decline Bench Press (Smith Machine)",,"",1,"normal",62,12,,,
"Push","18 Dec 2024, 02:34","18 Dec 2024, 03:46","","Decline Bench Press (Smith Machine)",,"",2,"normal",62,12,,,
"Push","18 Dec 2024, 02:34","18 Dec 2024, 03:46","","Triceps Extension (Cable)",,"",0,"normal",24.5,12,,,
"Push","18 Dec 2024, 02:34","18 Dec 2024, 03:46","","Triceps Extension (Cable)",,"",1,"normal",24.5,12,,,
"Push","18 Dec 2024, 02:34","18 Dec 2024, 03:46","","Triceps Pushdown",,"",0,"normal",28,8,,,
"Push","18 Dec 2024, 02:34","18 Dec 2024, 03:46","","Triceps Pushdown",,"",1,"normal",28,8,,,
"Push","18 Dec 2024, 02:34","18 Dec 2024, 03:46","","Lateral Raise (Cable)",,"",0,"normal",5,10,,,
"Push","18 Dec 2024, 02:34","18 Dec 2024, 03:46","","Lateral Raise (Cable)",,"",1,"normal",5,10,,,
"Pull","17 Dec 2024, 02:32","17 Dec 2024, 03:28","","Pull Up",,"",0,"normal",,12,,,
"Pull","17 Dec 2024, 02:32","17 Dec 2024, 03:28","","Pull Up",,"",1,"normal",,12,,,
"Pull","17 Dec 2024, 02:32","17 Dec 2024, 03:28","","Pull Up",,"",2,"normal",,10,,,
"Pull","17 Dec 2024, 02:32","17 Dec 2024, 03:28","","Seated Row (Machine)",,"",0,"normal",61,10,,,
"Pull","17 Dec 2024, 02:32","17 Dec 2024, 03:28","","Seated Row (Machine)",,"",1,"normal",61,10,,,
"Pull","17 Dec 2024, 02:32","17 Dec 2024, 03:28","","Seated Row (Machine)",,"",2,"normal",61,10,,,
"Pull","17 Dec 2024, 02:32","17 Dec 2024, 03:28","","Preacher Curl (Machine)",,"",0,"normal",53,10,,,
"Pull","17 Dec 2024, 02:32","17 Dec 2024, 03:28","","Preacher Curl (Machine)",,"",1,"normal",53,8,,,
"Pull","17 Dec 2024, 02:32","17 Dec 2024, 03:28","","Preacher Curl (Machine)",,"",2,"normal",46,10,,,
"Pull","17 Dec 2024, 02:32","17 Dec 2024, 03:28","","Lat Pulldown (Machine)",,"",0,"normal",75,12,,,
"Pull","17 Dec 2024, 02:32","17 Dec 2024, 03:28","","Lat Pulldown (Machine)",,"",1,"normal",75,12,,,
"Pull","17 Dec 2024, 02:32","17 Dec 2024, 03:28","","Lat Pulldown (Machine)",,"",2,"normal",68,12,,,
"Pull","17 Dec 2024, 02:32","17 Dec 2024, 03:28","","Iso-Lateral Row (Machine)",,"",0,"warmup",55,12,,,
"Pull","17 Dec 2024, 02:32","17 Dec 2024, 03:28","","Iso-Lateral Row (Machine)",,"",1,"normal",75,12,,,
"Push at home","15 Dec 2024, 06:04","15 Dec 2024, 07:05","","Incline Bench Press (Dumbbell)",,"",0,"normal",40,12,,,
"Push at home","15 Dec 2024, 06:04","15 Dec 2024, 07:05","","Incline Bench Press (Dumbbell)",,"",1,"normal",40,12,,,
"Push at home","15 Dec 2024, 06:04","15 Dec 2024, 07:05","","Incline Bench Press (Dumbbell)",,"",2,"normal",40,12,,,
"Push at home","15 Dec 2024, 06:04","15 Dec 2024, 07:05","","Overhead Press (Dumbbell)",,"",0,"normal",36,8,,,
"Push at home","15 Dec 2024, 06:04","15 Dec 2024, 07:05","","Overhead Press (Dumbbell)",,"",1,"normal",36,8,,,
"Push at home","15 Dec 2024, 06:04","15 Dec 2024, 07:05","","Overhead Press (Dumbbell)",,"",2,"normal",36,8,,,
"Push at home","15 Dec 2024, 06:04","15 Dec 2024, 07:05","","Bench Press (Dumbbell)",,"",0,"normal",40,9,,,
"Push at home","15 Dec 2024, 06:04","15 Dec 2024, 07:05","","Bench Press (Dumbbell)",,"",1,"normal",40,8,,,
"Push at home","15 Dec 2024, 06:04","15 Dec 2024, 07:05","","Bench Press (Dumbbell)",,"",2,"normal",40,8,,,
"Push at home","15 Dec 2024, 06:04","15 Dec 2024, 07:05","","Skullcrusher (Barbell)",,"",0,"normal",20,10,,,
"Push at home","15 Dec 2024, 06:04","15 Dec 2024, 07:05","","Skullcrusher (Barbell)",,"",1,"normal",20,12,,,
"Push at home","15 Dec 2024, 06:04","15 Dec 2024, 07:05","","Skullcrusher (Barbell)",,"",2,"normal",20,10,,,
"Push at home","15 Dec 2024, 06:04","15 Dec 2024, 07:05","","Lateral Raise (Dumbbell)",,"",0,"normal",20,10,,,
"Push at home","15 Dec 2024, 06:04","15 Dec 2024, 07:05","","Lateral Raise (Dumbbell)",,"",1,"normal",20,10,,,
"Push at home","15 Dec 2024, 06:04","15 Dec 2024, 07:05","","Lateral Raise (Dumbbell)",,"",2,"normal",20,10,,,
"Pull (at home)","14 Dec 2024, 05:42","14 Dec 2024, 06:53","","Bent Over Row (Barbell)",,"",0,"normal",40,12,,,
"Pull (at home)","14 Dec 2024, 05:42","14 Dec 2024, 06:53","","Bent Over Row (Barbell)",,"",1,"normal",40,12,,,
"Pull (at home)","14 Dec 2024, 05:42","14 Dec 2024, 06:53","","Bent Over Row (Barbell)",,"",2,"normal",40,12,,,
"Pull (at home)","14 Dec 2024, 05:42","14 Dec 2024, 06:53","","Dumbbell Row",,"",0,"normal",24,12,,,
"Pull (at home)","14 Dec 2024, 05:42","14 Dec 2024, 06:53","","Dumbbell Row",,"",1,"normal",24,12,,,
"Pull (at home)","14 Dec 2024, 05:42","14 Dec 2024, 06:53","","Dumbbell Row",,"",2,"normal",24,12,,,
"Pull (at home)","14 Dec 2024, 05:42","14 Dec 2024, 06:53","","Lying bicep curls",,"",0,"normal",20,10,,,
"Pull (at home)","14 Dec 2024, 05:42","14 Dec 2024, 06:53","","Lying bicep curls",,"",1,"normal",20,8,,,
"Pull (at home)","14 Dec 2024, 05:42","14 Dec 2024, 06:53","","Lying bicep curls",,"",2,"normal",20,8,,,
"Pull (at home)","14 Dec 2024, 05:42","14 Dec 2024, 06:53","","Shrug (Dumbbell)",,"",0,"normal",40,15,,,
"Pull (at home)","14 Dec 2024, 05:42","14 Dec 2024, 06:53","","Shrug (Dumbbell)",,"",1,"normal",40,15,,,
"Pull (at home)","14 Dec 2024, 05:42","14 Dec 2024, 06:53","","Shrug (Dumbbell)",,"",2,"normal",40,15,,,
"Pull (at home)","14 Dec 2024, 05:42","14 Dec 2024, 06:53","","Hammer Curl (Dumbbell)",,"",0,"normal",30,8,,,
"Pull (at home)","14 Dec 2024, 05:42","14 Dec 2024, 06:53","","Hammer Curl (Dumbbell)",,"",1,"normal",30,8,,,
"Pull (at home)","14 Dec 2024, 05:42","14 Dec 2024, 06:53","","Hammer Curl (Dumbbell)",,"",2,"normal",30,8,,,
"Pull (at home)","14 Dec 2024, 05:42","14 Dec 2024, 06:53","","Hammer Curl (Dumbbell)",,"",3,"normal",20,17,,,
"Push","12 Dec 2024, 02:51","12 Dec 2024, 04:08","","Incline Bench Press (Barbell)",,"",0,"normal",50,9,,,
"Push","12 Dec 2024, 02:51","12 Dec 2024, 04:08","","Incline Bench Press (Barbell)",,"",1,"normal",50,6,,,
"Push","12 Dec 2024, 02:51","12 Dec 2024, 04:08","","Incline Bench Press (Barbell)",,"",2,"normal",50,5,,,
"Push","12 Dec 2024, 02:51","12 Dec 2024, 04:08","","Seated Shoulder Press (Machine)",,"",0,"normal",32,10,,,
"Push","12 Dec 2024, 02:51","12 Dec 2024, 04:08","","Seated Shoulder Press (Machine)",,"",1,"normal",25,12,,,
"Push","12 Dec 2024, 02:51","12 Dec 2024, 04:08","","Seated Shoulder Press (Machine)",,"",2,"normal",25,12,,,
"Push","12 Dec 2024, 02:51","12 Dec 2024, 04:08","","Decline Bench Press (Smith Machine)",,"",0,"normal",62,10,,,
"Push","12 Dec 2024, 02:51","12 Dec 2024, 04:08","","Decline Bench Press (Smith Machine)",,"",1,"normal",62,10,,,
"Push","12 Dec 2024, 02:51","12 Dec 2024, 04:08","","Decline Bench Press (Smith Machine)",,"",2,"normal",62,10,,,
"Push","12 Dec 2024, 02:51","12 Dec 2024, 04:08","","Triceps Extension (Cable)",,"",0,"normal",21,12,,,
"Push","12 Dec 2024, 02:51","12 Dec 2024, 04:08","","Triceps Extension (Cable)",,"",1,"normal",21,12,,,
"Push","12 Dec 2024, 02:51","12 Dec 2024, 04:08","","Triceps Pushdown",,"",0,"normal",24.5,12,,,
"Push","12 Dec 2024, 02:51","12 Dec 2024, 04:08","","Triceps Pushdown",,"",1,"normal",24.5,10,,,
"Push","12 Dec 2024, 02:51","12 Dec 2024, 04:08","","Lateral Raise (Cable)",,"",0,"normal",5,12,,,
"Push","12 Dec 2024, 02:51","12 Dec 2024, 04:08","","Lateral Raise (Cable)",,"",1,"normal",5,10,,,
"Push","12 Dec 2024, 02:51","12 Dec 2024, 04:08","","Chest Press (Machine)",,"",0,"normal",40,12,,,
"Push","12 Dec 2024, 02:51","12 Dec 2024, 04:08","","Chest Press (Machine)",,"",1,"normal",40,12,,,
"Pull","11 Dec 2024, 03:45","11 Dec 2024, 04:50","","Pull Up",,"",0,"normal",,12,,,
"Pull","11 Dec 2024, 03:45","11 Dec 2024, 04:50","","Pull Up",,"",1,"normal",,12,,,
"Pull","11 Dec 2024, 03:45","11 Dec 2024, 04:50","","Pull Up",,"",2,"normal",,10,,,
"Pull","11 Dec 2024, 03:45","11 Dec 2024, 04:50","","Seated Row (Machine)",,"",0,"normal",54,11,,,
"Pull","11 Dec 2024, 03:45","11 Dec 2024, 04:50","","Seated Row (Machine)",,"",1,"normal",54,11,,,
"Pull","11 Dec 2024, 03:45","11 Dec 2024, 04:50","","Seated Row (Machine)",,"",2,"normal",54,11,,,
"Pull","11 Dec 2024, 03:45","11 Dec 2024, 04:50","","Preacher Curl (Machine)",,"",0,"normal",46,12,,,
"Pull","11 Dec 2024, 03:45","11 Dec 2024, 04:50","","Preacher Curl (Machine)",,"",1,"normal",46,12,,,
"Pull","11 Dec 2024, 03:45","11 Dec 2024, 04:50","","Preacher Curl (Machine)",,"",2,"normal",46,10,,,
"Pull","11 Dec 2024, 03:45","11 Dec 2024, 04:50","","Lat Pulldown (Cable)",,"",0,"normal",57,12,,,
"Pull","11 Dec 2024, 03:45","11 Dec 2024, 04:50","","Lat Pulldown (Cable)",,"",1,"normal",57,12,,,
"Pull","11 Dec 2024, 03:45","11 Dec 2024, 04:50","","Lat Pulldown (Cable)",,"",2,"normal",57,12,,,
"Pull","11 Dec 2024, 03:45","11 Dec 2024, 04:50","","Seated Cable Row - V Grip (Cable)",,"",0,"normal",47,12,,,
"Pull","11 Dec 2024, 03:45","11 Dec 2024, 04:50","","Seated Cable Row - V Grip (Cable)",,"",1,"normal",47,12,,,
"Pull","11 Dec 2024, 03:45","11 Dec 2024, 04:50","","Seated Cable Row - V Grip (Cable)",,"",2,"normal",47,12,,,
"Pull","11 Dec 2024, 03:45","11 Dec 2024, 04:50","","Hammer Curl (Cable)",,"",0,"normal",24,12,,,
"Pull","11 Dec 2024, 03:45","11 Dec 2024, 04:50","","Hammer Curl (Cable)",,"",1,"normal",24,10,,,
"Pull","11 Dec 2024, 03:45","11 Dec 2024, 04:50","","Hammer Curl (Cable)",,"",2,"normal",24,10,,,
"Push","10 Dec 2024, 02:42","10 Dec 2024, 03:25","","Incline Bench Press (Barbell)",,"",0,"normal",50,10,,,
"Push","10 Dec 2024, 02:42","10 Dec 2024, 03:25","","Incline Bench Press (Barbell)",,"",1,"normal",50,6,,,
"Push","10 Dec 2024, 02:42","10 Dec 2024, 03:25","","Incline Bench Press (Barbell)",,"",2,"normal",50,5,,,
"Push","10 Dec 2024, 02:42","10 Dec 2024, 03:25","","Seated Shoulder Press (Machine)",,"",0,"normal",32,7,,,
"Push","10 Dec 2024, 02:42","10 Dec 2024, 03:25","","Seated Shoulder Press (Machine)",,"",1,"normal",25,10,,,
"Push","10 Dec 2024, 02:42","10 Dec 2024, 03:25","","Seated Shoulder Press (Machine)",,"",2,"normal",25,9,,,
"Push","10 Dec 2024, 02:42","10 Dec 2024, 03:25","","Triceps Extension (Cable)",,"",0,"normal",21,10,,,
"Push","10 Dec 2024, 02:42","10 Dec 2024, 03:25","","Triceps Extension (Cable)",,"",1,"normal",21,9,,,
"Push","10 Dec 2024, 02:42","10 Dec 2024, 03:25","","Triceps Extension (Cable)",,"",2,"normal",21,10,,,
"Push","10 Dec 2024, 02:42","10 Dec 2024, 03:25","","Lateral Raise (Cable)",,"",0,"normal",5,10,,,
"Push","10 Dec 2024, 02:42","10 Dec 2024, 03:25","","Chest Press (Machine)",,"",0,"normal",40,10,,,
"Push","10 Dec 2024, 02:42","10 Dec 2024, 03:25","","Chest Press (Machine)",,"",1,"normal",40,10,,,
"Pull","6 Dec 2024, 04:54","6 Dec 2024, 06:02","","Pull Up",,"",0,"normal",,12,,,
"Pull","6 Dec 2024, 04:54","6 Dec 2024, 06:02","","Pull Up",,"",1,"normal",,12,,,
"Pull","6 Dec 2024, 04:54","6 Dec 2024, 06:02","","Pull Up",,"",2,"normal",,9,,,
"Pull","6 Dec 2024, 04:54","6 Dec 2024, 06:02","","Seated Row (Machine)",,"",0,"normal",54,11,,,
"Pull","6 Dec 2024, 04:54","6 Dec 2024, 06:02","","Seated Row (Machine)",,"",1,"normal",54,11,,,
"Pull","6 Dec 2024, 04:54","6 Dec 2024, 06:02","","Seated Row (Machine)",,"",2,"normal",54,11,,,
"Pull","6 Dec 2024, 04:54","6 Dec 2024, 06:02","","Lat Pulldown (Machine)",,"",0,"normal",75,12,,,
"Pull","6 Dec 2024, 04:54","6 Dec 2024, 06:02","","Lat Pulldown (Machine)",,"",1,"normal",68,12,,,
"Pull","6 Dec 2024, 04:54","6 Dec 2024, 06:02","","Lat Pulldown (Machine)",,"",2,"normal",68,12,,,
"Pull","6 Dec 2024, 04:54","6 Dec 2024, 06:02","","Hammer Curl (Cable)",,"",0,"normal",24,12,,,
"Pull","6 Dec 2024, 04:54","6 Dec 2024, 06:02","","Hammer Curl (Cable)",,"",1,"normal",24,11,,,
"Pull","6 Dec 2024, 04:54","6 Dec 2024, 06:02","","Hammer Curl (Cable)",,"",2,"normal",24,11,,,
"Pull","6 Dec 2024, 04:54","6 Dec 2024, 06:02","","Lat Prayer",,"",0,"normal",24.5,12,,,
"Pull","6 Dec 2024, 04:54","6 Dec 2024, 06:02","","Lat Prayer",,"",1,"normal",24.5,12,,,
"Pull","6 Dec 2024, 04:54","6 Dec 2024, 06:02","","Lat Prayer",,"",2,"normal",24.5,12,,,
"Pull","6 Dec 2024, 04:54","6 Dec 2024, 06:02","","Preacher Curl (Machine)",,"",0,"normal",46,12,,,
"Pull","6 Dec 2024, 04:54","6 Dec 2024, 06:02","","Preacher Curl (Machine)",,"",1,"normal",46,9,,,
"Pull","6 Dec 2024, 04:54","6 Dec 2024, 06:02","","Preacher Curl (Machine)",,"",2,"normal",39,12,,,
"Push","5 Dec 2024, 04:48","5 Dec 2024, 06:05","","Incline Bench Press (Barbell)",,"",0,"normal",50,9,,,
"Push","5 Dec 2024, 04:48","5 Dec 2024, 06:05","","Incline Bench Press (Barbell)",,"",1,"normal",50,7,,,
"Push","5 Dec 2024, 04:48","5 Dec 2024, 06:05","","Incline Bench Press (Barbell)",,"",2,"normal",50,5,,,
"Push","5 Dec 2024, 04:48","5 Dec 2024, 06:05","","Seated Shoulder Press (Machine)",,"",0,"normal",32,8,,,
"Push","5 Dec 2024, 04:48","5 Dec 2024, 06:05","","Seated Shoulder Press (Machine)",,"",1,"normal",25,11,,,
"Push","5 Dec 2024, 04:48","5 Dec 2024, 06:05","","Seated Shoulder Press (Machine)",,"",2,"normal",25,11,,,
"Push","5 Dec 2024, 04:48","5 Dec 2024, 06:05","","Iso-Lateral Chest Press (Machine)",,"",0,"normal",48,8,,,
"Push","5 Dec 2024, 04:48","5 Dec 2024, 06:05","","Iso-Lateral Chest Press (Machine)",,"",1,"normal",48,8,,,
"Push","5 Dec 2024, 04:48","5 Dec 2024, 06:05","","Iso-Lateral Chest Press (Machine)",,"",2,"normal",48,7,,,
"Push","5 Dec 2024, 04:48","5 Dec 2024, 06:05","","Triceps Extension (Cable)",,"",0,"normal",21,10,,,
"Push","5 Dec 2024, 04:48","5 Dec 2024, 06:05","","Triceps Extension (Cable)",,"",1,"normal",21,10,,,
"Push","5 Dec 2024, 04:48","5 Dec 2024, 06:05","","Triceps Pushdown",,"",0,"normal",24.5,8,,,
"Push","5 Dec 2024, 04:48","5 Dec 2024, 06:05","","Triceps Pushdown",,"",1,"normal",21,12,,,
"Push","5 Dec 2024, 04:48","5 Dec 2024, 06:05","","Chest Press (Machine)",,"",0,"normal",40,8,,,
"Push","5 Dec 2024, 04:48","5 Dec 2024, 06:05","","Chest Press (Machine)",,"",1,"normal",40,8,,,
"Push","5 Dec 2024, 04:48","5 Dec 2024, 06:05","","Chest Press (Machine)",,"",2,"normal",40,8,,,
"Push","5 Dec 2024, 04:48","5 Dec 2024, 06:05","","Lateral Raise (Cable)",,"",0,"normal",5,10,,,
"Push","5 Dec 2024, 04:48","5 Dec 2024, 06:05","","Lateral Raise (Cable)",,"",1,"normal",5,10,,,
"Push","5 Dec 2024, 04:48","5 Dec 2024, 06:05","","Butterfly (Pec Deck)",,"",0,"normal",47,8,,,
"Push","5 Dec 2024, 04:48","5 Dec 2024, 06:05","","Butterfly (Pec Deck)",,"",1,"normal",47,8,,,
"Pull","4 Dec 2024, 05:03","4 Dec 2024, 06:04","","Pull Up",,"",0,"normal",,12,,,
"Pull","4 Dec 2024, 05:03","4 Dec 2024, 06:04","","Pull Up",,"",1,"normal",,12,,,
"Pull","4 Dec 2024, 05:03","4 Dec 2024, 06:04","","Pull Up",,"",2,"normal",,8,,,
"Pull","4 Dec 2024, 05:03","4 Dec 2024, 06:04","","Iso-Lateral Row (Machine)",,"",0,"normal",68,12,,,
"Pull","4 Dec 2024, 05:03","4 Dec 2024, 06:04","","Iso-Lateral Row (Machine)",,"",1,"normal",68,12,,,
"Pull","4 Dec 2024, 05:03","4 Dec 2024, 06:04","","Iso-Lateral Row (Machine)",,"",2,"normal",73,14,,,
"Pull","4 Dec 2024, 05:03","4 Dec 2024, 06:04","","Preacher Curl (Machine)",,"",0,"normal",46,12,,,
"Pull","4 Dec 2024, 05:03","4 Dec 2024, 06:04","","Preacher Curl (Machine)",,"",1,"normal",46,12,,,
"Pull","4 Dec 2024, 05:03","4 Dec 2024, 06:04","","Preacher Curl (Machine)",,"",2,"normal",46,10,,,
"Pull","4 Dec 2024, 05:03","4 Dec 2024, 06:04","","Lat Pulldown (Cable)",,"",0,"normal",57,12,,,
"Pull","4 Dec 2024, 05:03","4 Dec 2024, 06:04","","Lat Pulldown (Cable)",,"",1,"normal",57,12,,,
"Pull","4 Dec 2024, 05:03","4 Dec 2024, 06:04","","Lat Pulldown (Cable)",,"",2,"normal",57,10,,,
"Pull","4 Dec 2024, 05:03","4 Dec 2024, 06:04","","Lat Prayer",,"",0,"normal",21,12,,,
"Pull","4 Dec 2024, 05:03","4 Dec 2024, 06:04","","Lat Prayer",,"",1,"normal",21,12,,,
"Push at home","3 Dec 2024, 05:43","3 Dec 2024, 06:43","","Incline Bench Press (Dumbbell)",,"",0,"normal",40,12,,,
"Push at home","3 Dec 2024, 05:43","3 Dec 2024, 06:43","","Incline Bench Press (Dumbbell)",,"",1,"normal",40,12,,,
"Push at home","3 Dec 2024, 05:43","3 Dec 2024, 06:43","","Incline Bench Press (Dumbbell)",,"",2,"normal",40,12,,,
"Push at home","3 Dec 2024, 05:43","3 Dec 2024, 06:43","","Overhead Press (Dumbbell)",,"",0,"normal",30,12,,,
"Push at home","3 Dec 2024, 05:43","3 Dec 2024, 06:43","","Overhead Press (Dumbbell)",,"",1,"normal",30,11,,,
"Push at home","3 Dec 2024, 05:43","3 Dec 2024, 06:43","","Overhead Press (Dumbbell)",,"",2,"normal",30,10,,,
"Push at home","3 Dec 2024, 05:43","3 Dec 2024, 06:43","","Bench Press (Dumbbell)",,"",0,"normal",40,8,,,
"Push at home","3 Dec 2024, 05:43","3 Dec 2024, 06:43","","Bench Press (Dumbbell)",,"",1,"normal",40,8,,,
"Push at home","3 Dec 2024, 05:43","3 Dec 2024, 06:43","","Bench Press (Dumbbell)",,"",2,"normal",40,8,,,
"Push at home","3 Dec 2024, 05:43","3 Dec 2024, 06:43","","Skullcrusher (Barbell)",,"",0,"normal",20,10,,,
"Push at home","3 Dec 2024, 05:43","3 Dec 2024, 06:43","","Skullcrusher (Barbell)",,"",1,"normal",20,8,,,
"Push at home","3 Dec 2024, 05:43","3 Dec 2024, 06:43","","Skullcrusher (Barbell)",,"",2,"normal",20,8,,,
"Push at home","3 Dec 2024, 05:43","3 Dec 2024, 06:43","","Lateral Raise (Dumbbell)",,"",0,"normal",20,10,,,
"Push at home","3 Dec 2024, 05:43","3 Dec 2024, 06:43","","Lateral Raise (Dumbbell)",,"",1,"normal",20,10,,,
"Push at home","3 Dec 2024, 05:43","3 Dec 2024, 06:43","","Lateral Raise (Dumbbell)",,"",2,"normal",20,10,,,
"Pull (at home)","2 Dec 2024, 05:42","2 Dec 2024, 06:38","","Bent Over Row (Barbell)",,"",0,"normal",40,12,,,
"Pull (at home)","2 Dec 2024, 05:42","2 Dec 2024, 06:38","","Bent Over Row (Barbell)",,"",1,"normal",40,12,,,
"Pull (at home)","2 Dec 2024, 05:42","2 Dec 2024, 06:38","","Bent Over Row (Barbell)",,"",2,"normal",40,12,,,
"Pull (at home)","2 Dec 2024, 05:42","2 Dec 2024, 06:38","","Dumbbell Row",,"",0,"normal",24,12,,,
"Pull (at home)","2 Dec 2024, 05:42","2 Dec 2024, 06:38","","Dumbbell Row",,"",1,"normal",24,12,,,
"Pull (at home)","2 Dec 2024, 05:42","2 Dec 2024, 06:38","","Dumbbell Row",,"",2,"normal",24,12,,,
"Pull (at home)","2 Dec 2024, 05:42","2 Dec 2024, 06:38","","Lying bicep curls",,"",0,"normal",20,8,,,
"Pull (at home)","2 Dec 2024, 05:42","2 Dec 2024, 06:38","","Lying bicep curls",,"",1,"normal",16,10,,,
"Pull (at home)","2 Dec 2024, 05:42","2 Dec 2024, 06:38","","Lying bicep curls",,"",2,"normal",16,10,,,
"Pull (at home)","2 Dec 2024, 05:42","2 Dec 2024, 06:38","","Shrug (Dumbbell)",,"",0,"normal",40,15,,,
"Pull (at home)","2 Dec 2024, 05:42","2 Dec 2024, 06:38","","Shrug (Dumbbell)",,"",1,"normal",40,15,,,
"Pull (at home)","2 Dec 2024, 05:42","2 Dec 2024, 06:38","","Shrug (Dumbbell)",,"",2,"normal",40,15,,,
"Pull (at home)","2 Dec 2024, 05:42","2 Dec 2024, 06:38","","Hammer Curl (Dumbbell)",,"",0,"normal",30,10,,,
"Pull (at home)","2 Dec 2024, 05:42","2 Dec 2024, 06:38","","Hammer Curl (Dumbbell)",,"",1,"normal",24,7,,,
"Push at home","1 Dec 2024, 05:29","1 Dec 2024, 06:32","","Incline Bench Press (Dumbbell)",,"",0,"normal",40,12,,,
"Push at home","1 Dec 2024, 05:29","1 Dec 2024, 06:32","","Incline Bench Press (Dumbbell)",,"",1,"normal",40,12,,,
"Push at home","1 Dec 2024, 05:29","1 Dec 2024, 06:32","","Incline Bench Press (Dumbbell)",,"",2,"normal",40,12,,,
"Push at home","1 Dec 2024, 05:29","1 Dec 2024, 06:32","","Overhead Press (Dumbbell)",,"",0,"normal",30,12,,,
"Push at home","1 Dec 2024, 05:29","1 Dec 2024, 06:32","","Overhead Press (Dumbbell)",,"",1,"normal",30,10,,,
"Push at home","1 Dec 2024, 05:29","1 Dec 2024, 06:32","","Overhead Press (Dumbbell)",,"",2,"normal",30,9,,,
"Push at home","1 Dec 2024, 05:29","1 Dec 2024, 06:32","","Bench Press (Dumbbell)",,"",0,"normal",40,8,,,
"Push at home","1 Dec 2024, 05:29","1 Dec 2024, 06:32","","Bench Press (Dumbbell)",,"",1,"normal",40,7,,,
"Push at home","1 Dec 2024, 05:29","1 Dec 2024, 06:32","","Bench Press (Dumbbell)",,"",2,"normal",40,9,,,
"Push at home","1 Dec 2024, 05:29","1 Dec 2024, 06:32","","Skullcrusher (Barbell)",,"",0,"normal",20,7,,,
"Push at home","1 Dec 2024, 05:29","1 Dec 2024, 06:32","","Skullcrusher (Barbell)",,"",1,"normal",20,7,,,
"Push at home","1 Dec 2024, 05:29","1 Dec 2024, 06:32","","Skullcrusher (Barbell)",,"",2,"normal",20,7,,,
"Push at home","1 Dec 2024, 05:29","1 Dec 2024, 06:32","","Lateral Raise (Dumbbell)",,"",0,"normal",20,10,,,
"Push at home","1 Dec 2024, 05:29","1 Dec 2024, 06:32","","Lateral Raise (Dumbbell)",,"",1,"normal",20,8,,,
"Pull","30 Nov 2024, 01:31","30 Nov 2024, 02:57","","Pull Up",,"",0,"normal",,12,,,
"Pull","30 Nov 2024, 01:31","30 Nov 2024, 02:57","","Pull Up",,"",1,"normal",,10,,,
"Pull","30 Nov 2024, 01:31","30 Nov 2024, 02:57","","Pull Up",,"",2,"normal",,10,,,
"Pull","30 Nov 2024, 01:31","30 Nov 2024, 02:57","","Seated Row (Machine)",,"",0,"normal",54,10,,,
"Pull","30 Nov 2024, 01:31","30 Nov 2024, 02:57","","Seated Row (Machine)",,"",1,"normal",54,10,,,
"Pull","30 Nov 2024, 01:31","30 Nov 2024, 02:57","","Seated Row (Machine)",,"",2,"normal",54,10,,,
"Pull","30 Nov 2024, 01:31","30 Nov 2024, 02:57","","Preacher Curl (Machine)",,"",0,"normal",46,8,,,
"Pull","30 Nov 2024, 01:31","30 Nov 2024, 02:57","","Preacher Curl (Machine)",,"",1,"normal",46,8,,,
"Pull","30 Nov 2024, 01:31","30 Nov 2024, 02:57","","Preacher Curl (Machine)",,"",2,"normal",39,8,,,
"Pull","30 Nov 2024, 01:31","30 Nov 2024, 02:57","","Lat Pulldown (Machine)",,"",0,"normal",68,12,,,
"Pull","30 Nov 2024, 01:31","30 Nov 2024, 02:57","","Lat Pulldown (Machine)",,"",1,"normal",68,12,,,
"Pull","30 Nov 2024, 01:31","30 Nov 2024, 02:57","","Lat Pulldown (Machine)",,"",2,"normal",68,12,,,
"Pull","30 Nov 2024, 01:31","30 Nov 2024, 02:57","","Hammer Curl (Cable)",,"",0,"normal",24,10,,,
"Pull","30 Nov 2024, 01:31","30 Nov 2024, 02:57","","Hammer Curl (Cable)",,"",1,"normal",24,10,,,
"Pull","30 Nov 2024, 01:31","30 Nov 2024, 02:57","","Hammer Curl (Cable)",,"",2,"normal",24,8,,,
"Pull","30 Nov 2024, 01:31","30 Nov 2024, 02:57","","Lat Prayer",,"",0,"normal",21,12,,,
"Pull","30 Nov 2024, 01:31","30 Nov 2024, 02:57","","Lat Prayer",,"",1,"normal",12.5,12,,,
"Pull","30 Nov 2024, 01:31","30 Nov 2024, 02:57","","Lat Prayer",,"",2,"normal",12.5,12,,,
"Pull","30 Nov 2024, 01:31","30 Nov 2024, 02:57","","Lat Prayer",,"",3,"normal",21,10,,,
"Push","28 Nov 2024, 02:35","28 Nov 2024, 03:37","","Incline Bench Press (Barbell)",,"",0,"normal",50,6,,,
"Push","28 Nov 2024, 02:35","28 Nov 2024, 03:37","","Incline Bench Press (Barbell)",,"",1,"normal",50,5,,,
"Push","28 Nov 2024, 02:35","28 Nov 2024, 03:37","","Incline Bench Press (Barbell)",,"",2,"normal",50,4,,,
"Push","28 Nov 2024, 02:35","28 Nov 2024, 03:37","","Seated Shoulder Press (Machine)",,"",0,"normal",25,12,,,
"Push","28 Nov 2024, 02:35","28 Nov 2024, 03:37","","Seated Shoulder Press (Machine)",,"",1,"normal",32,7,,,
"Push","28 Nov 2024, 02:35","28 Nov 2024, 03:37","","Seated Shoulder Press (Machine)",,"",2,"normal",25,12,,,
"Push","28 Nov 2024, 02:35","28 Nov 2024, 03:37","","Decline Bench Press (Smith Machine)",,"",0,"normal",62,8,,,
"Push","28 Nov 2024, 02:35","28 Nov 2024, 03:37","","Decline Bench Press (Smith Machine)",,"",1,"normal",52,12,,,
"Push","28 Nov 2024, 02:35","28 Nov 2024, 03:37","","Decline Bench Press (Smith Machine)",,"",2,"normal",52,12,,,
"Push","28 Nov 2024, 02:35","28 Nov 2024, 03:37","","Triceps Extension (Cable)",,"",0,"normal",17.5,12,,,
"Push","28 Nov 2024, 02:35","28 Nov 2024, 03:37","","Triceps Extension (Cable)",,"",1,"normal",17.5,14,,,
"Push","28 Nov 2024, 02:35","28 Nov 2024, 03:37","","Triceps Pushdown",,"",0,"normal",21,12,,,
"Push","28 Nov 2024, 02:35","28 Nov 2024, 03:37","","Triceps Pushdown",,"",1,"normal",21,12,,,
"Push","28 Nov 2024, 02:35","28 Nov 2024, 03:37","","Lateral Raise (Cable)",,"",0,"normal",5,10,,,
"Push","28 Nov 2024, 02:35","28 Nov 2024, 03:37","","Lateral Raise (Cable)",,"",1,"normal",5,10,,,
"Pull","27 Nov 2024, 02:40","27 Nov 2024, 03:39","","Pull Up",,"",0,"normal",,12,,,
"Pull","27 Nov 2024, 02:40","27 Nov 2024, 03:39","","Pull Up",,"",1,"normal",,10,,,
"Pull","27 Nov 2024, 02:40","27 Nov 2024, 03:39","","Pull Up",,"",2,"normal",,8,,,
"Pull","27 Nov 2024, 02:40","27 Nov 2024, 03:39","","Iso-Lateral Row (Machine)",,"",0,"normal",85,9,,,
"Pull","27 Nov 2024, 02:40","27 Nov 2024, 03:39","","Iso-Lateral Row (Machine)",,"",1,"normal",85,9,,,
"Pull","27 Nov 2024, 02:40","27 Nov 2024, 03:39","","Iso-Lateral Row (Machine)",,"",2,"normal",85,9,,,
"Pull","27 Nov 2024, 02:40","27 Nov 2024, 03:39","","Preacher Curl (Machine)",,"",0,"normal",39,12,,,
"Pull","27 Nov 2024, 02:40","27 Nov 2024, 03:39","","Preacher Curl (Machine)",,"",1,"normal",53,12,,,
"Pull","27 Nov 2024, 02:40","27 Nov 2024, 03:39","","Preacher Curl (Machine)",,"",2,"normal",53,12,,,
"Pull","27 Nov 2024, 02:40","27 Nov 2024, 03:39","","Lat Pulldown (Cable)",,"",0,"normal",57,10,,,
"Pull","27 Nov 2024, 02:40","27 Nov 2024, 03:39","","Lat Pulldown (Cable)",,"",1,"normal",57,10,,,
"Pull","27 Nov 2024, 02:40","27 Nov 2024, 03:39","","Lat Pulldown (Machine)",,"",0,"normal",68,12,,,
"Pull","27 Nov 2024, 02:40","27 Nov 2024, 03:39","","Hammer Curl (Cable)",,"",0,"normal",24,10,,,
"Push at home","26 Nov 2024, 05:41","26 Nov 2024, 06:43","","Incline Bench Press (Dumbbell)",,"",0,"normal",40,12,,,
"Push at home","26 Nov 2024, 05:41","26 Nov 2024, 06:43","","Incline Bench Press (Dumbbell)",,"",1,"normal",40,12,,,
"Push at home","26 Nov 2024, 05:41","26 Nov 2024, 06:43","","Incline Bench Press (Dumbbell)",,"",2,"normal",40,11,,,
"Push at home","26 Nov 2024, 05:41","26 Nov 2024, 06:43","","Overhead Press (Dumbbell)",,"",0,"normal",30,12,,,
"Push at home","26 Nov 2024, 05:41","26 Nov 2024, 06:43","","Overhead Press (Dumbbell)",,"",1,"normal",30,10,,,
"Push at home","26 Nov 2024, 05:41","26 Nov 2024, 06:43","","Overhead Press (Dumbbell)",,"",2,"normal",30,10,,,
"Push at home","26 Nov 2024, 05:41","26 Nov 2024, 06:43","","Bench Press (Dumbbell)",,"",0,"normal",40,8,,,
"Push at home","26 Nov 2024, 05:41","26 Nov 2024, 06:43","","Bench Press (Dumbbell)",,"",1,"normal",40,7,,,
"Push at home","26 Nov 2024, 05:41","26 Nov 2024, 06:43","","Bench Press (Dumbbell)",,"",2,"normal",40,6,,,
"Push at home","26 Nov 2024, 05:41","26 Nov 2024, 06:43","","Skullcrusher (Barbell)",,"",0,"normal",16,12,,,
"Push at home","26 Nov 2024, 05:41","26 Nov 2024, 06:43","","Skullcrusher (Barbell)",,"",1,"normal",16,12,,,
"Push at home","26 Nov 2024, 05:41","26 Nov 2024, 06:43","","Skullcrusher (Barbell)",,"",2,"normal",16,12,,,
"Push at home","26 Nov 2024, 05:41","26 Nov 2024, 06:43","","Lateral Raise (Dumbbell)",,"",0,"normal",16,15,,,
"Push at home","26 Nov 2024, 05:41","26 Nov 2024, 06:43","","Lateral Raise (Dumbbell)",,"",1,"normal",16,12,,,
"Push","22 Nov 2024, 02:49","22 Nov 2024, 03:23","rlly sore fr just had a long day at school","Bench Press (Barbell)",,"",0,"normal",50,8,,,
"Push","22 Nov 2024, 02:49","22 Nov 2024, 03:23","rlly sore fr just had a long day at school","Bench Press (Barbell)",,"",1,"normal",50,10,,,
"Push","22 Nov 2024, 02:49","22 Nov 2024, 03:23","rlly sore fr just had a long day at school","Bench Press (Barbell)",,"",2,"normal",50,8,,,
"Push","22 Nov 2024, 02:49","22 Nov 2024, 03:23","rlly sore fr just had a long day at school","Seated Shoulder Press (Machine)",,"",0,"normal",25,10,,,
"Push","22 Nov 2024, 02:49","22 Nov 2024, 03:23","rlly sore fr just had a long day at school","Seated Shoulder Press (Machine)",,"",1,"normal",25,8,,,
"Push","22 Nov 2024, 02:49","22 Nov 2024, 03:23","rlly sore fr just had a long day at school","Seated Shoulder Press (Machine)",,"",2,"normal",25,6,,,
"Push","22 Nov 2024, 02:49","22 Nov 2024, 03:23","rlly sore fr just had a long day at school","Triceps Extension (Cable)",,"",0,"normal",17.5,12,,,
"Push","22 Nov 2024, 02:49","22 Nov 2024, 03:23","rlly sore fr just had a long day at school","Triceps Extension (Cable)",,"",1,"normal",17.5,12,,,
"Push","22 Nov 2024, 02:49","22 Nov 2024, 03:23","rlly sore fr just had a long day at school","Triceps Pushdown",,"",0,"normal",21,12,,,
"Push","22 Nov 2024, 02:49","22 Nov 2024, 03:23","rlly sore fr just had a long day at school","Triceps Pushdown",,"",1,"normal",21,8,,,
"Pull","21 Nov 2024, 02:42","21 Nov 2024, 03:50","","Pull Up",,"",0,"normal",,12,,,
"Pull","21 Nov 2024, 02:42","21 Nov 2024, 03:50","","Pull Up",,"",1,"normal",,11,,,
"Pull","21 Nov 2024, 02:42","21 Nov 2024, 03:50","","Pull Up",,"",2,"normal",,8,,,
"Pull","21 Nov 2024, 02:42","21 Nov 2024, 03:50","","Seated Cable Row - V Grip (Cable)",,"",0,"normal",47,12,,,
"Pull","21 Nov 2024, 02:42","21 Nov 2024, 03:50","","Seated Cable Row - V Grip (Cable)",,"",1,"normal",47,12,,,
"Pull","21 Nov 2024, 02:42","21 Nov 2024, 03:50","","Seated Cable Row - V Grip (Cable)",,"",2,"normal",47,12,,,
"Pull","21 Nov 2024, 02:42","21 Nov 2024, 03:50","","Preacher Curl (Machine)",,"",0,"normal",39,12,,,
"Pull","21 Nov 2024, 02:42","21 Nov 2024, 03:50","","Preacher Curl (Machine)",,"",1,"normal",39,11,,,
"Pull","21 Nov 2024, 02:42","21 Nov 2024, 03:50","","Preacher Curl (Machine)",,"",2,"normal",39,11,,,
"Pull","21 Nov 2024, 02:42","21 Nov 2024, 03:50","","Lat Pulldown (Cable)",,"",0,"normal",57,12,,,
"Pull","21 Nov 2024, 02:42","21 Nov 2024, 03:50","","Lat Pulldown (Cable)",,"",1,"normal",57,8,,,
"Pull","21 Nov 2024, 02:42","21 Nov 2024, 03:50","","Lat Pulldown (Cable)",,"",2,"normal",47,14,,,
"Pull","21 Nov 2024, 02:42","21 Nov 2024, 03:50","","Shrug (Machine)",,"",0,"normal",80,12,,,
"Pull","21 Nov 2024, 02:42","21 Nov 2024, 03:50","","Shrug (Machine)",,"",1,"normal",80,12,,,
"Pull","21 Nov 2024, 02:42","21 Nov 2024, 03:50","","Hammer Curl (Dumbbell)",,"",0,"normal",20,17,,,
"Pull","21 Nov 2024, 02:42","21 Nov 2024, 03:50","","Hammer Curl (Dumbbell)",,"",1,"normal",20,12,,,
"Pull","21 Nov 2024, 02:42","21 Nov 2024, 03:50","","Hammer Curl (Dumbbell)",,"",2,"normal",20,12,,,
"Push","20 Nov 2024, 02:37","20 Nov 2024, 03:28","","Incline Bench Press (Dumbbell)",,"",0,"normal",40,11,,,
"Push","20 Nov 2024, 02:37","20 Nov 2024, 03:28","","Incline Bench Press (Dumbbell)",,"",1,"normal",40,8,,,
"Push","20 Nov 2024, 02:37","20 Nov 2024, 03:28","","Incline Bench Press (Dumbbell)",,"",2,"normal",40,8,,,
"Push","20 Nov 2024, 02:37","20 Nov 2024, 03:28","","Seated Shoulder Press (Machine)",,"",0,"normal",25,8,,,
"Push","20 Nov 2024, 02:37","20 Nov 2024, 03:28","","Seated Shoulder Press (Machine)",,"",1,"normal",25,6,,,
"Push","20 Nov 2024, 02:37","20 Nov 2024, 03:28","","Seated Shoulder Press (Machine)",,"",2,"normal",25,8,,,
"Push","20 Nov 2024, 02:37","20 Nov 2024, 03:28","","Triceps Extension (Cable)",,"",0,"normal",21,10,,,
"Push","20 Nov 2024, 02:37","20 Nov 2024, 03:28","","Triceps Extension (Cable)",,"",1,"normal",21,8,,,
"Push","20 Nov 2024, 02:37","20 Nov 2024, 03:28","","Triceps Extension (Cable)",,"",2,"normal",17.5,10,,,
"Push","20 Nov 2024, 02:37","20 Nov 2024, 03:28","","Lateral Raise (Cable)",,"",0,"normal",2.5,16,,,
"Push","20 Nov 2024, 02:37","20 Nov 2024, 03:28","","Lateral Raise (Cable)",,"",1,"normal",2.5,16,,,
"Push","20 Nov 2024, 02:37","20 Nov 2024, 03:28","","Iso-Lateral Chest Press (Machine)",,"",0,"normal",28,12,,,
"Pull (at home)","17 Nov 2024, 05:52","17 Nov 2024, 06:59","","Dumbbell Row",,"",0,"normal",24,12,,,
"Pull (at home)","17 Nov 2024, 05:52","17 Nov 2024, 06:59","","Dumbbell Row",,"",1,"normal",24,12,,,
"Pull (at home)","17 Nov 2024, 05:52","17 Nov 2024, 06:59","","Dumbbell Row",,"",2,"normal",24,12,,,
"Pull (at home)","17 Nov 2024, 05:52","17 Nov 2024, 06:59","","Lying bicep curls",,"",0,"normal",16,12,,,
"Pull (at home)","17 Nov 2024, 05:52","17 Nov 2024, 06:59","","Lying bicep curls",,"",1,"normal",16,10,,,
"Pull (at home)","17 Nov 2024, 05:52","17 Nov 2024, 06:59","","Lying bicep curls",,"",2,"normal",16,8,,,
"Pull (at home)","17 Nov 2024, 05:52","17 Nov 2024, 06:59","","Shrug (Dumbbell)",,"",0,"normal",40,15,,,
"Pull (at home)","17 Nov 2024, 05:52","17 Nov 2024, 06:59","","Shrug (Dumbbell)",,"",1,"normal",40,15,,,
"Pull (at home)","17 Nov 2024, 05:52","17 Nov 2024, 06:59","","Shrug (Dumbbell)",,"",2,"normal",40,15,,,
"Pull (at home)","17 Nov 2024, 05:52","17 Nov 2024, 06:59","","Hammer Curl (Dumbbell)",,"",0,"normal",24,10,,,
"Pull (at home)","17 Nov 2024, 05:52","17 Nov 2024, 06:59","","Hammer Curl (Dumbbell)",,"",1,"normal",24,7,,,
"Pull (at home)","17 Nov 2024, 05:52","17 Nov 2024, 06:59","","Bent Over Row (Barbell)",,"",0,"normal",40,12,,,
"Pull (at home)","17 Nov 2024, 05:52","17 Nov 2024, 06:59","","Bent Over Row (Barbell)",,"",1,"normal",40,12,,,
"Pull (at home)","17 Nov 2024, 05:52","17 Nov 2024, 06:59","","Bent Over Row (Barbell)",,"",2,"normal",40,12,,,
"Push at home","16 Nov 2024, 04:35","16 Nov 2024, 05:30","","Incline Bench Press (Dumbbell)",,"",0,"normal",40,12,,,
"Push at home","16 Nov 2024, 04:35","16 Nov 2024, 05:30","","Incline Bench Press (Dumbbell)",,"",1,"normal",40,12,,,
"Push at home","16 Nov 2024, 04:35","16 Nov 2024, 05:30","","Incline Bench Press (Dumbbell)",,"",2,"normal",40,9,,,
"Push at home","16 Nov 2024, 04:35","16 Nov 2024, 05:30","","Overhead Press (Dumbbell)",,"",0,"normal",30,10,,,
"Push at home","16 Nov 2024, 04:35","16 Nov 2024, 05:30","","Overhead Press (Dumbbell)",,"",1,"normal",30,9,,,
"Push at home","16 Nov 2024, 04:35","16 Nov 2024, 05:30","","Overhead Press (Dumbbell)",,"",2,"normal",30,7,,,
"Push at home","16 Nov 2024, 04:35","16 Nov 2024, 05:30","","Skullcrusher (Barbell)",,"",0,"normal",16,12,,,
"Push at home","16 Nov 2024, 04:35","16 Nov 2024, 05:30","","Skullcrusher (Barbell)",,"",1,"normal",16,10,,,
"Push at home","16 Nov 2024, 04:35","16 Nov 2024, 05:30","","Skullcrusher (Barbell)",,"",2,"normal",16,12,,,
"Push at home","16 Nov 2024, 04:35","16 Nov 2024, 05:30","","Lateral Raise (Dumbbell)",,"",0,"normal",16,15,,,
"Push at home","16 Nov 2024, 04:35","16 Nov 2024, 05:30","","Lateral Raise (Dumbbell)",,"",1,"normal",16,12,,,
"Push at home","16 Nov 2024, 04:35","16 Nov 2024, 05:30","","Chest Fly (Dumbbell)",,"",0,"normal",30,10,,,
"Push at home","16 Nov 2024, 04:35","16 Nov 2024, 05:30","","Chest Fly (Dumbbell)",,"",1,"normal",30,7,,,
"Pull (at home)","14 Nov 2024, 06:38","14 Nov 2024, 07:04","","Dumbbell Row",,"",0,"normal",24,15,,,
"Pull (at home)","14 Nov 2024, 06:38","14 Nov 2024, 07:04","","Dumbbell Row",,"",1,"normal",24,12,,,
"Pull (at home)","14 Nov 2024, 06:38","14 Nov 2024, 07:04","","Dumbbell Row",,"",2,"normal",24,12,,,
"Pull (at home)","14 Nov 2024, 06:38","14 Nov 2024, 07:04","","Lying bicep curls",,"",0,"normal",16,12,,,
"Push at home","13 Nov 2024, 06:20","13 Nov 2024, 07:18","","Incline Bench Press (Dumbbell)",,"",0,"normal",40,12,,,
"Push at home","13 Nov 2024, 06:20","13 Nov 2024, 07:18","","Incline Bench Press (Dumbbell)",,"",1,"normal",40,10,,,
"Push at home","13 Nov 2024, 06:20","13 Nov 2024, 07:18","","Incline Bench Press (Dumbbell)",,"",2,"normal",40,7,,,
"Push at home","13 Nov 2024, 06:20","13 Nov 2024, 07:18","","Overhead Press (Dumbbell)",,"",0,"normal",30,10,,,
"Push at home","13 Nov 2024, 06:20","13 Nov 2024, 07:18","","Overhead Press (Dumbbell)",,"",1,"normal",30,9,,,
"Push at home","13 Nov 2024, 06:20","13 Nov 2024, 07:18","","Overhead Press (Dumbbell)",,"",2,"normal",30,5,,,
"Push at home","13 Nov 2024, 06:20","13 Nov 2024, 07:18","","Skullcrusher (Barbell)",,"",0,"normal",16,8,,,
"Push at home","13 Nov 2024, 06:20","13 Nov 2024, 07:18","","Skullcrusher (Barbell)",,"",1,"normal",16,10,,,
"Push at home","13 Nov 2024, 06:20","13 Nov 2024, 07:18","","Skullcrusher (Barbell)",,"",2,"normal",16,8,,,
"Push at home","13 Nov 2024, 06:20","13 Nov 2024, 07:18","","Lateral Raise (Dumbbell)",,"",0,"normal",16,15,,,
"Push at home","13 Nov 2024, 06:20","13 Nov 2024, 07:18","","Lateral Raise (Dumbbell)",,"",1,"normal",16,12,,,
"Push at home","13 Nov 2024, 06:20","13 Nov 2024, 07:18","","Chest Fly (Dumbbell)",,"",0,"normal",30,8,,,
"Push at home","13 Nov 2024, 06:20","13 Nov 2024, 07:18","","Chest Fly (Dumbbell)",,"",1,"normal",30,7,,,
"Pull (at home)","11 Nov 2024, 05:17","11 Nov 2024, 06:14","","Dumbbell Row",,"",0,"normal",24,12,,,
"Pull (at home)","11 Nov 2024, 05:17","11 Nov 2024, 06:14","","Dumbbell Row",,"",1,"normal",24,12,,,
"Pull (at home)","11 Nov 2024, 05:17","11 Nov 2024, 06:14","","Dumbbell Row",,"",2,"normal",24,12,,,
"Pull (at home)","11 Nov 2024, 05:17","11 Nov 2024, 06:14","","Lying bicep curls",,"",0,"normal",16,11,,,
"Pull (at home)","11 Nov 2024, 05:17","11 Nov 2024, 06:14","","Lying bicep curls",,"",1,"normal",16,9,,,
"Pull (at home)","11 Nov 2024, 05:17","11 Nov 2024, 06:14","","Lying bicep curls",,"",2,"normal",16,7,,,
"Pull (at home)","11 Nov 2024, 05:17","11 Nov 2024, 06:14","","Shrug (Dumbbell)",,"",0,"normal",40,15,,,
"Pull (at home)","11 Nov 2024, 05:17","11 Nov 2024, 06:14","","Shrug (Dumbbell)",,"",1,"normal",40,15,,,
"Pull (at home)","11 Nov 2024, 05:17","11 Nov 2024, 06:14","","Shrug (Dumbbell)",,"",2,"normal",40,15,,,
"Pull (at home)","11 Nov 2024, 05:17","11 Nov 2024, 06:14","","Hammer Curl (Dumbbell)",,"",0,"normal",24,10,,,
"Pull (at home)","11 Nov 2024, 05:17","11 Nov 2024, 06:14","","Hammer Curl (Dumbbell)",,"",1,"normal",24,7,,,
"Push at home","10 Nov 2024, 06:30","10 Nov 2024, 07:23","","Incline Bench Press (Dumbbell)",,"",0,"normal",40,11,,,
"Push at home","10 Nov 2024, 06:30","10 Nov 2024, 07:23","","Incline Bench Press (Dumbbell)",,"",1,"normal",40,9,,,
"Push at home","10 Nov 2024, 06:30","10 Nov 2024, 07:23","","Incline Bench Press (Dumbbell)",,"",2,"normal",40,7,,,
"Push at home","10 Nov 2024, 06:30","10 Nov 2024, 07:23","","Overhead Press (Dumbbell)",,"",0,"normal",30,9,,,
"Push at home","10 Nov 2024, 06:30","10 Nov 2024, 07:23","","Overhead Press (Dumbbell)",,"",1,"normal",30,7,,,
"Push at home","10 Nov 2024, 06:30","10 Nov 2024, 07:23","","Overhead Press (Dumbbell)",,"",2,"normal",30,6,,,
"Push at home","10 Nov 2024, 06:30","10 Nov 2024, 07:23","","Skullcrusher (Barbell)",,"",0,"normal",16,8,,,
"Push at home","10 Nov 2024, 06:30","10 Nov 2024, 07:23","","Skullcrusher (Barbell)",,"",1,"normal",16,8,,,
"Push at home","10 Nov 2024, 06:30","10 Nov 2024, 07:23","","Skullcrusher (Barbell)",,"",2,"normal",16,8,,,
"Push at home","10 Nov 2024, 06:30","10 Nov 2024, 07:23","","Lateral Raise (Dumbbell)",,"",0,"normal",16,15,,,
"Push at home","10 Nov 2024, 06:30","10 Nov 2024, 07:23","","Lateral Raise (Dumbbell)",,"",1,"normal",16,12,,,
"Push at home","10 Nov 2024, 06:30","10 Nov 2024, 07:23","","Chest Fly (Dumbbell)",,"",0,"normal",30,8,,,
"Push at home","10 Nov 2024, 06:30","10 Nov 2024, 07:23","","Chest Fly (Dumbbell)",,"",1,"normal",30,7,,,
"Pull (at home)","6 Nov 2024, 05:25","9 Nov 2024, 21:02","","Dumbbell Row",,"",0,"normal",21,15,,,
"Pull (at home)","6 Nov 2024, 05:25","9 Nov 2024, 21:02","","Dumbbell Row",,"",1,"normal",21,15,,,
"Pull (at home)","6 Nov 2024, 05:25","9 Nov 2024, 21:02","","Dumbbell Row",,"",2,"normal",21,15,,,
"Pull (at home)","6 Nov 2024, 05:25","9 Nov 2024, 21:02","","Lying bicep curls",,"",0,"normal",16,10,,,
"Pull (at home)","6 Nov 2024, 05:25","9 Nov 2024, 21:02","","Lying bicep curls",,"",1,"normal",16,8,,,
"Pull (at home)","6 Nov 2024, 05:25","9 Nov 2024, 21:02","","Lying bicep curls",,"",2,"normal",16,5,,,
"Pull (at home)","6 Nov 2024, 05:25","9 Nov 2024, 21:02","","Shrug (Dumbbell)",,"Seated, lean forward",0,"normal",36,15,,,
"Pull (at home)","6 Nov 2024, 05:25","9 Nov 2024, 21:02","","Shrug (Dumbbell)",,"Seated, lean forward",1,"normal",36,15,,,
"Pull (at home)","6 Nov 2024, 05:25","9 Nov 2024, 21:02","","Shrug (Dumbbell)",,"Seated, lean forward",2,"normal",36,15,,,
"Pull (at home)","6 Nov 2024, 05:25","9 Nov 2024, 21:02","","Hammer Curl (Dumbbell)",,"",0,"normal",24,8,,,
"Pull (at home)","6 Nov 2024, 05:25","9 Nov 2024, 21:02","","Hammer Curl (Dumbbell)",,"",1,"normal",24,6,,,
"Pull (at home)","6 Nov 2024, 05:25","9 Nov 2024, 21:02","","Concentration Curl",,"",0,"normal",12,8,,,
"Pull (at home)","6 Nov 2024, 05:25","9 Nov 2024, 21:02","","Concentration Curl",,"",1,"normal",12,8,,,
"Push at home","5 Nov 2024, 05:37","5 Nov 2024, 06:34","","Incline Bench Press (Dumbbell)",,"",0,"warmup",26,10,,,
"Push at home","5 Nov 2024, 05:37","5 Nov 2024, 06:34","","Incline Bench Press (Dumbbell)",,"",1,"normal",36,12,,,
"Push at home","5 Nov 2024, 05:37","5 Nov 2024, 06:34","","Incline Bench Press (Dumbbell)",,"",2,"normal",36,12,,,
"Push at home","5 Nov 2024, 05:37","5 Nov 2024, 06:34","","Incline Bench Press (Dumbbell)",,"",3,"normal",36,11,,,
"Push at home","5 Nov 2024, 05:37","5 Nov 2024, 06:34","","Overhead Press (Dumbbell)",,"",0,"normal",30,10,,,
"Push at home","5 Nov 2024, 05:37","5 Nov 2024, 06:34","","Overhead Press (Dumbbell)",,"",1,"normal",30,7,,,
"Push at home","5 Nov 2024, 05:37","5 Nov 2024, 06:34","","Overhead Press (Dumbbell)",,"",2,"normal",30,6,,,
"Push at home","5 Nov 2024, 05:37","5 Nov 2024, 06:34","","Skullcrusher (Barbell)",,"",0,"normal",16,8,,,
"Push at home","5 Nov 2024, 05:37","5 Nov 2024, 06:34","","Skullcrusher (Barbell)",,"",1,"normal",16,8,,,
"Push at home","5 Nov 2024, 05:37","5 Nov 2024, 06:34","","Lateral Raise (Dumbbell)",,"",0,"normal",16,15,,,
"Push at home","5 Nov 2024, 05:37","5 Nov 2024, 06:34","","Lateral Raise (Dumbbell)",,"",1,"normal",16,12,,,
"Push at home","5 Nov 2024, 05:37","5 Nov 2024, 06:34","","Chest Fly (Dumbbell)",,"",0,"normal",30,6,,,
"Push at home","5 Nov 2024, 05:37","5 Nov 2024, 06:34","","Chest Fly (Dumbbell)",,"",1,"normal",30,6,,,
"Pull (at home)","31 Oct 2024, 06:04","31 Oct 2024, 06:56","","Dumbbell Row",,"",0,"normal",19,15,,,
"Pull (at home)","31 Oct 2024, 06:04","31 Oct 2024, 06:56","","Dumbbell Row",,"",1,"normal",19,15,,,
"Pull (at home)","31 Oct 2024, 06:04","31 Oct 2024, 06:56","","Dumbbell Row",,"",2,"normal",19,15,,,
"Pull (at home)","31 Oct 2024, 06:04","31 Oct 2024, 06:56","","Lying bicep curls",,"",0,"normal",16,10,,,
"Pull (at home)","31 Oct 2024, 06:04","31 Oct 2024, 06:56","","Lying bicep curls",,"",1,"normal",16,8,,,
"Pull (at home)","31 Oct 2024, 06:04","31 Oct 2024, 06:56","","Lying bicep curls",,"",2,"normal",16,7,,,
"Pull (at home)","31 Oct 2024, 06:04","31 Oct 2024, 06:56","","Hammer Curl (Dumbbell)",,"",0,"normal",24,8,,,
"Pull (at home)","31 Oct 2024, 06:04","31 Oct 2024, 06:56","","Hammer Curl (Dumbbell)",,"",1,"normal",24,7,,,
"Pull (at home)","31 Oct 2024, 06:04","31 Oct 2024, 06:56","","Concentration Curl",,"",0,"normal",14,8,,,
"Pull (at home)","31 Oct 2024, 06:04","31 Oct 2024, 06:56","","Concentration Curl",,"",1,"normal",12,8,,,
"Push at home","27 Oct 2024, 05:18","27 Oct 2024, 06:07","","Incline Bench Press (Dumbbell)",,"",0,"warmup",30,15,,,
"Push at home","27 Oct 2024, 05:18","27 Oct 2024, 06:07","","Incline Bench Press (Dumbbell)",,"",1,"normal",36,15,,,
"Push at home","27 Oct 2024, 05:18","27 Oct 2024, 06:07","","Incline Bench Press (Dumbbell)",,"",2,"normal",36,10,,,
"Push at home","27 Oct 2024, 05:18","27 Oct 2024, 06:07","","Incline Bench Press (Dumbbell)",,"",3,"normal",36,7,,,
"Push at home","27 Oct 2024, 05:18","27 Oct 2024, 06:07","","Overhead Press (Dumbbell)",,"",0,"normal",24,12,,,
"Push at home","27 Oct 2024, 05:18","27 Oct 2024, 06:07","","Overhead Press (Dumbbell)",,"",1,"normal",24,10,,,
"Push at home","27 Oct 2024, 05:18","27 Oct 2024, 06:07","","Overhead Press (Dumbbell)",,"",2,"normal",24,8,,,
"Push at home","27 Oct 2024, 05:18","27 Oct 2024, 06:07","","Bench Press (Dumbbell)",,"",0,"normal",36,7,,,
"Push at home","27 Oct 2024, 05:18","27 Oct 2024, 06:07","","Lateral Raise (Dumbbell)",,"",0,"normal",16,12,,,
"Push at home","27 Oct 2024, 05:18","27 Oct 2024, 06:07","","Lateral Raise (Dumbbell)",,"",1,"normal",16,12,,,
"Push at home","27 Oct 2024, 05:18","27 Oct 2024, 06:07","","Hex Press",,"",0,"normal",16,17,,,
"Push at home","27 Oct 2024, 05:18","27 Oct 2024, 06:07","","Hex Press",,"",1,"normal",16,12,,,
"Pull","17 Aug 2024, 23:43","18 Aug 2024, 00:47","","Pull Up (Weighted)",,"",0,"normal",10,10,,,
"Pull","17 Aug 2024, 23:43","18 Aug 2024, 00:47","","Pull Up (Weighted)",,"",1,"normal",10,10,,,
"Pull","17 Aug 2024, 23:43","18 Aug 2024, 00:47","","Pull Up (Weighted)",,"",2,"normal",,12,,,
"Pull","17 Aug 2024, 23:43","18 Aug 2024, 00:47","","Iso-Lateral Row (Machine)",,"",0,"normal",85,9,,,
"Pull","17 Aug 2024, 23:43","18 Aug 2024, 00:47","","Iso-Lateral Row (Machine)",,"",1,"normal",85,9,,,
"Pull","17 Aug 2024, 23:43","18 Aug 2024, 00:47","","Iso-Lateral Row (Machine)",,"",2,"normal",85,9,,,
"Pull","17 Aug 2024, 23:43","18 Aug 2024, 00:47","","Preacher Curl (Machine)",,"",0,"normal",53,8,,,
"Pull","17 Aug 2024, 23:43","18 Aug 2024, 00:47","","Preacher Curl (Machine)",,"",1,"normal",53,7,,,
"Pull","17 Aug 2024, 23:43","18 Aug 2024, 00:47","","Preacher Curl (Machine)",,"",2,"normal",53,7,,,
"Pull","17 Aug 2024, 23:43","18 Aug 2024, 00:47","","Lat Pulldown (Machine)",,"",0,"normal",82,10,,,
"Pull","17 Aug 2024, 23:43","18 Aug 2024, 00:47","","Lat Pulldown (Machine)",,"",1,"normal",82,10,,,
"Pull","17 Aug 2024, 23:43","18 Aug 2024, 00:47","","Lat Pulldown (Machine)",,"",2,"normal",75,12,,,
"Pull","17 Aug 2024, 23:43","18 Aug 2024, 00:47","","Seated Cable Row - V Grip (Cable)",,"",0,"normal",47,12,,,
"Pull","17 Aug 2024, 23:43","18 Aug 2024, 00:47","","Seated Cable Row - V Grip (Cable)",,"",1,"normal",47,12,,,
"Pull","17 Aug 2024, 23:43","18 Aug 2024, 00:47","","Seated Cable Row - V Grip (Cable)",,"",2,"normal",47,12,,,
"Pull","17 Aug 2024, 23:43","18 Aug 2024, 00:47","","Hammer Curl (Cable)",,"",0,"normal",21,10,,,
"Pull","17 Aug 2024, 23:43","18 Aug 2024, 00:47","","Hammer Curl (Cable)",,"",1,"normal",21,10,,,
"Pull","17 Aug 2024, 23:43","18 Aug 2024, 00:47","","Hammer Curl (Cable)",,"",2,"normal",21,10,,,
"Push","16 Aug 2024, 01:45","16 Aug 2024, 02:55","","Incline Bench Press (Barbell)",,"",0,"normal",50,9,,,
"Push","16 Aug 2024, 01:45","16 Aug 2024, 02:55","","Incline Bench Press (Barbell)",,"",1,"normal",50,8,,,
"Push","16 Aug 2024, 01:45","16 Aug 2024, 02:55","","Incline Bench Press (Barbell)",,"",2,"normal",50,5,,,
"Push","16 Aug 2024, 01:45","16 Aug 2024, 02:55","","Seated Shoulder Press (Machine)",,"",0,"normal",32,8,,,
"Push","16 Aug 2024, 01:45","16 Aug 2024, 02:55","","Seated Shoulder Press (Machine)",,"",1,"normal",32,7,,,
"Push","16 Aug 2024, 01:45","16 Aug 2024, 02:55","","Seated Shoulder Press (Machine)",,"",2,"normal",32,6,,,
"Push","16 Aug 2024, 01:45","16 Aug 2024, 02:55","","Iso-Lateral Chest Press (Machine)",,"",0,"normal",48,10,,,
"Push","16 Aug 2024, 01:45","16 Aug 2024, 02:55","","Iso-Lateral Chest Press (Machine)",,"",1,"normal",48,9,,,
"Push","16 Aug 2024, 01:45","16 Aug 2024, 02:55","","Iso-Lateral Chest Press (Machine)",,"",2,"normal",48,8,,,
"Push","16 Aug 2024, 01:45","16 Aug 2024, 02:55","","Triceps Extension (Cable)",,"",0,"normal",21,8,,,
"Push","16 Aug 2024, 01:45","16 Aug 2024, 02:55","","Triceps Extension (Cable)",,"",1,"normal",21,8,,,
"Push","16 Aug 2024, 01:45","16 Aug 2024, 02:55","","Triceps Pushdown",,"",0,"normal",21,12,,,
"Push","16 Aug 2024, 01:45","16 Aug 2024, 02:55","","Triceps Pushdown",,"",1,"normal",21,12,,,
"Push","16 Aug 2024, 01:45","16 Aug 2024, 02:55","","Lateral Raise (Cable)",,"",0,"normal",5,8,,,
"Push","16 Aug 2024, 01:45","16 Aug 2024, 02:55","","Lateral Raise (Cable)",,"",1,"normal",5,8,,,
"Push","16 Aug 2024, 01:45","16 Aug 2024, 02:55","","Butterfly (Pec Deck)",,"",0,"normal",47,10,,,
"Push","16 Aug 2024, 01:45","16 Aug 2024, 02:55","","Butterfly (Pec Deck)",,"",1,"normal",47,10,,,
"Midday Workout","14 Aug 2024, 23:23","15 Aug 2024, 00:14","","Pull Up",,"",0,"normal",,12,,,
"Midday Workout","14 Aug 2024, 23:23","15 Aug 2024, 00:14","","Pull Up",,"",1,"normal",,12,,,
"Midday Workout","14 Aug 2024, 23:23","15 Aug 2024, 00:14","","Pull Up",,"",2,"normal",,12,,,
"Midday Workout","14 Aug 2024, 23:23","15 Aug 2024, 00:14","","Bent Over Row (Barbell)",,"",0,"normal",40,12,,,
"Midday Workout","14 Aug 2024, 23:23","15 Aug 2024, 00:14","","Bent Over Row (Barbell)",,"",1,"normal",40,10,,,
"Midday Workout","14 Aug 2024, 23:23","15 Aug 2024, 00:14","","Bent Over Row (Barbell)",,"",2,"normal",40,10,,,
"Midday Workout","14 Aug 2024, 23:23","15 Aug 2024, 00:14","","Seated Cable Row - V Grip (Cable)",,"",0,"normal",49,10,,,
"Midday Workout","14 Aug 2024, 23:23","15 Aug 2024, 00:14","","Seated Cable Row - V Grip (Cable)",,"",1,"normal",49,8,,,
"Midday Workout","14 Aug 2024, 23:23","15 Aug 2024, 00:14","","Seated Cable Row - V Grip (Cable)",,"",2,"normal",49,8,,,
"Midday Workout","14 Aug 2024, 23:23","15 Aug 2024, 00:14","","Bicep Curl (Dumbbell)",,"",0,"normal",30,10,,,
"Midday Workout","14 Aug 2024, 23:23","15 Aug 2024, 00:14","","Bicep Curl (Dumbbell)",,"",1,"normal",25,12,,,
"Midday Workout","14 Aug 2024, 23:23","15 Aug 2024, 00:14","","Bicep Curl (Dumbbell)",,"",2,"normal",25,12,,,
"Midday Workout","14 Aug 2024, 23:23","15 Aug 2024, 00:14","","Lat Pulldown (Cable)",,"",0,"normal",58,10,,,
"Midday Workout","14 Aug 2024, 23:23","15 Aug 2024, 00:14","","Lat Pulldown (Cable)",,"",1,"normal",58,10,,,
"Supplement","13 Aug 2024, 01:38","13 Aug 2024, 02:34","","Leg Press (Machine)",,"",0,"normal",85,12,,,
"Supplement","13 Aug 2024, 01:38","13 Aug 2024, 02:34","","Leg Press (Machine)",,"",1,"normal",85,12,,,
"Supplement","13 Aug 2024, 01:38","13 Aug 2024, 02:34","","Leg Press (Machine)",,"",2,"normal",85,10,,,
"Supplement","13 Aug 2024, 01:38","13 Aug 2024, 02:34","","Crunch (Machine)",,"",0,"normal",30,12,,,
"Supplement","13 Aug 2024, 01:38","13 Aug 2024, 02:34","","Crunch (Machine)",,"",1,"normal",30,12,,,
"Supplement","13 Aug 2024, 01:38","13 Aug 2024, 02:34","","Crunch (Machine)",,"",2,"normal",30,10,,,
"Supplement","13 Aug 2024, 01:38","13 Aug 2024, 02:34","","Shrug (Machine)",,"",0,"normal",100,15,,,
"Supplement","13 Aug 2024, 01:38","13 Aug 2024, 02:34","","Shrug (Machine)",,"",1,"normal",100,15,,,
"Supplement","13 Aug 2024, 01:38","13 Aug 2024, 02:34","","Shrug (Machine)",,"",2,"normal",100,15,,,
"Supplement","13 Aug 2024, 01:38","13 Aug 2024, 02:34","","Seated Leg Curl (Machine)",,"",0,"normal",73,12,,,
"Supplement","13 Aug 2024, 01:38","13 Aug 2024, 02:34","","Seated Leg Curl (Machine)",,"",1,"normal",73,10,,,
"Supplement","13 Aug 2024, 01:38","13 Aug 2024, 02:34","","Seated Leg Curl (Machine)",,"",2,"normal",66,12,,,
"Supplement","13 Aug 2024, 01:38","13 Aug 2024, 02:34","","Standing Calf Raise (Machine)",,"",0,"normal",75,10,,,
"Supplement","13 Aug 2024, 01:38","13 Aug 2024, 02:34","","Standing Calf Raise (Machine)",,"",1,"normal",75,10,,,
"Supplement","13 Aug 2024, 01:38","13 Aug 2024, 02:34","","Standing Calf Raise (Machine)",,"",2,"normal",75,10,,,
"Push","10 Aug 2024, 20:55","10 Aug 2024, 21:51","","Incline Bench Press (Barbell)",,"",0,"normal",50,7,,,
"Push","10 Aug 2024, 20:55","10 Aug 2024, 21:51","","Incline Bench Press (Barbell)",,"",1,"normal",50,6,,,
"Push","10 Aug 2024, 20:55","10 Aug 2024, 21:51","","Incline Bench Press (Barbell)",,"",2,"normal",50,5,,,
"Push","10 Aug 2024, 20:55","10 Aug 2024, 21:51","","Seated Shoulder Press (Machine)",,"",0,"normal",32,8,,,
"Push","10 Aug 2024, 20:55","10 Aug 2024, 21:51","","Seated Shoulder Press (Machine)",,"",1,"normal",32,7,,,
"Push","10 Aug 2024, 20:55","10 Aug 2024, 21:51","","Seated Shoulder Press (Machine)",,"",2,"normal",32,6,,,
"Push","10 Aug 2024, 20:55","10 Aug 2024, 21:51","","Iso-Lateral Chest Press (Machine)",,"",0,"normal",48,10,,,
"Push","10 Aug 2024, 20:55","10 Aug 2024, 21:51","","Iso-Lateral Chest Press (Machine)",,"",1,"normal",48,9,,,
"Push","10 Aug 2024, 20:55","10 Aug 2024, 21:51","","Iso-Lateral Chest Press (Machine)",,"",2,"normal",48,9,,,
"Push","10 Aug 2024, 20:55","10 Aug 2024, 21:51","","Triceps Extension (Cable)",,"",0,"normal",21,8,,,
"Push","10 Aug 2024, 20:55","10 Aug 2024, 21:51","","Triceps Extension (Cable)",,"",1,"normal",21,7,,,
"Push","10 Aug 2024, 20:55","10 Aug 2024, 21:51","","Triceps Pushdown",,"",0,"normal",24.5,8,,,
"Push","10 Aug 2024, 20:55","10 Aug 2024, 21:51","","Triceps Pushdown",,"",1,"normal",21,12,,,
"Push","10 Aug 2024, 20:55","10 Aug 2024, 21:51","","Lateral Raise (Cable)",,"",0,"normal",5,8,,,
"Push","10 Aug 2024, 20:55","10 Aug 2024, 21:51","","Lateral Raise (Cable)",,"",1,"normal",5,8,,,
"Pull","9 Aug 2024, 01:37","9 Aug 2024, 02:38","","Pull Up (Weighted)",,"",0,"normal",10,10,,,
"Pull","9 Aug 2024, 01:37","9 Aug 2024, 02:38","","Pull Up (Weighted)",,"",1,"normal",10,8,,,
"Pull","9 Aug 2024, 01:37","9 Aug 2024, 02:38","","Pull Up (Weighted)",,"",2,"normal",,12,,,
"Pull","9 Aug 2024, 01:37","9 Aug 2024, 02:38","","Iso-Lateral Row (Machine)",,"",0,"normal",85,8,,,
"Pull","9 Aug 2024, 01:37","9 Aug 2024, 02:38","","Iso-Lateral Row (Machine)",,"",1,"normal",85,8,,,
"Pull","9 Aug 2024, 01:37","9 Aug 2024, 02:38","","Iso-Lateral Row (Machine)",,"",2,"normal",85,8,,,
"Pull","9 Aug 2024, 01:37","9 Aug 2024, 02:38","","Preacher Curl (Machine)",,"",0,"normal",46,12,,,
"Pull","9 Aug 2024, 01:37","9 Aug 2024, 02:38","","Preacher Curl (Machine)",,"",1,"normal",46,11,,,
"Pull","9 Aug 2024, 01:37","9 Aug 2024, 02:38","","Preacher Curl (Machine)",,"",2,"normal",46,10,,,
"Pull","9 Aug 2024, 01:37","9 Aug 2024, 02:38","","Lat Pulldown (Machine)",,"",0,"normal",75,12,,,
"Pull","9 Aug 2024, 01:37","9 Aug 2024, 02:38","","Lat Pulldown (Machine)",,"",1,"normal",75,12,,,
"Pull","9 Aug 2024, 01:37","9 Aug 2024, 02:38","","Lat Pulldown (Machine)",,"",2,"normal",75,10,,,
"Pull","9 Aug 2024, 01:37","9 Aug 2024, 02:38","","Seated Cable Row - V Grip (Cable)",,"",0,"normal",47,12,,,
"Pull","9 Aug 2024, 01:37","9 Aug 2024, 02:38","","Seated Cable Row - V Grip (Cable)",,"",1,"normal",47,10,,,
"Pull","9 Aug 2024, 01:37","9 Aug 2024, 02:38","","Seated Cable Row - V Grip (Cable)",,"",2,"normal",47,10,,,
"Pull","9 Aug 2024, 01:37","9 Aug 2024, 02:38","","Hammer Curl (Cable)",,"",0,"normal",21,10,,,
"Pull","9 Aug 2024, 01:37","9 Aug 2024, 02:38","","Hammer Curl (Cable)",,"",1,"normal",21,10,,,
"Pull","9 Aug 2024, 01:37","9 Aug 2024, 02:38","","Hammer Curl (Cable)",,"",2,"normal",21,10,,,
"Push","6 Aug 2024, 01:38","6 Aug 2024, 02:55","","Bench Press (Barbell)",,"",0,"normal",50,11,,,
"Push","6 Aug 2024, 01:38","6 Aug 2024, 02:55","","Bench Press (Barbell)",,"",1,"normal",50,9,,,
"Push","6 Aug 2024, 01:38","6 Aug 2024, 02:55","","Bench Press (Barbell)",,"",2,"normal",50,8,,,
"Push","6 Aug 2024, 01:38","6 Aug 2024, 02:55","","Seated Shoulder Press (Machine)",,"",0,"normal",25,12,,,
"Push","6 Aug 2024, 01:38","6 Aug 2024, 02:55","","Seated Shoulder Press (Machine)",,"",1,"normal",25,12,,,
"Push","6 Aug 2024, 01:38","6 Aug 2024, 02:55","","Seated Shoulder Press (Machine)",,"",2,"normal",25,10,,,
"Push","6 Aug 2024, 01:38","6 Aug 2024, 02:55","","Iso-Lateral Chest Press (Machine)",,"",0,"normal",48,10,,,
"Push","6 Aug 2024, 01:38","6 Aug 2024, 02:55","","Iso-Lateral Chest Press (Machine)",,"",1,"normal",48,9,,,
"Push","6 Aug 2024, 01:38","6 Aug 2024, 02:55","","Iso-Lateral Chest Press (Machine)",,"",2,"normal",48,8,,,
"Push","6 Aug 2024, 01:38","6 Aug 2024, 02:55","","Triceps Extension (Cable)",,"",0,"normal",17.5,12,,,
"Push","6 Aug 2024, 01:38","6 Aug 2024, 02:55","","Triceps Extension (Cable)",,"",1,"normal",17.5,12,,,
"Push","6 Aug 2024, 01:38","6 Aug 2024, 02:55","","Triceps Pushdown",,"",0,"normal",21,12,,,
"Push","6 Aug 2024, 01:38","6 Aug 2024, 02:55","","Triceps Pushdown",,"",1,"normal",21,10,,,
"Push","6 Aug 2024, 01:38","6 Aug 2024, 02:55","","Lateral Raise (Cable)",,"",0,"normal",5,8,,,
"Push","6 Aug 2024, 01:38","6 Aug 2024, 02:55","","Lateral Raise (Cable)",,"",1,"normal",5,8,,,
"Push","6 Aug 2024, 01:38","6 Aug 2024, 02:55","","Leg Extension (Machine)",,"",0,"normal",75,12,,,
"Push","6 Aug 2024, 01:38","6 Aug 2024, 02:55","","Leg Extension (Machine)",,"",1,"normal",75,12,,,
"Push","6 Aug 2024, 01:38","6 Aug 2024, 02:55","","Leg Extension (Machine)",,"",2,"normal",75,12,,,
"Push","6 Aug 2024, 01:38","6 Aug 2024, 02:55","","Chest Press (Machine)",,"",0,"normal",47,12,,,
"Push","6 Aug 2024, 01:38","6 Aug 2024, 02:55","","Chest Press (Machine)",,"",1,"normal",47,8,,,
"Pull (at home)","4 Aug 2024, 03:17","4 Aug 2024, 04:13","","Bent Over Row (Barbell)",,"",0,"normal",40,15,,,
"Pull (at home)","4 Aug 2024, 03:17","4 Aug 2024, 04:13","","Bent Over Row (Barbell)",,"",1,"normal",40,15,,,
"Pull (at home)","4 Aug 2024, 03:17","4 Aug 2024, 04:13","","Bent Over Row (Barbell)",,"",2,"normal",40,15,,,
"Pull (at home)","4 Aug 2024, 03:17","4 Aug 2024, 04:13","","Dumbbell Row",,"",0,"normal",24,12,,,
"Pull (at home)","4 Aug 2024, 03:17","4 Aug 2024, 04:13","","Dumbbell Row",,"",1,"normal",24,12,,,
"Pull (at home)","4 Aug 2024, 03:17","4 Aug 2024, 04:13","","Dumbbell Row",,"",2,"normal",24,12,,,
"Pull (at home)","4 Aug 2024, 03:17","4 Aug 2024, 04:13","","Bicep Curl (Dumbbell)",,"",0,"normal",30,12,,,
"Pull (at home)","4 Aug 2024, 03:17","4 Aug 2024, 04:13","","Bicep Curl (Dumbbell)",,"",1,"normal",30,10,,,
"Pull (at home)","4 Aug 2024, 03:17","4 Aug 2024, 04:13","","Bicep Curl (Dumbbell)",,"",2,"normal",30,10,,,
"Pull (at home)","4 Aug 2024, 03:17","4 Aug 2024, 04:13","","Chest Supported Reverse Fly (Dumbbell)",,"",0,"normal",16,20,,,
"Pull (at home)","4 Aug 2024, 03:17","4 Aug 2024, 04:13","","Chest Supported Reverse Fly (Dumbbell)",,"",1,"normal",16,15,,,
"Pull (at home)","4 Aug 2024, 03:17","4 Aug 2024, 04:13","","Hammer Curl (Dumbbell)",,"",0,"normal",30,12,,,
"Pull (at home)","4 Aug 2024, 03:17","4 Aug 2024, 04:13","","Hammer Curl (Dumbbell)",,"",1,"normal",30,8,,,
"Push","2 Aug 2024, 01:39","2 Aug 2024, 02:41","","Incline Bench Press (Barbell)",,"",0,"normal",50,9,,,
"Push","2 Aug 2024, 01:39","2 Aug 2024, 02:41","","Incline Bench Press (Barbell)",,"",1,"normal",50,6,,,
"Push","2 Aug 2024, 01:39","2 Aug 2024, 02:41","","Incline Bench Press (Barbell)",,"",2,"normal",40,11,,,
"Push","2 Aug 2024, 01:39","2 Aug 2024, 02:41","","Iso-Lateral Chest Press (Machine)",,"",0,"normal",48,10,,,
"Push","2 Aug 2024, 01:39","2 Aug 2024, 02:41","","Iso-Lateral Chest Press (Machine)",,"",1,"normal",48,9,,,
"Push","2 Aug 2024, 01:39","2 Aug 2024, 02:41","","Iso-Lateral Chest Press (Machine)",,"",2,"normal",48,7,,,
"Push","2 Aug 2024, 01:39","2 Aug 2024, 02:41","","Triceps Extension (Cable)",,"",0,"normal",17.5,12,,,
"Push","2 Aug 2024, 01:39","2 Aug 2024, 02:41","","Triceps Extension (Cable)",,"",1,"normal",17.5,12,,,
"Push","2 Aug 2024, 01:39","2 Aug 2024, 02:41","","Triceps Pushdown",,"",0,"normal",21,10,,,
"Push","2 Aug 2024, 01:39","2 Aug 2024, 02:41","","Triceps Pushdown",,"",1,"normal",21,10,,,
"Push","2 Aug 2024, 01:39","2 Aug 2024, 02:41","","Seated Shoulder Press (Machine)",,"",0,"normal",25,11,,,
"Push","2 Aug 2024, 01:39","2 Aug 2024, 02:41","","Seated Shoulder Press (Machine)",,"",1,"normal",25,10,,,
"Push","2 Aug 2024, 01:39","2 Aug 2024, 02:41","","Seated Shoulder Press (Machine)",,"",2,"normal",25,10,,,
"Push","2 Aug 2024, 01:39","2 Aug 2024, 02:41","","Lateral Raise (Cable)",,"",0,"normal",5,8,,,
"Push","2 Aug 2024, 01:39","2 Aug 2024, 02:41","","Lateral Raise (Cable)",,"",1,"normal",5,8,,,
"Push","2 Aug 2024, 01:39","2 Aug 2024, 02:41","","Butterfly (Pec Deck)",,"",0,"normal",47,10,,,
"Push","2 Aug 2024, 01:39","2 Aug 2024, 02:41","","Butterfly (Pec Deck)",,"",1,"normal",47,10,,,
"Supplement","30 Jul 2024, 01:44","30 Jul 2024, 02:49","","Squat (Barbell)",,"",0,"normal",50,8,,,
"Supplement","30 Jul 2024, 01:44","30 Jul 2024, 02:49","","Squat (Barbell)",,"",1,"normal",50,7,,,
"Supplement","30 Jul 2024, 01:44","30 Jul 2024, 02:49","","Squat (Barbell)",,"",2,"normal",50,7,,,
"Supplement","30 Jul 2024, 01:44","30 Jul 2024, 02:49","","Crunch (Machine)",,"",0,"normal",30,12,,,
"Supplement","30 Jul 2024, 01:44","30 Jul 2024, 02:49","","Crunch (Machine)",,"",1,"normal",30,12,,,
"Supplement","30 Jul 2024, 01:44","30 Jul 2024, 02:49","","Crunch (Machine)",,"",2,"normal",25,10,,,
"Supplement","30 Jul 2024, 01:44","30 Jul 2024, 02:49","","Leg Press (Machine)",,"",0,"normal",85,10,,,
"Supplement","30 Jul 2024, 01:44","30 Jul 2024, 02:49","","Leg Press (Machine)",,"",1,"normal",85,10,,,
"Supplement","30 Jul 2024, 01:44","30 Jul 2024, 02:49","","Leg Press (Machine)",,"",2,"normal",85,10,,,
"Supplement","30 Jul 2024, 01:44","30 Jul 2024, 02:49","","Shrug (Machine)",,"",0,"normal",100,15,,,
"Supplement","30 Jul 2024, 01:44","30 Jul 2024, 02:49","","Shrug (Machine)",,"",1,"normal",100,15,,,
"Supplement","30 Jul 2024, 01:44","30 Jul 2024, 02:49","","Shrug (Machine)",,"",2,"normal",100,15,,,
"Supplement","30 Jul 2024, 01:44","30 Jul 2024, 02:49","","Seated Leg Curl (Machine)",,"",0,"normal",61,12,,,
"Supplement","30 Jul 2024, 01:44","30 Jul 2024, 02:49","","Seated Leg Curl (Machine)",,"",1,"normal",61,12,,,
"Supplement","30 Jul 2024, 01:44","30 Jul 2024, 02:49","","Seated Leg Curl (Machine)",,"",2,"normal",61,12,,,
"Supplement","30 Jul 2024, 01:44","30 Jul 2024, 02:49","","Iso-Lateral Chest Press (Machine)",,"",0,"normal",48,12,,,
"Supplement","30 Jul 2024, 01:44","30 Jul 2024, 02:49","","Iso-Lateral Chest Press (Machine)",,"",1,"normal",48,10,,,
"Supplement","30 Jul 2024, 01:44","30 Jul 2024, 02:49","","Iso-Lateral Chest Press (Machine)",,"",2,"normal",48,9,,,
"Push at home","29 Jul 2024, 01:10","29 Jul 2024, 02:21","","Incline Bench Press (Dumbbell)",,"",0,"normal",40,12,,,
"Push at home","29 Jul 2024, 01:10","29 Jul 2024, 02:21","","Incline Bench Press (Dumbbell)",,"",1,"normal",40,11,,,
"Push at home","29 Jul 2024, 01:10","29 Jul 2024, 02:21","","Incline Bench Press (Dumbbell)",,"",2,"normal",40,11,,,
"Push at home","29 Jul 2024, 01:10","29 Jul 2024, 02:21","","Overhead Press (Dumbbell)",,"",0,"normal",36,9,,,
"Push at home","29 Jul 2024, 01:10","29 Jul 2024, 02:21","","Overhead Press (Dumbbell)",,"",1,"normal",36,8,,,
"Push at home","29 Jul 2024, 01:10","29 Jul 2024, 02:21","","Overhead Press (Dumbbell)",,"",2,"normal",30,6,,,
"Push at home","29 Jul 2024, 01:10","29 Jul 2024, 02:21","","Hex Press",,"",0,"normal",36,8,,,
"Push at home","29 Jul 2024, 01:10","29 Jul 2024, 02:21","","Hex Press",,"",1,"normal",36,8,,,
"Push at home","29 Jul 2024, 01:10","29 Jul 2024, 02:21","","Hex Press",,"",2,"normal",36,8,,,
"Push at home","29 Jul 2024, 01:10","29 Jul 2024, 02:21","","Chest Fly (Dumbbell)",,"",0,"normal",30,10,,,
"Push at home","29 Jul 2024, 01:10","29 Jul 2024, 02:21","","Chest Fly (Dumbbell)",,"",1,"normal",30,10,,,
"Push at home","29 Jul 2024, 01:10","29 Jul 2024, 02:21","","Chest Fly (Dumbbell)",,"",2,"normal",30,10,,,
"Push at home","29 Jul 2024, 01:10","29 Jul 2024, 02:21","","Cable Kickback",,"",0,"normal",16,15,,,
"Push at home","29 Jul 2024, 01:10","29 Jul 2024, 02:21","","Cable Kickback",,"",1,"normal",16,15,,,
"Push at home","29 Jul 2024, 01:10","29 Jul 2024, 02:21","","Cable Kickback",,"",2,"normal",16,15,,,
"Push at home","29 Jul 2024, 01:10","29 Jul 2024, 02:21","","Lateral Raise (Dumbbell)",,"",0,"normal",16,15,,,
"Push at home","29 Jul 2024, 01:10","29 Jul 2024, 02:21","","Lateral Raise (Dumbbell)",,"",1,"normal",16,15,,,
"Push at home","29 Jul 2024, 01:10","29 Jul 2024, 02:21","","Lateral Raise (Dumbbell)",,"",2,"normal",16,15,,,
"Pull","27 Jul 2024, 21:46","27 Jul 2024, 22:47","","Pull Up (Weighted)",,"",0,"normal",10,10,,,
"Pull","27 Jul 2024, 21:46","27 Jul 2024, 22:47","","Pull Up (Weighted)",,"",1,"normal",10,8,,,
"Pull","27 Jul 2024, 21:46","27 Jul 2024, 22:47","","Pull Up (Weighted)",,"",2,"normal",,12,,,
"Pull","27 Jul 2024, 21:46","27 Jul 2024, 22:47","","Lat Pulldown (Cable)",,"",0,"normal",57,12,,,
"Pull","27 Jul 2024, 21:46","27 Jul 2024, 22:47","","Lat Pulldown (Cable)",,"",1,"normal",57,12,,,
"Pull","27 Jul 2024, 21:46","27 Jul 2024, 22:47","","Lat Pulldown (Cable)",,"",2,"normal",57,12,,,
"Pull","27 Jul 2024, 21:46","27 Jul 2024, 22:47","","Preacher Curl (Machine)",,"",0,"normal",46,12,,,
"Pull","27 Jul 2024, 21:46","27 Jul 2024, 22:47","","Preacher Curl (Machine)",,"",1,"normal",46,10,,,
"Pull","27 Jul 2024, 21:46","27 Jul 2024, 22:47","","Preacher Curl (Machine)",,"",2,"normal",46,10,,,
"Pull","27 Jul 2024, 21:46","27 Jul 2024, 22:47","","Seated Row (Machine)",,"",0,"normal",54,12,,,
"Pull","27 Jul 2024, 21:46","27 Jul 2024, 22:47","","Seated Row (Machine)",,"",1,"normal",54,12,,,
"Pull","27 Jul 2024, 21:46","27 Jul 2024, 22:47","","Seated Row (Machine)",,"",2,"normal",54,12,,,
"Pull","27 Jul 2024, 21:46","27 Jul 2024, 22:47","","Iso-Lateral Row (Machine)",,"",0,"normal",75,12,,,
"Pull","27 Jul 2024, 21:46","27 Jul 2024, 22:47","","Iso-Lateral Row (Machine)",,"",1,"normal",75,12,,,
"Pull","27 Jul 2024, 21:46","27 Jul 2024, 22:47","","Iso-Lateral Row (Machine)",,"",2,"normal",75,12,,,
"Pull","27 Jul 2024, 21:46","27 Jul 2024, 22:47","","Hammer Curl (Dumbbell)",,"",0,"normal",24,12,,,
"Pull","27 Jul 2024, 21:46","27 Jul 2024, 22:47","","Hammer Curl (Dumbbell)",,"",1,"normal",24,12,,,
"Pull","27 Jul 2024, 21:46","27 Jul 2024, 22:47","","Hammer Curl (Dumbbell)",,"",2,"normal",24,10,,,
"Push at home","26 Jul 2024, 02:46","26 Jul 2024, 03:39","","Incline Bench Press (Dumbbell)",,"",0,"normal",40,12,,,
"Push at home","26 Jul 2024, 02:46","26 Jul 2024, 03:39","","Incline Bench Press (Dumbbell)",,"",1,"normal",40,12,,,
"Push at home","26 Jul 2024, 02:46","26 Jul 2024, 03:39","","Incline Bench Press (Dumbbell)",,"",2,"normal",40,10,,,
"Push at home","26 Jul 2024, 02:46","26 Jul 2024, 03:39","","Overhead Press (Dumbbell)",,"",0,"normal",30,11,,,
"Push at home","26 Jul 2024, 02:46","26 Jul 2024, 03:39","","Overhead Press (Dumbbell)",,"",1,"normal",30,11,,,
"Push at home","26 Jul 2024, 02:46","26 Jul 2024, 03:39","","Overhead Press (Dumbbell)",,"",2,"normal",30,11,,,
"Push at home","26 Jul 2024, 02:46","26 Jul 2024, 03:39","","Cable Kickback",,"",0,"normal",16,15,,,
"Push at home","26 Jul 2024, 02:46","26 Jul 2024, 03:39","","Cable Kickback",,"",1,"normal",16,15,,,
"Push at home","26 Jul 2024, 02:46","26 Jul 2024, 03:39","","Cable Kickback",,"",2,"normal",16,15,,,
"Push at home","26 Jul 2024, 02:46","26 Jul 2024, 03:39","","Chest Fly (Dumbbell)",,"",0,"normal",30,10,,,
"Push at home","26 Jul 2024, 02:46","26 Jul 2024, 03:39","","Chest Fly (Dumbbell)",,"",1,"normal",30,10,,,
"Push at home","26 Jul 2024, 02:46","26 Jul 2024, 03:39","","Chest Fly (Dumbbell)",,"",2,"normal",30,10,,,
"Push at home","26 Jul 2024, 02:46","26 Jul 2024, 03:39","","Lateral Raise (Dumbbell)",,"",0,"normal",16,15,,,
"Push at home","26 Jul 2024, 02:46","26 Jul 2024, 03:39","","Lateral Raise (Dumbbell)",,"",1,"normal",16,15,,,
"Pull","23 Jul 2024, 01:11","23 Jul 2024, 02:12","","Pull Up (Weighted)",,"",0,"normal",10,10,,,
"Pull","23 Jul 2024, 01:11","23 Jul 2024, 02:12","","Pull Up (Weighted)",,"",1,"normal",10,8,,,
"Pull","23 Jul 2024, 01:11","23 Jul 2024, 02:12","","Pull Up (Weighted)",,"",2,"normal",,11,,,
"Pull","23 Jul 2024, 01:11","23 Jul 2024, 02:12","","Seated Row (Machine)",,"",0,"normal",54,10,,,
"Pull","23 Jul 2024, 01:11","23 Jul 2024, 02:12","","Seated Row (Machine)",,"",1,"normal",54,10,,,
"Pull","23 Jul 2024, 01:11","23 Jul 2024, 02:12","","Seated Row (Machine)",,"",2,"normal",54,10,,,
"Pull","23 Jul 2024, 01:11","23 Jul 2024, 02:12","","Preacher Curl (Machine)",,"",0,"normal",46,12,,,
"Pull","23 Jul 2024, 01:11","23 Jul 2024, 02:12","","Preacher Curl (Machine)",,"",1,"normal",46,10,,,
"Pull","23 Jul 2024, 01:11","23 Jul 2024, 02:12","","Preacher Curl (Machine)",,"",2,"normal",46,10,,,
"Pull","23 Jul 2024, 01:11","23 Jul 2024, 02:12","","Lat Pulldown (Machine)",,"",0,"normal",75,12,,,
"Pull","23 Jul 2024, 01:11","23 Jul 2024, 02:12","","Lat Pulldown (Machine)",,"",1,"normal",82,8,,,
"Pull","23 Jul 2024, 01:11","23 Jul 2024, 02:12","","Lat Pulldown (Machine)",,"",2,"normal",75,12,,,
"Pull","23 Jul 2024, 01:11","23 Jul 2024, 02:12","","Iso-Lateral Row (Machine)",,"",0,"normal",75,12,,,
"Pull","23 Jul 2024, 01:11","23 Jul 2024, 02:12","","Iso-Lateral Row (Machine)",,"",1,"normal",75,12,,,
"Pull","23 Jul 2024, 01:11","23 Jul 2024, 02:12","","Iso-Lateral Row (Machine)",,"",2,"normal",75,12,,,
"Pull","23 Jul 2024, 01:11","23 Jul 2024, 02:12","","Hammer Curl (Dumbbell)",,"",0,"normal",24,12,,,
"Pull","23 Jul 2024, 01:11","23 Jul 2024, 02:12","","Hammer Curl (Dumbbell)",,"",1,"normal",24,10,,,
"Pull","23 Jul 2024, 01:11","23 Jul 2024, 02:12","","Hammer Curl (Dumbbell)",,"",2,"normal",24,12,,,
"Push at home","22 Jul 2024, 01:49","22 Jul 2024, 02:44","","Incline Bench Press (Dumbbell)",,"",0,"normal",40,12,,,
"Push at home","22 Jul 2024, 01:49","22 Jul 2024, 02:44","","Incline Bench Press (Dumbbell)",,"",1,"normal",40,11,,,
"Push at home","22 Jul 2024, 01:49","22 Jul 2024, 02:44","","Incline Bench Press (Dumbbell)",,"",2,"normal",40,10,,,
"Push at home","22 Jul 2024, 01:49","22 Jul 2024, 02:44","","Bench Press (Dumbbell)",,"",0,"normal",40,11,,,
"Push at home","22 Jul 2024, 01:49","22 Jul 2024, 02:44","","Bench Press (Dumbbell)",,"",1,"normal",40,11,,,
"Push at home","22 Jul 2024, 01:49","22 Jul 2024, 02:44","","Bench Press (Dumbbell)",,"",2,"normal",40,10,,,
"Push at home","22 Jul 2024, 01:49","22 Jul 2024, 02:44","","Overhead Press (Dumbbell)",,"",0,"normal",30,12,,,
"Push at home","22 Jul 2024, 01:49","22 Jul 2024, 02:44","","Overhead Press (Dumbbell)",,"",1,"normal",30,10,,,
"Push at home","22 Jul 2024, 01:49","22 Jul 2024, 02:44","","Overhead Press (Dumbbell)",,"",2,"normal",30,10,,,
"Push at home","22 Jul 2024, 01:49","22 Jul 2024, 02:44","","Chest Fly (Dumbbell)",,"",0,"normal",30,10,,,
"Push at home","22 Jul 2024, 01:49","22 Jul 2024, 02:44","","Chest Fly (Dumbbell)",,"",1,"normal",30,10,,,
"Push at home","22 Jul 2024, 01:49","22 Jul 2024, 02:44","","Chest Fly (Dumbbell)",,"",2,"normal",30,10,,,
"Push at home","22 Jul 2024, 01:49","22 Jul 2024, 02:44","","Lateral Raise (Dumbbell)",,"",0,"normal",16,13,,,
"Push at home","22 Jul 2024, 01:49","22 Jul 2024, 02:44","","Lateral Raise (Dumbbell)",,"",1,"normal",16,12,,,
"Push","20 Jul 2024, 21:37","20 Jul 2024, 22:45","","Bench Press (Barbell)",,"",0,"normal",50,10,,,
"Push","20 Jul 2024, 21:37","20 Jul 2024, 22:45","","Bench Press (Barbell)",,"",1,"normal",50,9,,,
"Push","20 Jul 2024, 21:37","20 Jul 2024, 22:45","","Bench Press (Barbell)",,"",2,"normal",50,7,,,
"Push","20 Jul 2024, 21:37","20 Jul 2024, 22:45","","Chest Dip",,"",0,"normal",,10,,,
"Push","20 Jul 2024, 21:37","20 Jul 2024, 22:45","","Chest Dip",,"",1,"normal",,10,,,
"Push","20 Jul 2024, 21:37","20 Jul 2024, 22:45","","Chest Dip",,"",2,"normal",,10,,,
"Push","20 Jul 2024, 21:37","20 Jul 2024, 22:45","","Seated Shoulder Press (Machine)",,"",0,"normal",25,12,,,
"Push","20 Jul 2024, 21:37","20 Jul 2024, 22:45","","Seated Shoulder Press (Machine)",,"",1,"normal",25,10,,,
"Push","20 Jul 2024, 21:37","20 Jul 2024, 22:45","","Seated Shoulder Press (Machine)",,"",2,"normal",25,9,,,
"Push","20 Jul 2024, 21:37","20 Jul 2024, 22:45","","Butterfly (Pec Deck)",,"",0,"normal",47,10,,,
"Push","20 Jul 2024, 21:37","20 Jul 2024, 22:45","","Butterfly (Pec Deck)",,"",1,"normal",47,9,,,
"Push","20 Jul 2024, 21:37","20 Jul 2024, 22:45","","Butterfly (Pec Deck)",,"",2,"normal",47,9,,,
"Push","20 Jul 2024, 21:37","20 Jul 2024, 22:45","","Triceps Extension (Machine)",,"",0,"normal",25,12,,,
"Push","20 Jul 2024, 21:37","20 Jul 2024, 22:45","","Triceps Extension (Machine)",,"",1,"normal",32,12,,,
"Push","20 Jul 2024, 21:37","20 Jul 2024, 22:45","","Lateral Raise (Machine)",,"",0,"normal",25,12,,,
"Push","20 Jul 2024, 21:37","20 Jul 2024, 22:45","","Leg Extension (Machine)",,"",0,"normal",73,12,,,
"Push","20 Jul 2024, 21:37","20 Jul 2024, 22:45","","Leg Extension (Machine)",,"",1,"normal",68,12,,,
"Pull","19 Jul 2024, 21:22","19 Jul 2024, 22:24","","Pull Up (Weighted)",,"",0,"normal",10,8,,,
"Pull","19 Jul 2024, 21:22","19 Jul 2024, 22:24","","Pull Up (Weighted)",,"",1,"normal",10,8,,,
"Pull","19 Jul 2024, 21:22","19 Jul 2024, 22:24","","Pull Up (Weighted)",,"",2,"normal",,12,,,
"Pull","19 Jul 2024, 21:22","19 Jul 2024, 22:24","","Seated Row (Machine)",,"",0,"normal",54,10,,,
"Pull","19 Jul 2024, 21:22","19 Jul 2024, 22:24","","Seated Row (Machine)",,"",1,"normal",54,10,,,
"Pull","19 Jul 2024, 21:22","19 Jul 2024, 22:24","","Seated Cable Row - V Grip (Cable)",,"",0,"normal",47,10,,,
"Pull","19 Jul 2024, 21:22","19 Jul 2024, 22:24","","Seated Cable Row - V Grip (Cable)",,"",1,"normal",47,10,,,
"Pull","19 Jul 2024, 21:22","19 Jul 2024, 22:24","","Preacher Curl (Machine)",,"",0,"normal",46,12,,,
"Pull","19 Jul 2024, 21:22","19 Jul 2024, 22:24","","Preacher Curl (Machine)",,"",1,"normal",46,9,,,
"Pull","19 Jul 2024, 21:22","19 Jul 2024, 22:24","","Preacher Curl (Machine)",,"",2,"normal",46,9,,,
"Pull","19 Jul 2024, 21:22","19 Jul 2024, 22:24","","Lat Pulldown (Cable)",,"",0,"normal",57,12,,,
"Pull","19 Jul 2024, 21:22","19 Jul 2024, 22:24","","Lat Pulldown (Cable)",,"",1,"normal",57,12,,,
"Pull","19 Jul 2024, 21:22","19 Jul 2024, 22:24","","Lat Pulldown (Cable)",,"",2,"normal",57,12,,,
"Pull","19 Jul 2024, 21:22","19 Jul 2024, 22:24","","Iso-Lateral Row (Machine)",,"",0,"normal",85,8,,,
"Pull","19 Jul 2024, 21:22","19 Jul 2024, 22:24","","Seated Leg Curl (Machine)",,"",0,"normal",59,12,,,
"Pull","19 Jul 2024, 21:22","19 Jul 2024, 22:24","","Seated Leg Curl (Machine)",,"",1,"normal",59,12,,,
"Pull","19 Jul 2024, 21:22","19 Jul 2024, 22:24","","Seated Leg Curl (Machine)",,"",2,"normal",59,12,,,
"Push","18 Jul 2024, 21:17","18 Jul 2024, 22:31","","Incline Bench Press (Barbell)",,"",0,"normal",50,6,,,
"Push","18 Jul 2024, 21:17","18 Jul 2024, 22:31","","Incline Bench Press (Barbell)",,"",1,"normal",40,12,,,
"Push","18 Jul 2024, 21:17","18 Jul 2024, 22:31","","Incline Bench Press (Barbell)",,"",2,"normal",40,12,,,
"Push","18 Jul 2024, 21:17","18 Jul 2024, 22:31","","Chest Press (Machine)",,"",0,"normal",42.5,10,,,
"Push","18 Jul 2024, 21:17","18 Jul 2024, 22:31","","Chest Press (Machine)",,"",1,"normal",42.5,10,,,
"Push","18 Jul 2024, 21:17","18 Jul 2024, 22:31","","Chest Press (Machine)",,"",2,"normal",42.5,9,,,
"Push","18 Jul 2024, 21:17","18 Jul 2024, 22:31","","Seated Shoulder Press (Machine)",,"",0,"normal",27.5,9,,,
"Push","18 Jul 2024, 21:17","18 Jul 2024, 22:31","","Seated Shoulder Press (Machine)",,"",1,"normal",25,8,,,
"Push","18 Jul 2024, 21:17","18 Jul 2024, 22:31","","Seated Shoulder Press (Machine)",,"",2,"normal",25,7,,,
"Push","18 Jul 2024, 21:17","18 Jul 2024, 22:31","","Triceps Extension (Cable)",,"",0,"normal",17.5,12,,,
"Push","18 Jul 2024, 21:17","18 Jul 2024, 22:31","","Triceps Extension (Cable)",,"",1,"normal",17.5,11,,,
"Push","18 Jul 2024, 21:17","18 Jul 2024, 22:31","","Triceps Pushdown",,"",0,"normal",21,10,,,
"Push","18 Jul 2024, 21:17","18 Jul 2024, 22:31","","Triceps Pushdown",,"",1,"normal",21,10,,,
"Push","18 Jul 2024, 21:17","18 Jul 2024, 22:31","","Lateral Raise (Cable)",,"",0,"normal",5,8,,,
"Push","18 Jul 2024, 21:17","18 Jul 2024, 22:31","","Lateral Raise (Cable)",,"",1,"normal",5,8,,,
"Push","18 Jul 2024, 21:17","18 Jul 2024, 22:31","","Leg Extension (Machine)",,"",0,"normal",68,12,,,
"Push","18 Jul 2024, 21:17","18 Jul 2024, 22:31","","Leg Extension (Machine)",,"",1,"normal",68,12,,,
"Push","18 Jul 2024, 21:17","18 Jul 2024, 22:31","","Leg Extension (Machine)",,"",2,"normal",68,12,,,
"Supplement","16 Jul 2024, 21:16","16 Jul 2024, 22:18","","Leg Press (Machine)",,"",0,"normal",75,12,,,
"Supplement","16 Jul 2024, 21:16","16 Jul 2024, 22:18","","Leg Press (Machine)",,"",1,"normal",85,10,,,
"Supplement","16 Jul 2024, 21:16","16 Jul 2024, 22:18","","Leg Press (Machine)",,"",2,"normal",85,10,,,
"Supplement","16 Jul 2024, 21:16","16 Jul 2024, 22:18","","Crunch (Machine)",,"",0,"normal",30,12,,,
"Supplement","16 Jul 2024, 21:16","16 Jul 2024, 22:18","","Crunch (Machine)",,"",1,"normal",30,12,,,
"Supplement","16 Jul 2024, 21:16","16 Jul 2024, 22:18","","Crunch (Machine)",,"",2,"normal",30,10,,,
"Supplement","16 Jul 2024, 21:16","16 Jul 2024, 22:18","","Shrug (Machine)",,"",0,"normal",100,15,,,
"Supplement","16 Jul 2024, 21:16","16 Jul 2024, 22:18","","Shrug (Machine)",,"",1,"normal",130,12,,,
"Supplement","16 Jul 2024, 21:16","16 Jul 2024, 22:18","","Shrug (Machine)",,"",2,"normal",130,12,,,
"Supplement","16 Jul 2024, 21:16","16 Jul 2024, 22:18","","Seated Leg Curl (Machine)",,"",0,"normal",56.5,12,,,
"Supplement","16 Jul 2024, 21:16","16 Jul 2024, 22:18","","Seated Leg Curl (Machine)",,"",1,"normal",56.5,12,,,
"Supplement","16 Jul 2024, 21:16","16 Jul 2024, 22:18","","Seated Leg Curl (Machine)",,"",2,"normal",56.5,12,,,
"Supplement","16 Jul 2024, 21:16","16 Jul 2024, 22:18","","Lateral Raise (Cable)",,"",0,"normal",5,8,,,
"Supplement","16 Jul 2024, 21:16","16 Jul 2024, 22:18","","Lateral Raise (Cable)",,"",1,"normal",5,8,,,
"Pull","15 Jul 2024, 22:50","15 Jul 2024, 23:58","","Pull Up (Weighted)",,"",0,"normal",10,8,,,
"Pull","15 Jul 2024, 22:50","15 Jul 2024, 23:58","","Pull Up (Weighted)",,"",1,"normal",10,8,,,
"Pull","15 Jul 2024, 22:50","15 Jul 2024, 23:58","","Pull Up (Weighted)",,"",2,"normal",,12,,,
"Pull","15 Jul 2024, 22:50","15 Jul 2024, 23:58","","Seated Row (Machine)",,"",0,"normal",54,10,,,
"Pull","15 Jul 2024, 22:50","15 Jul 2024, 23:58","","Seated Row (Machine)",,"",1,"normal",47,10,,,
"Pull","15 Jul 2024, 22:50","15 Jul 2024, 23:58","","Seated Row (Machine)",,"",2,"normal",54,10,,,
"Pull","15 Jul 2024, 22:50","15 Jul 2024, 23:58","","Seated Row (Machine)",,"",3,"normal",47,13,,,
"Pull","15 Jul 2024, 22:50","15 Jul 2024, 23:58","","Seated Cable Row - V Grip (Cable)",,"",0,"normal",47,10,,,
"Pull","15 Jul 2024, 22:50","15 Jul 2024, 23:58","","Seated Cable Row - V Grip (Cable)",,"",1,"normal",47,10,,,
"Pull","15 Jul 2024, 22:50","15 Jul 2024, 23:58","","Seated Cable Row - V Grip (Cable)",,"",2,"normal",47,12,,,
"Pull","15 Jul 2024, 22:50","15 Jul 2024, 23:58","","Lat Pulldown (Cable)",,"",0,"normal",57,12,,,
"Pull","15 Jul 2024, 22:50","15 Jul 2024, 23:58","","Lat Pulldown (Cable)",,"",1,"normal",57,12,,,
"Pull","15 Jul 2024, 22:50","15 Jul 2024, 23:58","","Lat Pulldown (Cable)",,"",2,"normal",57,12,,,
"Pull","15 Jul 2024, 22:50","15 Jul 2024, 23:58","","Preacher Curl (Machine)",,"",0,"normal",46,12,,,
"Pull","15 Jul 2024, 22:50","15 Jul 2024, 23:58","","Preacher Curl (Machine)",,"",1,"normal",46,9,,,
"Pull","15 Jul 2024, 22:50","15 Jul 2024, 23:58","","Preacher Curl (Machine)",,"",2,"normal",39,10,,,
"Pull","15 Jul 2024, 22:50","15 Jul 2024, 23:58","","Seated Leg Curl (Machine)",,"",0,"normal",54,12,,,
"Pull","15 Jul 2024, 22:50","15 Jul 2024, 23:58","","Seated Leg Curl (Machine)",,"",1,"normal",54,12,,,
"Pull","15 Jul 2024, 22:50","15 Jul 2024, 23:58","","Seated Leg Curl (Machine)",,"",2,"normal",54,10,,,
"Pull (at home)","15 Jul 2024, 03:33","15 Jul 2024, 04:32","","Bent Over Row (Barbell)",,"",0,"normal",38,15,,,
"Pull (at home)","15 Jul 2024, 03:33","15 Jul 2024, 04:32","","Bent Over Row (Barbell)",,"",1,"normal",38,15,,,
"Pull (at home)","15 Jul 2024, 03:33","15 Jul 2024, 04:32","","Bent Over Row (Barbell)",,"",2,"normal",38,15,,,
"Pull (at home)","15 Jul 2024, 03:33","15 Jul 2024, 04:32","","Dumbbell Row",,"",0,"normal",24,12,,,
"Pull (at home)","15 Jul 2024, 03:33","15 Jul 2024, 04:32","","Dumbbell Row",,"",1,"normal",24,12,,,
"Pull (at home)","15 Jul 2024, 03:33","15 Jul 2024, 04:32","","Dumbbell Row",,"",2,"normal",24,12,,,
"Pull (at home)","15 Jul 2024, 03:33","15 Jul 2024, 04:32","","Bicep Curl (Dumbbell)",,"",0,"normal",30,12,,,
"Pull (at home)","15 Jul 2024, 03:33","15 Jul 2024, 04:32","","Bicep Curl (Dumbbell)",,"",1,"normal",30,10,,,
"Pull (at home)","15 Jul 2024, 03:33","15 Jul 2024, 04:32","","Bicep Curl (Dumbbell)",,"",2,"normal",30,9,,,
"Pull (at home)","15 Jul 2024, 03:33","15 Jul 2024, 04:32","","Chest Supported Reverse Fly (Dumbbell)",,"",0,"normal",16,15,,,
"Pull (at home)","15 Jul 2024, 03:33","15 Jul 2024, 04:32","","Chest Supported Reverse Fly (Dumbbell)",,"",1,"normal",16,15,,,
"Pull (at home)","15 Jul 2024, 03:33","15 Jul 2024, 04:32","","Chest Supported Reverse Fly (Dumbbell)",,"",2,"normal",16,15,,,
"Pull (at home)","15 Jul 2024, 03:33","15 Jul 2024, 04:32","","Hammer Curl (Dumbbell)",,"",0,"normal",30,10,,,
"Pull (at home)","15 Jul 2024, 03:33","15 Jul 2024, 04:32","","Hammer Curl (Dumbbell)",,"",1,"normal",30,8,,,
"Push","13 Jul 2024, 23:30","14 Jul 2024, 00:49","","Incline Bench Press (Dumbbell)",,"",0,"normal",40,12,,,
"Push","13 Jul 2024, 23:30","14 Jul 2024, 00:49","","Incline Bench Press (Dumbbell)",,"",1,"normal",40,11,,,
"Push","13 Jul 2024, 23:30","14 Jul 2024, 00:49","","Incline Bench Press (Dumbbell)",,"",2,"normal",40,9,,,
"Push","13 Jul 2024, 23:30","14 Jul 2024, 00:49","","Butterfly (Pec Deck)",,"",0,"normal",47,11,,,
"Push","13 Jul 2024, 23:30","14 Jul 2024, 00:49","","Butterfly (Pec Deck)",,"",1,"normal",47,11,,,
"Push","13 Jul 2024, 23:30","14 Jul 2024, 00:49","","Butterfly (Pec Deck)",,"",2,"normal",47,9,,,
"Push","13 Jul 2024, 23:30","14 Jul 2024, 00:49","","Triceps Extension (Cable)",,"",0,"normal",17.5,13,,,
"Push","13 Jul 2024, 23:30","14 Jul 2024, 00:49","","Triceps Extension (Cable)",,"",1,"normal",17.5,8,,,
"Push","13 Jul 2024, 23:30","14 Jul 2024, 00:49","","Triceps Pushdown",,"",0,"normal",21,12,,,
"Push","13 Jul 2024, 23:30","14 Jul 2024, 00:49","","Triceps Pushdown",,"",1,"normal",21,10,,,
"Push","13 Jul 2024, 23:30","14 Jul 2024, 00:49","","Seated Shoulder Press (Machine)",,"",0,"normal",25,10,,,
"Push","13 Jul 2024, 23:30","14 Jul 2024, 00:49","","Seated Shoulder Press (Machine)",,"",1,"normal",25,10,,,
"Push","13 Jul 2024, 23:30","14 Jul 2024, 00:49","","Seated Shoulder Press (Machine)",,"",2,"normal",25,8,,,
"Push","13 Jul 2024, 23:30","14 Jul 2024, 00:49","","Chest Press (Machine)",,"",0,"normal",40,9,,,
"Push","13 Jul 2024, 23:30","14 Jul 2024, 00:49","","Chest Press (Machine)",,"",1,"normal",40,9,,,
"Push","13 Jul 2024, 23:30","14 Jul 2024, 00:49","","Lateral Raise (Dumbbell)",,"",0,"normal",20,12,,,
"Push","13 Jul 2024, 23:30","14 Jul 2024, 00:49","","Lateral Raise (Dumbbell)",,"",1,"normal",16,13,,,
"Push","13 Jul 2024, 23:30","14 Jul 2024, 00:49","","Lateral Raise (Dumbbell)",,"",2,"normal",16,12,,,
"Push","13 Jul 2024, 23:30","14 Jul 2024, 00:49","","Seated Leg Curl (Machine)",,"",0,"normal",61,12,,,
"Push","13 Jul 2024, 23:30","14 Jul 2024, 00:49","","Seated Leg Curl (Machine)",,"",1,"normal",61,12,,,
"Push","13 Jul 2024, 23:30","14 Jul 2024, 00:49","","Seated Leg Curl (Machine)",,"",2,"normal",68,10,,,
"Pull (at home)","13 Jul 2024, 02:22","13 Jul 2024, 03:26","","Bent Over Row (Barbell)",,"",0,"normal",40,15,,,
"Pull (at home)","13 Jul 2024, 02:22","13 Jul 2024, 03:26","","Bent Over Row (Barbell)",,"",1,"normal",40,15,,,
"Pull (at home)","13 Jul 2024, 02:22","13 Jul 2024, 03:26","","Bent Over Row (Barbell)",,"",2,"normal",40,15,,,
"Pull (at home)","13 Jul 2024, 02:22","13 Jul 2024, 03:26","","Dumbbell Row",,"",0,"normal",24,12,,,
"Pull (at home)","13 Jul 2024, 02:22","13 Jul 2024, 03:26","","Dumbbell Row",,"",1,"normal",24,12,,,
"Pull (at home)","13 Jul 2024, 02:22","13 Jul 2024, 03:26","","Dumbbell Row",,"",2,"normal",24,12,,,
"Pull (at home)","13 Jul 2024, 02:22","13 Jul 2024, 03:26","","Bicep Curl (Dumbbell)",,"",0,"normal",30,12,,,
"Pull (at home)","13 Jul 2024, 02:22","13 Jul 2024, 03:26","","Bicep Curl (Dumbbell)",,"",1,"normal",30,10,,,
"Pull (at home)","13 Jul 2024, 02:22","13 Jul 2024, 03:26","","Bicep Curl (Dumbbell)",,"",2,"normal",30,9,,,
"Pull (at home)","13 Jul 2024, 02:22","13 Jul 2024, 03:26","","Chest Supported Reverse Fly (Dumbbell)",,"",0,"normal",16,15,,,
"Pull (at home)","13 Jul 2024, 02:22","13 Jul 2024, 03:26","","Chest Supported Reverse Fly (Dumbbell)",,"",1,"normal",16,15,,,
"Pull (at home)","13 Jul 2024, 02:22","13 Jul 2024, 03:26","","Chest Supported Reverse Fly (Dumbbell)",,"",2,"normal",16,15,,,
"Pull (at home)","13 Jul 2024, 02:22","13 Jul 2024, 03:26","","Hammer Curl (Dumbbell)",,"",0,"normal",30,10,,,
"Pull (at home)","13 Jul 2024, 02:22","13 Jul 2024, 03:26","","Hammer Curl (Dumbbell)",,"",1,"normal",30,7,,,
"Pull (at home)","13 Jul 2024, 02:22","13 Jul 2024, 03:26","","Hammer Curl (Dumbbell)",,"",2,"normal",30,7,,,
"Push","11 Jul 2024, 21:32","11 Jul 2024, 22:37","","Incline Bench Press (Barbell)",,"",0,"normal",40,12,,,
"Push","11 Jul 2024, 21:32","11 Jul 2024, 22:37","","Incline Bench Press (Barbell)",,"",1,"normal",40,10,,,
"Push","11 Jul 2024, 21:32","11 Jul 2024, 22:37","","Incline Bench Press (Barbell)",,"",2,"normal",40,9,,,
"Push","11 Jul 2024, 21:32","11 Jul 2024, 22:37","","Seated Shoulder Press (Machine)",,"",0,"normal",32,8,,,
"Push","11 Jul 2024, 21:32","11 Jul 2024, 22:37","","Seated Shoulder Press (Machine)",,"",1,"normal",25,9,,,
"Push","11 Jul 2024, 21:32","11 Jul 2024, 22:37","","Seated Shoulder Press (Machine)",,"",2,"normal",25,8,,,
"Push","11 Jul 2024, 21:32","11 Jul 2024, 22:37","","Chest Press (Machine)",,"",0,"normal",47,8,,,
"Push","11 Jul 2024, 21:32","11 Jul 2024, 22:37","","Chest Press (Machine)",,"",1,"normal",40,9,,,
"Push","11 Jul 2024, 21:32","11 Jul 2024, 22:37","","Chest Press (Machine)",,"",2,"normal",40,8,,,
"Push","11 Jul 2024, 21:32","11 Jul 2024, 22:37","","Bench Press - Close Grip (Barbell)",,"",0,"normal",39,7,,,
"Push","11 Jul 2024, 21:32","11 Jul 2024, 22:37","","Bench Press - Close Grip (Barbell)",,"",1,"normal",39,8,,,
"Push","11 Jul 2024, 21:32","11 Jul 2024, 22:37","","Bench Press - Close Grip (Barbell)",,"",2,"normal",39,6,,,
"Push","11 Jul 2024, 21:32","11 Jul 2024, 22:37","","Lateral Raise (Dumbbell)",,"",0,"normal",16,15,,,
"Push","11 Jul 2024, 21:32","11 Jul 2024, 22:37","","Lateral Raise (Dumbbell)",,"",1,"normal",20,12,,,
"Push","11 Jul 2024, 21:32","11 Jul 2024, 22:37","","Lateral Raise (Dumbbell)",,"",2,"normal",20,10,,,
"Push","11 Jul 2024, 21:32","11 Jul 2024, 22:37","","Lying Leg Curl (Machine)",,"",0,"normal",46,10,,,
"Push","11 Jul 2024, 21:32","11 Jul 2024, 22:37","","Lying Leg Curl (Machine)",,"",1,"normal",46,10,,,
"Push at home","7 Jul 2024, 02:34","7 Jul 2024, 03:47","","Incline Bench Press (Dumbbell)",,"",0,"normal",40,11,,,
"Push at home","7 Jul 2024, 02:34","7 Jul 2024, 03:47","","Incline Bench Press (Dumbbell)",,"",1,"normal",40,10,,,
"Push at home","7 Jul 2024, 02:34","7 Jul 2024, 03:47","","Incline Bench Press (Dumbbell)",,"",2,"normal",40,10,,,
"Push at home","7 Jul 2024, 02:34","7 Jul 2024, 03:47","","Bench Press (Dumbbell)",,"",0,"normal",40,10,,,
"Push at home","7 Jul 2024, 02:34","7 Jul 2024, 03:47","","Bench Press (Dumbbell)",,"",1,"normal",40,9,,,
"Push at home","7 Jul 2024, 02:34","7 Jul 2024, 03:47","","Bench Press (Dumbbell)",,"",2,"normal",40,10,,,
"Push at home","7 Jul 2024, 02:34","7 Jul 2024, 03:47","","Overhead Press (Dumbbell)",,"",0,"normal",30,12,,,
"Push at home","7 Jul 2024, 02:34","7 Jul 2024, 03:47","","Overhead Press (Dumbbell)",,"",1,"normal",30,11,,,
"Push at home","7 Jul 2024, 02:34","7 Jul 2024, 03:47","","Overhead Press (Dumbbell)",,"",2,"normal",30,10,,,
"Push at home","7 Jul 2024, 02:34","7 Jul 2024, 03:47","","Hex Press",,"",0,"normal",30,12,,,
"Push at home","7 Jul 2024, 02:34","7 Jul 2024, 03:47","","Hex Press",,"",1,"normal",30,12,,,
"Push at home","7 Jul 2024, 02:34","7 Jul 2024, 03:47","","Hex Press",,"",2,"normal",30,11,,,
"Push at home","7 Jul 2024, 02:34","7 Jul 2024, 03:47","","Chest Fly (Dumbbell)",,"",0,"normal",30,10,,,
"Push at home","7 Jul 2024, 02:34","7 Jul 2024, 03:47","","Chest Fly (Dumbbell)",,"",1,"normal",30,10,,,
"Push at home","7 Jul 2024, 02:34","7 Jul 2024, 03:47","","Chest Fly (Dumbbell)",,"",2,"normal",30,10,,,
"Push at home","7 Jul 2024, 02:34","7 Jul 2024, 03:47","","Lateral Raise (Dumbbell)",,"",0,"normal",16,13,,,
"Push at home","7 Jul 2024, 02:34","7 Jul 2024, 03:47","","Lateral Raise (Dumbbell)",,"",1,"normal",16,12,,,
"Pull (at home)","6 Jul 2024, 03:18","6 Jul 2024, 04:18","","Bent Over Row (Dumbbell)",,"",0,"normal",40,15,,,
"Pull (at home)","6 Jul 2024, 03:18","6 Jul 2024, 04:18","","Bent Over Row (Dumbbell)",,"",1,"normal",40,15,,,
"Pull (at home)","6 Jul 2024, 03:18","6 Jul 2024, 04:18","","Bent Over Row (Dumbbell)",,"",2,"normal",40,15,,,
"Pull (at home)","6 Jul 2024, 03:18","6 Jul 2024, 04:18","","Dumbbell Row",,"",0,"normal",23,12,,,
"Pull (at home)","6 Jul 2024, 03:18","6 Jul 2024, 04:18","","Dumbbell Row",,"",1,"normal",23,12,,,
"Pull (at home)","6 Jul 2024, 03:18","6 Jul 2024, 04:18","","Dumbbell Row",,"",2,"normal",23,12,,,
"Pull (at home)","6 Jul 2024, 03:18","6 Jul 2024, 04:18","","Bicep Curl (Dumbbell)",,"",0,"normal",30,10,,,
"Pull (at home)","6 Jul 2024, 03:18","6 Jul 2024, 04:18","","Bicep Curl (Dumbbell)",,"",1,"normal",30,8,,,
"Pull (at home)","6 Jul 2024, 03:18","6 Jul 2024, 04:18","","Bicep Curl (Dumbbell)",,"",2,"normal",30,8,,,
"Pull (at home)","6 Jul 2024, 03:18","6 Jul 2024, 04:18","","Chest Supported Reverse Fly (Dumbbell)",,"",0,"normal",16,20,,,
"Pull (at home)","6 Jul 2024, 03:18","6 Jul 2024, 04:18","","Chest Supported Reverse Fly (Dumbbell)",,"",1,"normal",16,15,,,
"Pull (at home)","6 Jul 2024, 03:18","6 Jul 2024, 04:18","","Chest Supported Reverse Fly (Dumbbell)",,"",2,"normal",16,15,,,
"Pull (at home)","6 Jul 2024, 03:18","6 Jul 2024, 04:18","","Hammer Curl (Dumbbell)",,"",0,"normal",30,10,,,
"Pull (at home)","6 Jul 2024, 03:18","6 Jul 2024, 04:18","","Hammer Curl (Dumbbell)",,"",1,"normal",30,8,,,
"Pull (at home)","6 Jul 2024, 03:18","6 Jul 2024, 04:18","","Hammer Curl (Dumbbell)",,"",2,"normal",30,7,,,
"Supplement","5 Jul 2024, 01:36","5 Jul 2024, 02:56","","Leg Press (Machine)",,"",0,"normal",75,12,,,
"Supplement","5 Jul 2024, 01:36","5 Jul 2024, 02:56","","Leg Press (Machine)",,"",1,"normal",85,10,,,
"Supplement","5 Jul 2024, 01:36","5 Jul 2024, 02:56","","Leg Press (Machine)",,"",2,"normal",75,12,,,
"Supplement","5 Jul 2024, 01:36","5 Jul 2024, 02:56","","Forearm curl",,"",0,"normal",17.5,20,,,
"Supplement","5 Jul 2024, 01:36","5 Jul 2024, 02:56","","Forearm curl",,"",1,"normal",17.5,15,,,
"Supplement","5 Jul 2024, 01:36","5 Jul 2024, 02:56","","Crunch (Machine)",,"",0,"normal",30,12,,,
"Supplement","5 Jul 2024, 01:36","5 Jul 2024, 02:56","","Crunch (Machine)",,"",1,"normal",30,12,,,
"Supplement","5 Jul 2024, 01:36","5 Jul 2024, 02:56","","Crunch (Machine)",,"",2,"normal",25,12,,,
"Supplement","5 Jul 2024, 01:36","5 Jul 2024, 02:56","","Shrug (Machine)",,"",0,"normal",100,15,,,
"Supplement","5 Jul 2024, 01:36","5 Jul 2024, 02:56","","Shrug (Machine)",,"",1,"normal",100,15,,,
"Supplement","5 Jul 2024, 01:36","5 Jul 2024, 02:56","","Shrug (Machine)",,"",2,"normal",100,15,,,
"Supplement","5 Jul 2024, 01:36","5 Jul 2024, 02:56","","Butterfly (Pec Deck)",,"",0,"normal",47,10,,,
"Supplement","5 Jul 2024, 01:36","5 Jul 2024, 02:56","","Butterfly (Pec Deck)",,"",1,"normal",47,11,,,
"Supplement","5 Jul 2024, 01:36","5 Jul 2024, 02:56","","Butterfly (Pec Deck)",,"",2,"normal",47,9,,,
"Supplement","5 Jul 2024, 01:36","5 Jul 2024, 02:56","","Seated Leg Curl (Machine)",,"",0,"normal",54,12,,,
"Supplement","5 Jul 2024, 01:36","5 Jul 2024, 02:56","","Seated Leg Curl (Machine)",,"",1,"normal",54,12,,,
"Supplement","5 Jul 2024, 01:36","5 Jul 2024, 02:56","","Seated Leg Curl (Machine)",,"",2,"normal",54,12,,,
"Supplement","5 Jul 2024, 01:36","5 Jul 2024, 02:56","","Bench Press - Close Grip (Barbell)",,"",0,"normal",39,7,,,
"Supplement","5 Jul 2024, 01:36","5 Jul 2024, 02:56","","Bench Press - Close Grip (Barbell)",,"",1,"normal",39,7,,,
"Supplement","5 Jul 2024, 01:36","5 Jul 2024, 02:56","","Bench Press - Close Grip (Barbell)",,"",2,"normal",39,8,,,
"Push at home","4 Jul 2024, 03:18","4 Jul 2024, 04:28","","Incline Bench Press (Dumbbell)",,"",0,"normal",40,11,,,
"Push at home","4 Jul 2024, 03:18","4 Jul 2024, 04:28","","Incline Bench Press (Dumbbell)",,"",1,"normal",40,8,,,
"Push at home","4 Jul 2024, 03:18","4 Jul 2024, 04:28","","Incline Bench Press (Dumbbell)",,"",2,"normal",40,9,,,
"Push at home","4 Jul 2024, 03:18","4 Jul 2024, 04:28","","Bench Press (Dumbbell)",,"",0,"normal",40,10,,,
"Push at home","4 Jul 2024, 03:18","4 Jul 2024, 04:28","","Bench Press (Dumbbell)",,"",1,"normal",40,10,,,
"Push at home","4 Jul 2024, 03:18","4 Jul 2024, 04:28","","Bench Press (Dumbbell)",,"",2,"normal",40,10,,,
"Push at home","4 Jul 2024, 03:18","4 Jul 2024, 04:28","","Overhead Press (Dumbbell)",,"",0,"normal",30,12,,,
"Push at home","4 Jul 2024, 03:18","4 Jul 2024, 04:28","","Overhead Press (Dumbbell)",,"",1,"normal",30,10,,,
"Push at home","4 Jul 2024, 03:18","4 Jul 2024, 04:28","","Overhead Press (Dumbbell)",,"",2,"normal",30,9,,,
"Push at home","4 Jul 2024, 03:18","4 Jul 2024, 04:28","","Cable Kickback",,"",0,"normal",20,12,,,
"Push at home","4 Jul 2024, 03:18","4 Jul 2024, 04:28","","Cable Kickback",,"",1,"normal",20,15,,,
"Push at home","4 Jul 2024, 03:18","4 Jul 2024, 04:28","","Cable Kickback",,"",2,"normal",20,15,,,
"Push at home","4 Jul 2024, 03:18","4 Jul 2024, 04:28","","Chest Fly (Dumbbell)",,"",0,"normal",30,10,,,
"Push at home","4 Jul 2024, 03:18","4 Jul 2024, 04:28","","Chest Fly (Dumbbell)",,"",1,"normal",30,10,,,
"Push at home","4 Jul 2024, 03:18","4 Jul 2024, 04:28","","Chest Fly (Dumbbell)",,"",2,"normal",30,10,,,
"Push at home","4 Jul 2024, 03:18","4 Jul 2024, 04:28","","Lateral Raise (Dumbbell)",,"",0,"normal",16,13,,,
"Push at home","4 Jul 2024, 03:18","4 Jul 2024, 04:28","","Lateral Raise (Dumbbell)",,"",1,"normal",16,12,,,
"Push at home","4 Jul 2024, 03:18","4 Jul 2024, 04:28","","Lateral Raise (Dumbbell)",,"",2,"normal",16,12,,,
"Pull","3 Jul 2024, 01:41","3 Jul 2024, 02:47","","Pull Up",,"",0,"normal",,15,,,
"Pull","3 Jul 2024, 01:41","3 Jul 2024, 02:47","","Pull Up",,"",1,"normal",,12,,,
"Pull","3 Jul 2024, 01:41","3 Jul 2024, 02:47","","Pull Up",,"",2,"normal",,10,,,
"Pull","3 Jul 2024, 01:41","3 Jul 2024, 02:47","","Seated Row (Machine)",,"",0,"normal",54,10,,,
"Pull","3 Jul 2024, 01:41","3 Jul 2024, 02:47","","Seated Row (Machine)",,"",1,"normal",47,10,,,
"Pull","3 Jul 2024, 01:41","3 Jul 2024, 02:47","","Seated Row (Machine)",,"",2,"normal",54,10,,,
"Pull","3 Jul 2024, 01:41","3 Jul 2024, 02:47","","Seated Row (Machine)",,"",3,"normal",47,10,,,
"Pull","3 Jul 2024, 01:41","3 Jul 2024, 02:47","","Preacher Curl (Machine)",,"",0,"normal",46,12,,,
"Pull","3 Jul 2024, 01:41","3 Jul 2024, 02:47","","Preacher Curl (Machine)",,"",1,"normal",46,9,,,
"Pull","3 Jul 2024, 01:41","3 Jul 2024, 02:47","","Preacher Curl (Machine)",,"",2,"normal",39,12,,,
"Pull","3 Jul 2024, 01:41","3 Jul 2024, 02:47","","Hammer Curl (Dumbbell)",,"",0,"normal",24,12,,,
"Pull","3 Jul 2024, 01:41","3 Jul 2024, 02:47","","Hammer Curl (Dumbbell)",,"",1,"normal",24,8,,,
"Pull","3 Jul 2024, 01:41","3 Jul 2024, 02:47","","Hammer Curl (Dumbbell)",,"",2,"normal",24,8,,,
"Pull","3 Jul 2024, 01:41","3 Jul 2024, 02:47","","Lat Pulldown (Machine)",,"",0,"normal",75,12,,,
"Pull","3 Jul 2024, 01:41","3 Jul 2024, 02:47","","Lat Pulldown (Machine)",,"",1,"normal",75,10,,,
"Pull","3 Jul 2024, 01:41","3 Jul 2024, 02:47","","Lat Pulldown (Machine)",,"",2,"normal",68,12,,,
"Pull","3 Jul 2024, 01:41","3 Jul 2024, 02:47","","Leg Extension (Machine)",,"",0,"normal",61,12,,,
"Pull","3 Jul 2024, 01:41","3 Jul 2024, 02:47","","Leg Extension (Machine)",,"",1,"normal",61,12,,,
"Pull","3 Jul 2024, 01:41","3 Jul 2024, 02:47","","Leg Extension (Machine)",,"",2,"normal",61,12,,,
"Push at home","30 Jun 2024, 21:44","30 Jun 2024, 22:41","","Incline Bench Press (Dumbbell)",,"",0,"normal",40,8,,,
"Push at home","30 Jun 2024, 21:44","30 Jun 2024, 22:41","","Incline Bench Press (Dumbbell)",,"",1,"normal",40,9,,,
"Push at home","30 Jun 2024, 21:44","30 Jun 2024, 22:41","","Incline Bench Press (Dumbbell)",,"",2,"normal",40,9,,,
"Push at home","30 Jun 2024, 21:44","30 Jun 2024, 22:41","","Bench Press (Dumbbell)",,"",0,"normal",40,11,,,
"Push at home","30 Jun 2024, 21:44","30 Jun 2024, 22:41","","Bench Press (Dumbbell)",,"",1,"normal",40,10,,,
"Push at home","30 Jun 2024, 21:44","30 Jun 2024, 22:41","","Bench Press (Dumbbell)",,"",2,"normal",40,11,,,
"Push at home","30 Jun 2024, 21:44","30 Jun 2024, 22:41","","Overhead Press (Dumbbell)",,"",0,"normal",30,12,,,
"Push at home","30 Jun 2024, 21:44","30 Jun 2024, 22:41","","Overhead Press (Dumbbell)",,"",1,"normal",30,12,,,
"Push at home","30 Jun 2024, 21:44","30 Jun 2024, 22:41","","Overhead Press (Dumbbell)",,"",2,"normal",30,8,,,
"Push at home","30 Jun 2024, 21:44","30 Jun 2024, 22:41","","Cable Kickback",,"",0,"normal",16,20,,,
"Push at home","30 Jun 2024, 21:44","30 Jun 2024, 22:41","","Cable Kickback",,"",1,"normal",20,12,,,
"Push at home","30 Jun 2024, 21:44","30 Jun 2024, 22:41","","Cable Kickback",,"",2,"normal",20,12,,,
"Push at home","30 Jun 2024, 21:44","30 Jun 2024, 22:41","","Lateral Raise (Dumbbell)",,"",0,"normal",20,12,,,
"Push at home","30 Jun 2024, 21:44","30 Jun 2024, 22:41","","Lateral Raise (Dumbbell)",,"",1,"normal",16,12,,,
"Push at home","30 Jun 2024, 21:44","30 Jun 2024, 22:41","","Lateral Raise (Dumbbell)",,"",2,"normal",16,12,,,
"Push at home","24 Jun 2024, 01:14","24 Jun 2024, 02:18","","Incline Bench Press (Dumbbell)",,"",0,"normal",40,10,,,
"Push at home","24 Jun 2024, 01:14","24 Jun 2024, 02:18","","Incline Bench Press (Dumbbell)",,"",1,"normal",40,10,,,
"Push at home","24 Jun 2024, 01:14","24 Jun 2024, 02:18","","Incline Bench Press (Dumbbell)",,"",2,"normal",40,9,,,
"Push at home","24 Jun 2024, 01:14","24 Jun 2024, 02:18","","Overhead Press (Dumbbell)",,"",0,"normal",30,12,,,
"Push at home","24 Jun 2024, 01:14","24 Jun 2024, 02:18","","Overhead Press (Dumbbell)",,"",1,"normal",30,10,,,
"Push at home","24 Jun 2024, 01:14","24 Jun 2024, 02:18","","Overhead Press (Dumbbell)",,"",2,"normal",30,10,,,
"Push at home","24 Jun 2024, 01:14","24 Jun 2024, 02:18","","Chest Fly (Dumbbell)",,"",0,"normal",30,10,,,
"Push at home","24 Jun 2024, 01:14","24 Jun 2024, 02:18","","Chest Fly (Dumbbell)",,"",1,"normal",30,8,,,
"Push at home","24 Jun 2024, 01:14","24 Jun 2024, 02:18","","Chest Fly (Dumbbell)",,"",2,"normal",30,8,,,
"Push at home","24 Jun 2024, 01:14","24 Jun 2024, 02:18","","Bench Press (Dumbbell)",,"Tired cuz the chest flies burned 馃敟 馃槳 ",0,"normal",40,10,,,
"Push at home","24 Jun 2024, 01:14","24 Jun 2024, 02:18","","Bench Press (Dumbbell)",,"Tired cuz the chest flies burned 馃敟 馃槳 ",1,"normal",40,9,,,
"Push at home","24 Jun 2024, 01:14","24 Jun 2024, 02:18","","Bench Press (Dumbbell)",,"Tired cuz the chest flies burned 馃敟 馃槳 ",2,"normal",40,8,,,
"Push at home","24 Jun 2024, 01:14","24 Jun 2024, 02:18","","Lateral Raise (Dumbbell)",,"",0,"normal",16,12,,,
"Push at home","24 Jun 2024, 01:14","24 Jun 2024, 02:18","","Lateral Raise (Dumbbell)",,"",1,"normal",16,12,,,
"Push at home","24 Jun 2024, 01:14","24 Jun 2024, 02:18","","Lateral Raise (Dumbbell)",,"",2,"normal",16,12,,,
"Pull","22 Jun 2024, 21:03","22 Jun 2024, 22:08","","Pull Up (Weighted)",,"",0,"normal",10,8,,,
"Pull","22 Jun 2024, 21:03","22 Jun 2024, 22:08","","Pull Up (Weighted)",,"",1,"normal",10,8,,,
"Pull","22 Jun 2024, 21:03","22 Jun 2024, 22:08","","Pull Up (Weighted)",,"",2,"normal",10,7,,,
"Pull","22 Jun 2024, 21:03","22 Jun 2024, 22:08","","Seated Row (Machine)",,"",0,"normal",54,10,,,
"Pull","22 Jun 2024, 21:03","22 Jun 2024, 22:08","","Seated Row (Machine)",,"",1,"normal",46,10,,,
"Pull","22 Jun 2024, 21:03","22 Jun 2024, 22:08","","Seated Row (Machine)",,"",2,"normal",54,10,,,
"Pull","22 Jun 2024, 21:03","22 Jun 2024, 22:08","","Seated Row (Machine)",,"",3,"normal",46,10,,,
"Pull","22 Jun 2024, 21:03","22 Jun 2024, 22:08","","Hammer Curl (Dumbbell)",,"",0,"normal",24,12,,,
"Pull","22 Jun 2024, 21:03","22 Jun 2024, 22:08","","Hammer Curl (Dumbbell)",,"",1,"normal",24,12,,,
"Pull","22 Jun 2024, 21:03","22 Jun 2024, 22:08","","Hammer Curl (Dumbbell)",,"",2,"normal",24,10,,,
"Pull","22 Jun 2024, 21:03","22 Jun 2024, 22:08","","Lat Pulldown (Machine)",,"",0,"normal",75,12,,,
"Pull","22 Jun 2024, 21:03","22 Jun 2024, 22:08","","Lat Pulldown (Machine)",,"",1,"normal",75,10,,,
"Pull","22 Jun 2024, 21:03","22 Jun 2024, 22:08","","Lat Pulldown (Machine)",,"",2,"normal",68,12,,,
"Pull","22 Jun 2024, 21:03","22 Jun 2024, 22:08","","Preacher Curl (Machine)",,"",0,"normal",46,10,,,
"Pull","22 Jun 2024, 21:03","22 Jun 2024, 22:08","","Preacher Curl (Machine)",,"",1,"normal",39,10,,,
"Pull","22 Jun 2024, 21:03","22 Jun 2024, 22:08","","Leg Extension (Machine)",,"",0,"normal",54,12,,,
"Pull","22 Jun 2024, 21:03","22 Jun 2024, 22:08","","Leg Extension (Machine)",,"",1,"normal",54,12,,,
"Pull","22 Jun 2024, 21:03","22 Jun 2024, 22:08","","Leg Extension (Machine)",,"",2,"normal",54,12,,,
"Supplement","19 Jun 2024, 01:38","19 Jun 2024, 02:39","","Leg Press (Machine)",,"",0,"normal",75,12,,,
"Supplement","19 Jun 2024, 01:38","19 Jun 2024, 02:39","","Leg Press (Machine)",,"",1,"normal",75,12,,,
"Supplement","19 Jun 2024, 01:38","19 Jun 2024, 02:39","","Leg Press (Machine)",,"",2,"normal",75,10,,,
"Supplement","19 Jun 2024, 01:38","19 Jun 2024, 02:39","","Crunch (Machine)",,"",0,"normal",30,12,,,
"Supplement","19 Jun 2024, 01:38","19 Jun 2024, 02:39","","Crunch (Machine)",,"",1,"normal",30,10,,,
"Supplement","19 Jun 2024, 01:38","19 Jun 2024, 02:39","","Crunch (Machine)",,"",2,"normal",25,12,,,
"Supplement","19 Jun 2024, 01:38","19 Jun 2024, 02:39","","Shrug (Machine)",,"",0,"normal",100,15,,,
"Supplement","19 Jun 2024, 01:38","19 Jun 2024, 02:39","","Shrug (Machine)",,"",1,"normal",100,15,,,
"Supplement","19 Jun 2024, 01:38","19 Jun 2024, 02:39","","Shrug (Machine)",,"",2,"normal",100,15,,,
"Supplement","19 Jun 2024, 01:38","19 Jun 2024, 02:39","","Bicep Curl (Cable)",,"",0,"normal",24,10,,,
"Supplement","19 Jun 2024, 01:38","19 Jun 2024, 02:39","","Bicep Curl (Cable)",,"",1,"normal",24,10,,,
"Supplement","19 Jun 2024, 01:38","19 Jun 2024, 02:39","","Bicep Curl (Cable)",,"",2,"normal",24,10,,,
"Supplement","19 Jun 2024, 01:38","19 Jun 2024, 02:39","","Seated Leg Curl (Machine)",,"",0,"normal",47,12,,,
"Supplement","19 Jun 2024, 01:38","19 Jun 2024, 02:39","","Seated Leg Curl (Machine)",,"",1,"normal",47,12,,,
"Supplement","19 Jun 2024, 01:38","19 Jun 2024, 02:39","","Seated Leg Curl (Machine)",,"",2,"normal",47,12,,,
"Push at home","17 Jun 2024, 01:41","17 Jun 2024, 02:45","","Incline Bench Press (Dumbbell)",,"",0,"normal",40,10,,,
"Push at home","17 Jun 2024, 01:41","17 Jun 2024, 02:45","","Incline Bench Press (Dumbbell)",,"",1,"normal",40,7,,,
"Push at home","17 Jun 2024, 01:41","17 Jun 2024, 02:45","","Incline Bench Press (Dumbbell)",,"",2,"normal",40,8,,,
"Push at home","17 Jun 2024, 01:41","17 Jun 2024, 02:45","","Overhead Press (Dumbbell)",,"",0,"normal",30,12,,,
"Push at home","17 Jun 2024, 01:41","17 Jun 2024, 02:45","","Overhead Press (Dumbbell)",,"",1,"normal",30,10,,,
"Push at home","17 Jun 2024, 01:41","17 Jun 2024, 02:45","","Overhead Press (Dumbbell)",,"",2,"normal",30,8,,,
"Push at home","17 Jun 2024, 01:41","17 Jun 2024, 02:45","","Chest Fly (Dumbbell)",,"",0,"normal",30,10,,,
"Push at home","17 Jun 2024, 01:41","17 Jun 2024, 02:45","","Chest Fly (Dumbbell)",,"",1,"normal",30,8,,,
"Push at home","17 Jun 2024, 01:41","17 Jun 2024, 02:45","","Chest Fly (Dumbbell)",,"",2,"normal",30,8,,,
"Push at home","17 Jun 2024, 01:41","17 Jun 2024, 02:45","","Hex Press",,"",0,"normal",30,8,,,
"Push at home","17 Jun 2024, 01:41","17 Jun 2024, 02:45","","Hex Press",,"",1,"normal",30,9,,,
"Push at home","17 Jun 2024, 01:41","17 Jun 2024, 02:45","","Hex Press",,"",2,"normal",30,8,,,
"Push at home","17 Jun 2024, 01:41","17 Jun 2024, 02:45","","Lateral Raise (Dumbbell)",,"",0,"normal",16,15,,,
"Push at home","17 Jun 2024, 01:41","17 Jun 2024, 02:45","","Lateral Raise (Dumbbell)",,"",1,"normal",16,12,,,
"Push at home","17 Jun 2024, 01:41","17 Jun 2024, 02:45","","Lateral Raise (Dumbbell)",,"",2,"normal",16,13,,,
"Pull (at home)","16 Jun 2024, 01:59","16 Jun 2024, 03:16","","Pull Up (Weighted)",,"",0,"normal",10,10,,,
"Pull (at home)","16 Jun 2024, 01:59","16 Jun 2024, 03:16","","Pull Up (Weighted)",,"",1,"normal",10,8,,,
"Pull (at home)","16 Jun 2024, 01:59","16 Jun 2024, 03:16","","Pull Up (Weighted)",,"",2,"normal",10,8,,,
"Pull (at home)","16 Jun 2024, 01:59","16 Jun 2024, 03:16","","Bent Over Row (Barbell)",,"",0,"normal",40,12,,,
"Pull (at home)","16 Jun 2024, 01:59","16 Jun 2024, 03:16","","Bent Over Row (Barbell)",,"",1,"normal",40,12,,,
"Pull (at home)","16 Jun 2024, 01:59","16 Jun 2024, 03:16","","Bent Over Row (Barbell)",,"",2,"normal",40,12,,,
"Pull (at home)","16 Jun 2024, 01:59","16 Jun 2024, 03:16","","Bicep Curl (Dumbbell)",,"",0,"normal",30,10,,,
"Pull (at home)","16 Jun 2024, 01:59","16 Jun 2024, 03:16","","Bicep Curl (Dumbbell)",,"",1,"normal",30,7,,,
"Pull (at home)","16 Jun 2024, 01:59","16 Jun 2024, 03:16","","Bicep Curl (Dumbbell)",,"",2,"normal",30,7,,,
"Pull (at home)","16 Jun 2024, 01:59","16 Jun 2024, 03:16","","Dumbbell Row",,"",0,"normal",20,15,,,
"Pull (at home)","16 Jun 2024, 01:59","16 Jun 2024, 03:16","","Dumbbell Row",,"",1,"normal",20,12,,,
"Pull (at home)","16 Jun 2024, 01:59","16 Jun 2024, 03:16","","Dumbbell Row",,"",2,"normal",20,12,,,
"Pull (at home)","16 Jun 2024, 01:59","16 Jun 2024, 03:16","","Forearm curl",,"",0,"normal",16,12,,,
"Pull (at home)","16 Jun 2024, 01:59","16 Jun 2024, 03:16","","Forearm curl",,"",1,"normal",16,15,,,
"Pull (at home)","16 Jun 2024, 01:59","16 Jun 2024, 03:16","","Forearm curl",,"",2,"normal",16,20,,,
"Pull (at home)","16 Jun 2024, 01:59","16 Jun 2024, 03:16","","Chest Supported Reverse Fly (Dumbbell)",,"",0,"normal",12,12,,,
"Pull (at home)","16 Jun 2024, 01:59","16 Jun 2024, 03:16","","Chest Supported Reverse Fly (Dumbbell)",,"",1,"normal",21,12,,,
"Evening Workout","7 Jun 2024, 20:29","7 Jun 2024, 20:39","","Chest Press (Machine)",,"",0,"normal",45.36,10,,,
"Evening Workout","7 Jun 2024, 20:29","7 Jun 2024, 20:39","","Chest Press (Machine)",,"",1,"normal",45.36,10,,,
"Evening Workout","7 Jun 2024, 20:29","7 Jun 2024, 20:39","","Lat Pulldown (Cable)",,"",0,"normal",54.43,10,,,
"Evening Workout","7 Jun 2024, 20:29","7 Jun 2024, 20:39","","Lat Pulldown (Cable)",,"",1,"normal",54.43,8,,,
"Pull","28 May 2024, 01:36","28 May 2024, 02:37","","Pull Up",,"",0,"normal",,13,,,
"Pull","28 May 2024, 01:36","28 May 2024, 02:37","","Pull Up",,"",1,"normal",,13,,,
"Pull","28 May 2024, 01:36","28 May 2024, 02:37","","Pull Up",,"",2,"normal",,12,,,
"Pull","28 May 2024, 01:36","28 May 2024, 02:37","","Seated Row (Machine)",,"",0,"normal",54,10,,,
"Pull","28 May 2024, 01:36","28 May 2024, 02:37","","Seated Row (Machine)",,"",1,"normal",47,10,,,
"Pull","28 May 2024, 01:36","28 May 2024, 02:37","","Seated Row (Machine)",,"",2,"normal",54,10,,,
"Pull","28 May 2024, 01:36","28 May 2024, 02:37","","Seated Row (Machine)",,"",3,"normal",47,10,,,
"Pull","28 May 2024, 01:36","28 May 2024, 02:37","","Preacher Curl (Machine)",,"",0,"normal",46,10,,,
"Pull","28 May 2024, 01:36","28 May 2024, 02:37","","Preacher Curl (Machine)",,"",1,"normal",46,10,,,
"Pull","28 May 2024, 01:36","28 May 2024, 02:37","","Preacher Curl (Machine)",,"",2,"normal",46,10,,,
"Pull","28 May 2024, 01:36","28 May 2024, 02:37","","Lat Pulldown (Machine)",,"",0,"normal",75,10,,,
"Pull","28 May 2024, 01:36","28 May 2024, 02:37","","Lat Pulldown (Machine)",,"",1,"normal",75,10,,,
"Pull","28 May 2024, 01:36","28 May 2024, 02:37","","Lat Pulldown (Machine)",,"",2,"normal",68,12,,,
"Pull","28 May 2024, 01:36","28 May 2024, 02:37","","Hammer Curl (Dumbbell)",,"",0,"normal",24,12,,,
"Pull","28 May 2024, 01:36","28 May 2024, 02:37","","Hammer Curl (Dumbbell)",,"",1,"normal",24,12,,,
"Pull","28 May 2024, 01:36","28 May 2024, 02:37","","Hammer Curl (Dumbbell)",,"",2,"normal",24,12,,,
"Pull","28 May 2024, 01:36","28 May 2024, 02:37","","Leg Extension (Machine)",,"",0,"normal",45,15,,,
"Pull","28 May 2024, 01:36","28 May 2024, 02:37","","Leg Extension (Machine)",,"",1,"normal",45,12,,,
"Pull","28 May 2024, 01:36","28 May 2024, 02:37","","Leg Extension (Machine)",,"",2,"normal",45,12,,,
"Push at home","26 May 2024, 21:16","26 May 2024, 22:13","","Incline Bench Press (Dumbbell)",,"3rd set interrupted",0,"normal",40,12,,,
"Push at home","26 May 2024, 21:16","26 May 2024, 22:13","","Incline Bench Press (Dumbbell)",,"3rd set interrupted",1,"normal",40,8,,,
"Push at home","26 May 2024, 21:16","26 May 2024, 22:13","","Incline Bench Press (Dumbbell)",,"3rd set interrupted",2,"normal",40,5,,,
"Push at home","26 May 2024, 21:16","26 May 2024, 22:13","","Overhead Press (Dumbbell)",,"",0,"normal",30,12,,,
"Push at home","26 May 2024, 21:16","26 May 2024, 22:13","","Overhead Press (Dumbbell)",,"",1,"normal",30,12,,,
"Push at home","26 May 2024, 21:16","26 May 2024, 22:13","","Overhead Press (Dumbbell)",,"",2,"normal",30,12,,,
"Push at home","26 May 2024, 21:16","26 May 2024, 22:13","","Cable Kickback",,"",0,"normal",20,15,,,
"Push at home","26 May 2024, 21:16","26 May 2024, 22:13","","Cable Kickback",,"",1,"normal",20,15,,,
"Push at home","26 May 2024, 21:16","26 May 2024, 22:13","","Cable Kickback",,"",2,"normal",20,13,,,
"Push at home","26 May 2024, 21:16","26 May 2024, 22:13","","Chest Fly (Dumbbell)",,"",0,"normal",30,10,,,
"Push at home","26 May 2024, 21:16","26 May 2024, 22:13","","Chest Fly (Dumbbell)",,"",1,"normal",30,10,,,
"Push at home","26 May 2024, 21:16","26 May 2024, 22:13","","Chest Fly (Dumbbell)",,"",2,"normal",30,10,,,
"Push at home","26 May 2024, 21:16","26 May 2024, 22:13","","Lateral Raise (Dumbbell)",,"",0,"normal",16,15,,,
"Push at home","26 May 2024, 21:16","26 May 2024, 22:13","","Lateral Raise (Dumbbell)",,"",1,"normal",16,13,,,
"Push at home","26 May 2024, 21:16","26 May 2024, 22:13","","Lateral Raise (Dumbbell)",,"",2,"normal",16,12,,,
"Supplement","25 May 2024, 20:33","25 May 2024, 21:33","","Leg Press (Machine)",,"",0,"normal",75,12,,,
"Supplement","25 May 2024, 20:33","25 May 2024, 21:33","","Leg Press (Machine)",,"",1,"normal",85,12,,,
"Supplement","25 May 2024, 20:33","25 May 2024, 21:33","","Leg Press (Machine)",,"",2,"normal",85,12,,,
"Supplement","25 May 2024, 20:33","25 May 2024, 21:33","","Hanging Knee Raise",,"",0,"normal",,12,,,
"Supplement","25 May 2024, 20:33","25 May 2024, 21:33","","Hanging Knee Raise",,"",1,"normal",,12,,,
"Supplement","25 May 2024, 20:33","25 May 2024, 21:33","","Hanging Knee Raise",,"",2,"normal",,12,,,
"Supplement","25 May 2024, 20:33","25 May 2024, 21:33","","Bicep Curl (Cable)",,"",0,"normal",21.25,10,,,
"Supplement","25 May 2024, 20:33","25 May 2024, 21:33","","Bicep Curl (Cable)",,"",1,"normal",21.25,10,,,
"Supplement","25 May 2024, 20:33","25 May 2024, 21:33","","Bicep Curl (Cable)",,"",2,"normal",18.75,10,,,
"Supplement","25 May 2024, 20:33","25 May 2024, 21:33","","Shrug (Machine)",,"",0,"normal",90,15,,,
"Supplement","25 May 2024, 20:33","25 May 2024, 21:33","","Shrug (Machine)",,"",1,"normal",90,15,,,
"Supplement","25 May 2024, 20:33","25 May 2024, 21:33","","Shrug (Machine)",,"",2,"normal",90,15,,,
"Supplement","25 May 2024, 20:33","25 May 2024, 21:33","","Crunch (Machine)",,"",0,"normal",25,12,,,
"Supplement","25 May 2024, 20:33","25 May 2024, 21:33","","Crunch (Machine)",,"",1,"normal",25,10,,,
"Supplement","25 May 2024, 20:33","25 May 2024, 21:33","","Crunch (Machine)",,"",2,"normal",20,12,,,
"Supplement","25 May 2024, 20:33","25 May 2024, 21:33","","Seated Shoulder Press (Machine)",,"Realised I was leaving the bench too high, no wonder I could barely hit 25 for 10 reps",0,"normal",25,12,,,
"Supplement","25 May 2024, 20:33","25 May 2024, 21:33","","Seated Shoulder Press (Machine)",,"Realised I was leaving the bench too high, no wonder I could barely hit 25 for 10 reps",1,"normal",25,10,,,
"Supplement","25 May 2024, 20:33","25 May 2024, 21:33","","Seated Shoulder Press (Machine)",,"Realised I was leaving the bench too high, no wonder I could barely hit 25 for 10 reps",2,"normal",25,8,,,
"Pull","24 May 2024, 00:12","24 May 2024, 01:11","","Pull Up",,"",0,"normal",,13,,,
"Pull","24 May 2024, 00:12","24 May 2024, 01:11","","Pull Up",,"",1,"normal",,12,,,
"Pull","24 May 2024, 00:12","24 May 2024, 01:11","","Pull Up",,"",2,"normal",,12,,,
"Pull","24 May 2024, 00:12","24 May 2024, 01:11","","Seated Row (Machine)",,"",0,"normal",54,10,,,
"Pull","24 May 2024, 00:12","24 May 2024, 01:11","","Seated Row (Machine)",,"",1,"normal",47,10,,,
"Pull","24 May 2024, 00:12","24 May 2024, 01:11","","Seated Row (Machine)",,"",2,"normal",54,10,,,
"Pull","24 May 2024, 00:12","24 May 2024, 01:11","","Seated Row (Machine)",,"",3,"normal",47,10,,,
"Pull","24 May 2024, 00:12","24 May 2024, 01:11","","Preacher Curl (Machine)",,"",0,"normal",46,10,,,
"Pull","24 May 2024, 00:12","24 May 2024, 01:11","","Preacher Curl (Machine)",,"",1,"normal",46,10,,,
"Pull","24 May 2024, 00:12","24 May 2024, 01:11","","Preacher Curl (Machine)",,"",2,"normal",41.5,10,,,
"Pull","24 May 2024, 00:12","24 May 2024, 01:11","","Lat Pulldown (Machine)",,"",0,"normal",75,10,,,
"Pull","24 May 2024, 00:12","24 May 2024, 01:11","","Lat Pulldown (Machine)",,"",1,"normal",75,10,,,
"Pull","24 May 2024, 00:12","24 May 2024, 01:11","","Lat Pulldown (Machine)",,"",2,"normal",68,12,,,
"Pull","24 May 2024, 00:12","24 May 2024, 01:11","","Hammer Curl (Dumbbell)",,"",0,"normal",24,12,,,
"Pull","24 May 2024, 00:12","24 May 2024, 01:11","","Hammer Curl (Dumbbell)",,"",1,"normal",24,10,,,
"Pull","24 May 2024, 00:12","24 May 2024, 01:11","","Hammer Curl (Dumbbell)",,"",2,"normal",24,8,,,
"Pull","24 May 2024, 00:12","24 May 2024, 01:11","","Leg Extension (Machine)",,"",0,"normal",40,12,,,
"Pull","24 May 2024, 00:12","24 May 2024, 01:11","","Leg Extension (Machine)",,"",1,"normal",40,12,,,
"Pull","24 May 2024, 00:12","24 May 2024, 01:11","","Leg Extension (Machine)",,"",2,"normal",40,12,,,
"Push","22 May 2024, 01:45","22 May 2024, 02:45","","Incline Bench Press (Smith Machine)",,"",0,"normal",39,8,,,
"Push","22 May 2024, 01:45","22 May 2024, 02:45","","Incline Bench Press (Smith Machine)",,"",1,"normal",39,6,,,
"Push","22 May 2024, 01:45","22 May 2024, 02:45","","Incline Bench Press (Smith Machine)",,"",2,"normal",39,6,,,
"Push","22 May 2024, 01:45","22 May 2024, 02:45","","Seated Shoulder Press (Machine)",,"",0,"normal",25,9,,,
"Push","22 May 2024, 01:45","22 May 2024, 02:45","","Seated Shoulder Press (Machine)",,"",1,"normal",20,10,,,
"Push","22 May 2024, 01:45","22 May 2024, 02:45","","Seated Shoulder Press (Machine)",,"",2,"normal",20,7,,,
"Push","22 May 2024, 01:45","22 May 2024, 02:45","","Triceps Extension (Cable)",,"",0,"normal",15,10,,,
"Push","22 May 2024, 01:45","22 May 2024, 02:45","","Triceps Extension (Cable)",,"",1,"normal",15,10,,,
"Push","22 May 2024, 01:45","22 May 2024, 02:45","","Triceps Extension (Cable)",,"",2,"normal",15,10,,,
"Push","22 May 2024, 01:45","22 May 2024, 02:45","","Triceps Pushdown",,"",0,"normal",17.5,12,,,
"Push","22 May 2024, 01:45","22 May 2024, 02:45","","Triceps Pushdown",,"",1,"normal",17.5,10,,,
"Push","22 May 2024, 01:45","22 May 2024, 02:45","","Triceps Pushdown",,"",2,"normal",17.5,10,,,
"Push","22 May 2024, 01:45","22 May 2024, 02:45","","Lateral Raise (Dumbbell)",,"",0,"normal",16,17,,,
"Push","22 May 2024, 01:45","22 May 2024, 02:45","","Lateral Raise (Dumbbell)",,"",1,"normal",20,10,,,
"Push","22 May 2024, 01:45","22 May 2024, 02:45","","Lateral Raise (Dumbbell)",,"",2,"normal",20,8,,,
"Push","22 May 2024, 01:45","22 May 2024, 02:45","","Lying Leg Curl (Machine)",,"",0,"normal",39,12,,,
"Push","22 May 2024, 01:45","22 May 2024, 02:45","","Lying Leg Curl (Machine)",,"",1,"normal",39,10,,,
"Push","22 May 2024, 01:45","22 May 2024, 02:45","","Lying Leg Curl (Machine)",,"",2,"normal",39,8,,,
"Push","22 May 2024, 01:45","22 May 2024, 02:45","","Chest Press (Machine)",,"",0,"normal",42.5,10,,,
"Push","22 May 2024, 01:45","22 May 2024, 02:45","","Chest Press (Machine)",,"",1,"normal",42.5,7,,,
"Push","22 May 2024, 01:45","22 May 2024, 02:45","","Chest Press (Machine)",,"",2,"normal",42.5,7,,,
"Pull","14 May 2024, 00:00","14 May 2024, 01:03","","Pull Up",,"",0,"normal",,13,,,
"Pull","14 May 2024, 00:00","14 May 2024, 01:03","","Pull Up",,"",1,"normal",,12,,,
"Pull","14 May 2024, 00:00","14 May 2024, 01:03","","Pull Up",,"",2,"normal",,12,,,
"Pull","14 May 2024, 00:00","14 May 2024, 01:03","","Face Pull",,"",0,"normal",24.5,15,,,
"Pull","14 May 2024, 00:00","14 May 2024, 01:03","","Face Pull",,"",1,"normal",24.5,15,,,
"Pull","14 May 2024, 00:00","14 May 2024, 01:03","","Face Pull",,"",2,"normal",24.5,15,,,
"Pull","14 May 2024, 00:00","14 May 2024, 01:03","","Seated Row (Machine)",,"",0,"normal",59,10,,,
"Pull","14 May 2024, 00:00","14 May 2024, 01:03","","Seated Row (Machine)",,"",1,"normal",59,10,,,
"Pull","14 May 2024, 00:00","14 May 2024, 01:03","","Seated Row (Machine)",,"",2,"normal",59,10,,,
"Pull","14 May 2024, 00:00","14 May 2024, 01:03","","Preacher Curl (Machine)",,"",0,"normal",46,10,,,
"Pull","14 May 2024, 00:00","14 May 2024, 01:03","","Preacher Curl (Machine)",,"",1,"normal",46,10,,,
"Pull","14 May 2024, 00:00","14 May 2024, 01:03","","Preacher Curl (Machine)",,"",2,"normal",41.5,10,,,
"Pull","14 May 2024, 00:00","14 May 2024, 01:03","","Lat Pulldown (Machine)",,"",0,"normal",75,11,,,
"Pull","14 May 2024, 00:00","14 May 2024, 01:03","","Lat Pulldown (Machine)",,"",1,"normal",75,10,,,
"Pull","14 May 2024, 00:00","14 May 2024, 01:03","","Lat Pulldown (Machine)",,"",2,"normal",68,12,,,
"Pull","14 May 2024, 00:00","14 May 2024, 01:03","","Hammer Curl (Dumbbell)",,"",0,"normal",24,12,,,
"Pull","14 May 2024, 00:00","14 May 2024, 01:03","","Hammer Curl (Dumbbell)",,"",1,"normal",24,12,,,
"Pull","14 May 2024, 00:00","14 May 2024, 01:03","","Hammer Curl (Dumbbell)",,"",2,"normal",24,12,,,
"Pull","14 May 2024, 00:00","14 May 2024, 01:03","","Shrug (Machine)",,"",0,"normal",60,20,,,
"Pull","14 May 2024, 00:00","14 May 2024, 01:03","","Shrug (Machine)",,"",1,"normal",60,20,,,
"Push","13 May 2024, 03:18","13 May 2024, 04:12","","Incline Bench Press (Dumbbell)",,"",0,"normal",40,11,,,
"Push","13 May 2024, 03:18","13 May 2024, 04:12","","Incline Bench Press (Dumbbell)",,"",1,"normal",40,9,,,
"Push","13 May 2024, 03:18","13 May 2024, 04:12","","Incline Bench Press (Dumbbell)",,"",2,"normal",40,9,,,
"Push","13 May 2024, 03:18","13 May 2024, 04:12","","Overhead Press (Dumbbell)",,"",0,"normal",30,10,,,
"Push","13 May 2024, 03:18","13 May 2024, 04:12","","Overhead Press (Dumbbell)",,"",1,"normal",30,9,,,
"Push","13 May 2024, 03:18","13 May 2024, 04:12","","Overhead Press (Dumbbell)",,"",2,"normal",30,9,,,
"Push","13 May 2024, 03:18","13 May 2024, 04:12","","Cable Kickback",,"",0,"normal",20,15,,,
"Push","13 May 2024, 03:18","13 May 2024, 04:12","","Cable Kickback",,"",1,"normal",20,15,,,
"Push","13 May 2024, 03:18","13 May 2024, 04:12","","Cable Kickback",,"",2,"normal",20,15,,,
"Push","13 May 2024, 03:18","13 May 2024, 04:12","","Chest Fly (Dumbbell)",,"",0,"normal",30,10,,,
"Push","13 May 2024, 03:18","13 May 2024, 04:12","","Chest Fly (Dumbbell)",,"",1,"normal",30,10,,,
"Push","13 May 2024, 03:18","13 May 2024, 04:12","","Chest Fly (Dumbbell)",,"",2,"normal",30,10,,,
"Push","13 May 2024, 03:18","13 May 2024, 04:12","","Lateral Raise (Dumbbell)",,"",0,"normal",16,15,,,
"Push","13 May 2024, 03:18","13 May 2024, 04:12","","Lateral Raise (Dumbbell)",,"",1,"normal",16,12,,,
"Push","13 May 2024, 03:18","13 May 2024, 04:12","","Lateral Raise (Dumbbell)",,"",2,"normal",16,12,,,
"Pull","11 May 2024, 20:57","11 May 2024, 21:58","","Pull Up",,"",0,"normal",,13,,,
"Pull","11 May 2024, 20:57","11 May 2024, 21:58","","Pull Up",,"",1,"normal",,12,,,
"Pull","11 May 2024, 20:57","11 May 2024, 21:58","","Pull Up",,"",2,"normal",,12,,,
"Pull","11 May 2024, 20:57","11 May 2024, 21:58","","Seated Row (Machine)",,"",0,"normal",54,10,,,
"Pull","11 May 2024, 20:57","11 May 2024, 21:58","","Seated Row (Machine)",,"",1,"normal",54,10,,,
"Pull","11 May 2024, 20:57","11 May 2024, 21:58","","Seated Row (Machine)",,"",2,"normal",54,10,,,
"Pull","11 May 2024, 20:57","11 May 2024, 21:58","","Preacher Curl (Machine)",,"",0,"normal",46,10,,,
"Pull","11 May 2024, 20:57","11 May 2024, 21:58","","Preacher Curl (Machine)",,"",1,"normal",46,9,,,
"Pull","11 May 2024, 20:57","11 May 2024, 21:58","","Preacher Curl (Machine)",,"",2,"normal",41.5,10,,,
"Pull","11 May 2024, 20:57","11 May 2024, 21:58","","Lat Pulldown (Machine)",,"",0,"normal",75,10,,,
"Pull","11 May 2024, 20:57","11 May 2024, 21:58","","Lat Pulldown (Machine)",,"",1,"normal",75,10,,,
"Pull","11 May 2024, 20:57","11 May 2024, 21:58","","Lat Pulldown (Machine)",,"",2,"normal",68,12,,,
"Pull","11 May 2024, 20:57","11 May 2024, 21:58","","Hammer Curl (Dumbbell)",,"",0,"normal",24,8,,,
"Pull","11 May 2024, 20:57","11 May 2024, 21:58","","Hammer Curl (Dumbbell)",,"",1,"normal",20,10,,,
"Pull","11 May 2024, 20:57","11 May 2024, 21:58","","Hammer Curl (Dumbbell)",,"",2,"normal",20,10,,,
"Pull","11 May 2024, 20:57","11 May 2024, 21:58","","Face Pull",,"",0,"normal",24.5,15,,,
"Pull","11 May 2024, 20:57","11 May 2024, 21:58","","Face Pull",,"",1,"normal",24.5,15,,,
"Pull","11 May 2024, 20:57","11 May 2024, 21:58","","Shrug (Machine)",,"",0,"normal",50,20,,,
"Pull","11 May 2024, 20:57","11 May 2024, 21:58","","Shrug (Machine)",,"",1,"normal",60,15,,,
"Push","10 May 2024, 03:07","10 May 2024, 03:57","","Incline Bench Press (Dumbbell)",,"",0,"normal",40,11,,,
"Push","10 May 2024, 03:07","10 May 2024, 03:57","","Incline Bench Press (Dumbbell)",,"",1,"normal",40,10,,,
"Push","10 May 2024, 03:07","10 May 2024, 03:57","","Incline Bench Press (Dumbbell)",,"",2,"normal",40,10,,,
"Push","10 May 2024, 03:07","10 May 2024, 03:57","","Overhead Press (Dumbbell)",,"",0,"normal",30,12,,,
"Push","10 May 2024, 03:07","10 May 2024, 03:57","","Overhead Press (Dumbbell)",,"",1,"normal",30,9,,,
"Push","10 May 2024, 03:07","10 May 2024, 03:57","","Overhead Press (Dumbbell)",,"",2,"normal",30,9,,,
"Push","10 May 2024, 03:07","10 May 2024, 03:57","","Cable Kickback",,"",0,"normal",20,15,,,
"Push","10 May 2024, 03:07","10 May 2024, 03:57","","Cable Kickback",,"",1,"normal",20,15,,,
"Push","10 May 2024, 03:07","10 May 2024, 03:57","","Cable Kickback",,"",2,"normal",20,12,,,
"Push","10 May 2024, 03:07","10 May 2024, 03:57","","Chest Fly (Dumbbell)",,"",0,"normal",30,10,,,
"Push","10 May 2024, 03:07","10 May 2024, 03:57","","Chest Fly (Dumbbell)",,"",1,"normal",30,10,,,
"Push","10 May 2024, 03:07","10 May 2024, 03:57","","Chest Fly (Dumbbell)",,"",2,"normal",30,10,,,
"Push","10 May 2024, 03:07","10 May 2024, 03:57","","Lateral Raise (Dumbbell)",,"",0,"normal",16,15,,,
"Push","10 May 2024, 03:07","10 May 2024, 03:57","","Lateral Raise (Dumbbell)",,"",1,"normal",16,12,,,
"Pull","8 May 2024, 00:10","8 May 2024, 01:08","","Pull Up",,"",0,"normal",,13,,,
"Pull","8 May 2024, 00:10","8 May 2024, 01:08","","Pull Up",,"",1,"normal",,12,,,
"Pull","8 May 2024, 00:10","8 May 2024, 01:08","","Pull Up",,"",2,"normal",,10,,,
"Pull","8 May 2024, 00:10","8 May 2024, 01:08","","Seated Row (Machine)",,"",0,"normal",54,8,,,
"Pull","8 May 2024, 00:10","8 May 2024, 01:08","","Seated Row (Machine)",,"",1,"normal",54,10,,,
"Pull","8 May 2024, 00:10","8 May 2024, 01:08","","Seated Row (Machine)",,"",2,"normal",54,10,,,
"Pull","8 May 2024, 00:10","8 May 2024, 01:08","","Preacher Curl (Machine)",,"",0,"normal",46,10,,,
"Pull","8 May 2024, 00:10","8 May 2024, 01:08","","Preacher Curl (Machine)",,"",1,"normal",46,8,,,
"Pull","8 May 2024, 00:10","8 May 2024, 01:08","","Preacher Curl (Machine)",,"",2,"normal",41.5,10,,,
"Pull","8 May 2024, 00:10","8 May 2024, 01:08","","Lat Pulldown (Machine)",,"",0,"normal",75,10,,,
"Pull","8 May 2024, 00:10","8 May 2024, 01:08","","Lat Pulldown (Machine)",,"",1,"normal",75,10,,,
"Pull","8 May 2024, 00:10","8 May 2024, 01:08","","Lat Pulldown (Machine)",,"",2,"normal",68,12,,,
"Pull","8 May 2024, 00:10","8 May 2024, 01:08","","Hammer Curl (Dumbbell)",,"",0,"normal",24,12,,,
"Pull","8 May 2024, 00:10","8 May 2024, 01:08","","Hammer Curl (Dumbbell)",,"",1,"normal",24,12,,,
"Pull","8 May 2024, 00:10","8 May 2024, 01:08","","Hammer Curl (Dumbbell)",,"",2,"normal",24,12,,,
"Pull","8 May 2024, 00:10","8 May 2024, 01:08","","Seated Cable Row - V Grip (Cable)",,"",0,"normal",40,13,,,
"Pull","8 May 2024, 00:10","8 May 2024, 01:08","","Seated Cable Row - V Grip (Cable)",,"",1,"normal",40,12,,,
"Pull","8 May 2024, 00:10","8 May 2024, 01:08","","Seated Cable Row - V Grip (Cable)",,"",2,"normal",47,10,,,
"push (at home)","6 May 2024, 03:19","6 May 2024, 04:19","","Incline Bench Press (Dumbbell)",,"",0,"normal",40,12,,,
"push (at home)","6 May 2024, 03:19","6 May 2024, 04:19","","Incline Bench Press (Dumbbell)",,"",1,"normal",40,10,,,
"push (at home)","6 May 2024, 03:19","6 May 2024, 04:19","","Incline Bench Press (Dumbbell)",,"",2,"normal",40,8,,,
"push (at home)","6 May 2024, 03:19","6 May 2024, 04:19","","Overhead Press (Dumbbell)",,"",0,"normal",34,8,,,
"push (at home)","6 May 2024, 03:19","6 May 2024, 04:19","","Overhead Press (Dumbbell)",,"",1,"normal",30,12,,,
"push (at home)","6 May 2024, 03:19","6 May 2024, 04:19","","Overhead Press (Dumbbell)",,"",2,"normal",30,9,,,
"push (at home)","6 May 2024, 03:19","6 May 2024, 04:19","","Chest Fly (Dumbbell)",,"",0,"normal",26,10,,,
"push (at home)","6 May 2024, 03:19","6 May 2024, 04:19","","Chest Fly (Dumbbell)",,"",1,"normal",26,10,,,
"push (at home)","6 May 2024, 03:19","6 May 2024, 04:19","","Chest Fly (Dumbbell)",,"",2,"normal",26,10,,,
"push (at home)","6 May 2024, 03:19","6 May 2024, 04:19","","Lateral Raise (Dumbbell)",,"",0,"normal",16,15,,,
"push (at home)","6 May 2024, 03:19","6 May 2024, 04:19","","Lateral Raise (Dumbbell)",,"",1,"normal",16,15,,,
"push (at home)","6 May 2024, 03:19","6 May 2024, 04:19","","Lateral Raise (Dumbbell)",,"",2,"normal",16,16,,,
"push (at home)","6 May 2024, 03:19","6 May 2024, 04:19","","Cable Kickback",,"",0,"normal",20,12,,,
"push (at home)","6 May 2024, 03:19","6 May 2024, 04:19","","Cable Kickback",,"",1,"normal",20,12,,,
"push (at home)","6 May 2024, 03:19","6 May 2024, 04:19","","Cable Kickback",,"",2,"normal",20,12,,,
"Push","4 May 2024, 21:10","4 May 2024, 22:12","","Incline Bench Press (Dumbbell)",,"",0,"normal",40,9,,,
"Push","4 May 2024, 21:10","4 May 2024, 22:12","","Incline Bench Press (Dumbbell)",,"",1,"normal",40,9,,,
"Push","4 May 2024, 21:10","4 May 2024, 22:12","","Incline Bench Press (Dumbbell)",,"",2,"normal",40,7,,,
"Push","4 May 2024, 21:10","4 May 2024, 22:12","","Chest Dip",,"",0,"normal",,10,,,
"Push","4 May 2024, 21:10","4 May 2024, 22:12","","Chest Dip",,"",1,"normal",,10,,,
"Push","4 May 2024, 21:10","4 May 2024, 22:12","","Chest Dip",,"",2,"normal",,10,,,
"Push","4 May 2024, 21:10","4 May 2024, 22:12","","Chest Press (Machine)",,"",0,"normal",40,10,,,
"Push","4 May 2024, 21:10","4 May 2024, 22:12","","Chest Press (Machine)",,"",1,"normal",40,10,,,
"Push","4 May 2024, 21:10","4 May 2024, 22:12","","Chest Press (Machine)",,"",2,"normal",40,9,,,
"Push","4 May 2024, 21:10","4 May 2024, 22:12","","Seated Shoulder Press (Machine)",,"",0,"normal",20,10,,,
"Push","4 May 2024, 21:10","4 May 2024, 22:12","","Seated Shoulder Press (Machine)",,"",1,"normal",20,10,,,
"Push","4 May 2024, 21:10","4 May 2024, 22:12","","Seated Shoulder Press (Machine)",,"",2,"normal",20,8,,,
"Push","4 May 2024, 21:10","4 May 2024, 22:12","","Triceps Extension (Cable)",,"",0,"normal",15,10,,,
"Push","4 May 2024, 21:10","4 May 2024, 22:12","","Triceps Extension (Cable)",,"",1,"normal",15,9,,,
"Push","4 May 2024, 21:10","4 May 2024, 22:12","","Triceps Extension (Cable)",,"",2,"normal",15,10,,,
"Push","4 May 2024, 21:10","4 May 2024, 22:12","","Triceps Pushdown",,"",0,"normal",17.5,12,,,
"Push","4 May 2024, 21:10","4 May 2024, 22:12","","Triceps Pushdown",,"",1,"normal",17.5,11,,,
"Push","4 May 2024, 21:10","4 May 2024, 22:12","","Triceps Pushdown",,"",2,"normal",15,12,,,
"Push","4 May 2024, 21:10","4 May 2024, 22:12","","Lateral Raise (Dumbbell)",,"",0,"normal",16,15,,,
"Push","4 May 2024, 21:10","4 May 2024, 22:12","","Lateral Raise (Dumbbell)",,"",1,"normal",16,15,,,
"Pull","2 May 2024, 01:44","2 May 2024, 03:00","","Pull Up",,"",0,"normal",,13,,,
"Pull","2 May 2024, 01:44","2 May 2024, 03:00","","Pull Up",,"",1,"normal",,12,,,
"Pull","2 May 2024, 01:44","2 May 2024, 03:00","","Pull Up",,"",2,"normal",,11,,,
"Pull","2 May 2024, 01:44","2 May 2024, 03:00","","Seated Row (Machine)",,"",0,"normal",54,8,,,
"Pull","2 May 2024, 01:44","2 May 2024, 03:00","","Seated Row (Machine)",,"",1,"normal",54,8,,,
"Pull","2 May 2024, 01:44","2 May 2024, 03:00","","Seated Row (Machine)",,"",2,"normal",54,8,,,
"Pull","2 May 2024, 01:44","2 May 2024, 03:00","","Preacher Curl (Machine)",,"",0,"normal",39,12,,,
"Pull","2 May 2024, 01:44","2 May 2024, 03:00","","Preacher Curl (Machine)",,"",1,"normal",39,10,,,
"Pull","2 May 2024, 01:44","2 May 2024, 03:00","","Preacher Curl (Machine)",,"",2,"normal",41.5,10,,,
"Pull","2 May 2024, 01:44","2 May 2024, 03:00","","Lat Pulldown (Machine)",,"",0,"normal",70.5,12,,,
"Pull","2 May 2024, 01:44","2 May 2024, 03:00","","Lat Pulldown (Machine)",,"",1,"normal",68,12,,,
"Pull","2 May 2024, 01:44","2 May 2024, 03:00","","Lat Pulldown (Machine)",,"",2,"normal",68,14,,,
"Pull","2 May 2024, 01:44","2 May 2024, 03:00","","Hammer Curl (Dumbbell)",,"",0,"normal",28,8,,,
"Pull","2 May 2024, 01:44","2 May 2024, 03:00","","Hammer Curl (Dumbbell)",,"",1,"normal",20,15,,,
"Pull","2 May 2024, 01:44","2 May 2024, 03:00","","Hammer Curl (Dumbbell)",,"",2,"normal",20,12,,,
"Pull","2 May 2024, 01:44","2 May 2024, 03:00","","Seated Cable Row - V Grip (Cable)",,"",0,"normal",47,12,,,
"Pull","2 May 2024, 01:44","2 May 2024, 03:00","","Seated Cable Row - V Grip (Cable)",,"",1,"normal",40,12,,,
"Pull","2 May 2024, 01:44","2 May 2024, 03:00","","Rear Delt Reverse Fly (Machine)",,"",0,"normal",45,12,,,
"Pull","2 May 2024, 01:44","2 May 2024, 03:00","","Rear Delt Reverse Fly (Machine)",,"",1,"normal",45,12,,,
"Pull","2 May 2024, 01:44","2 May 2024, 03:00","","Shrug (Dumbbell)",,"",0,"normal",36,10,,,
"Pull","2 May 2024, 01:44","2 May 2024, 03:00","","Shrug (Dumbbell)",,"",1,"normal",36,10,,,
"Push","1 May 2024, 02:12","1 May 2024, 03:23","","Chest Press (Machine)",,"",0,"normal",40,10,,,
"Push","1 May 2024, 02:12","1 May 2024, 03:23","","Chest Press (Machine)",,"",1,"normal",40,10,,,
"Push","1 May 2024, 02:12","1 May 2024, 03:23","","Chest Press (Machine)",,"",2,"normal",40,10,,,
"Push","1 May 2024, 02:12","1 May 2024, 03:23","","Chest Dip",,"",0,"normal",,10,,,
"Push","1 May 2024, 02:12","1 May 2024, 03:23","","Chest Dip",,"",1,"normal",,10,,,
"Push","1 May 2024, 02:12","1 May 2024, 03:23","","Chest Dip",,"",2,"normal",,10,,,
"Push","1 May 2024, 02:12","1 May 2024, 03:23","","Seated Shoulder Press (Machine)",,"",0,"normal",25,8,,,
"Push","1 May 2024, 02:12","1 May 2024, 03:23","","Seated Shoulder Press (Machine)",,"",1,"normal",25,8,,,
"Push","1 May 2024, 02:12","1 May 2024, 03:23","","Seated Shoulder Press (Machine)",,"",2,"normal",25,6,,,
"Push","1 May 2024, 02:12","1 May 2024, 03:23","","Iso-Lateral Chest Press (Machine)",,"",0,"normal",38,12,,,
"Push","1 May 2024, 02:12","1 May 2024, 03:23","","Iso-Lateral Chest Press (Machine)",,"",1,"normal",38,10,,,
"Push","1 May 2024, 02:12","1 May 2024, 03:23","","Iso-Lateral Chest Press (Machine)",,"",2,"normal",38,9,,,
"Push","1 May 2024, 02:12","1 May 2024, 03:23","","Triceps Extension (Cable)",,"",0,"normal",15,10,,,
"Push","1 May 2024, 02:12","1 May 2024, 03:23","","Triceps Extension (Cable)",,"",1,"normal",12.5,12,,,
"Push","1 May 2024, 02:12","1 May 2024, 03:23","","Triceps Extension (Cable)",,"",2,"normal",12.5,12,,,
"Push","1 May 2024, 02:12","1 May 2024, 03:23","","Triceps Pushdown",,"",0,"normal",15,14,,,
"Push","1 May 2024, 02:12","1 May 2024, 03:23","","Triceps Pushdown",,"",1,"normal",15,12,,,
"Push","1 May 2024, 02:12","1 May 2024, 03:23","","Triceps Pushdown",,"",2,"normal",15,14,,,
"Push","1 May 2024, 02:12","1 May 2024, 03:23","","Butterfly (Pec Deck)",,"",0,"normal",40,11,,,
"Push","1 May 2024, 02:12","1 May 2024, 03:23","","Butterfly (Pec Deck)",,"",1,"normal",40,10,,,
"Push","1 May 2024, 02:12","1 May 2024, 03:23","","Butterfly (Pec Deck)",,"",2,"normal",40,10,,,
"Pull","29 Apr 2024, 20:52","29 Apr 2024, 21:52","","Pull Up",,"",0,"normal",,13,,,
"Pull","29 Apr 2024, 20:52","29 Apr 2024, 21:52","","Pull Up",,"",1,"normal",,12,,,
"Pull","29 Apr 2024, 20:52","29 Apr 2024, 21:52","","Pull Up",,"",2,"normal",,10,,,
"Pull","29 Apr 2024, 20:52","29 Apr 2024, 21:52","","Seated Row (Machine)",,"",0,"normal",47,12,,,
"Pull","29 Apr 2024, 20:52","29 Apr 2024, 21:52","","Seated Row (Machine)",,"",1,"normal",47,12,,,
"Pull","29 Apr 2024, 20:52","29 Apr 2024, 21:52","","Seated Row (Machine)",,"",2,"normal",47,14,,,
"Pull","29 Apr 2024, 20:52","29 Apr 2024, 21:52","","Preacher Curl (Machine)",,"",0,"normal",39,12,,,
"Pull","29 Apr 2024, 20:52","29 Apr 2024, 21:52","","Preacher Curl (Machine)",,"",1,"normal",39,10,,,
"Pull","29 Apr 2024, 20:52","29 Apr 2024, 21:52","","Preacher Curl (Machine)",,"",2,"normal",39,10,,,
"Pull","29 Apr 2024, 20:52","29 Apr 2024, 21:52","","Lat Pulldown (Machine)",,"",0,"normal",61,12,,,
"Pull","29 Apr 2024, 20:52","29 Apr 2024, 21:52","","Lat Pulldown (Machine)",,"",1,"normal",68,12,,,
"Pull","29 Apr 2024, 20:52","29 Apr 2024, 21:52","","Lat Pulldown (Machine)",,"",2,"normal",68,12,,,
"Pull","29 Apr 2024, 20:52","29 Apr 2024, 21:52","","Hammer Curl (Dumbbell)",,"",0,"normal",26,12,,,
"Pull","29 Apr 2024, 20:52","29 Apr 2024, 21:52","","Hammer Curl (Dumbbell)",,"",1,"normal",26,12,,,
"Pull","29 Apr 2024, 20:52","29 Apr 2024, 21:52","","Hammer Curl (Dumbbell)",,"",2,"normal",26,10,,,
"Pull","29 Apr 2024, 20:52","29 Apr 2024, 21:52","","Face Pull",,"",0,"normal",24.5,15,,,
"Pull","29 Apr 2024, 20:52","29 Apr 2024, 21:52","","Face Pull",,"",1,"normal",24.5,15,,,
"Pull","29 Apr 2024, 20:52","29 Apr 2024, 21:52","","Lat Pulldown (Cable)",,"",0,"normal",57,10,,,
"Push","27 Apr 2024, 20:46","27 Apr 2024, 22:14","","Incline Bench Press (Dumbbell)",,"",0,"normal",40,8,,,
"Push","27 Apr 2024, 20:46","27 Apr 2024, 22:14","","Incline Bench Press (Dumbbell)",,"",1,"normal",40,10,,,
"Push","27 Apr 2024, 20:46","27 Apr 2024, 22:14","","Incline Bench Press (Dumbbell)",,"",2,"normal",40,7,,,
"Push","27 Apr 2024, 20:46","27 Apr 2024, 22:14","","Chest Dip",,"",0,"normal",,10,,,
"Push","27 Apr 2024, 20:46","27 Apr 2024, 22:14","","Chest Dip",,"",1,"normal",,10,,,
"Push","27 Apr 2024, 20:46","27 Apr 2024, 22:14","","Chest Dip",,"",2,"normal",,9,,,
"Push","27 Apr 2024, 20:46","27 Apr 2024, 22:14","","Incline Chest Press (Machine)",,"",0,"normal",38,13,,,
"Push","27 Apr 2024, 20:46","27 Apr 2024, 22:14","","Incline Chest Press (Machine)",,"",1,"normal",38,12,,,
"Push","27 Apr 2024, 20:46","27 Apr 2024, 22:14","","Incline Chest Press (Machine)",,"",2,"normal",38,10,,,
"Push","27 Apr 2024, 20:46","27 Apr 2024, 22:14","","Seated Shoulder Press (Machine)",,"",0,"normal",20,8,,,
"Push","27 Apr 2024, 20:46","27 Apr 2024, 22:14","","Seated Shoulder Press (Machine)",,"",1,"normal",22.5,7,,,
"Push","27 Apr 2024, 20:46","27 Apr 2024, 22:14","","Seated Shoulder Press (Machine)",,"",2,"normal",22.5,7,,,
"Push","27 Apr 2024, 20:46","27 Apr 2024, 22:14","","Triceps Extension (Cable)",,"",0,"normal",12.5,12,,,
"Push","27 Apr 2024, 20:46","27 Apr 2024, 22:14","","Triceps Extension (Cable)",,"",1,"normal",12.5,10,,,
"Push","27 Apr 2024, 20:46","27 Apr 2024, 22:14","","Triceps Extension (Cable)",,"",2,"normal",12.5,10,,,
"Push","27 Apr 2024, 20:46","27 Apr 2024, 22:14","","Triceps Pushdown",,"",0,"normal",15,12,,,
"Push","27 Apr 2024, 20:46","27 Apr 2024, 22:14","","Triceps Pushdown",,"",1,"normal",15,10,,,
"Push","27 Apr 2024, 20:46","27 Apr 2024, 22:14","","Triceps Pushdown",,"",2,"normal",15,17,,,
"Push","27 Apr 2024, 20:46","27 Apr 2024, 22:14","","Butterfly (Pec Deck)",,"",0,"normal",40,10,,,
"Push","27 Apr 2024, 20:46","27 Apr 2024, 22:14","","Butterfly (Pec Deck)",,"",1,"normal",40,10,,,
"Push","27 Apr 2024, 20:46","27 Apr 2024, 22:14","","Butterfly (Pec Deck)",,"",2,"normal",40,7,,,
"Pull","26 Apr 2024, 20:51","26 Apr 2024, 22:10","","Pull Up",,"",0,"normal",,13,,,
"Pull","26 Apr 2024, 20:51","26 Apr 2024, 22:10","","Pull Up",,"",1,"normal",,12,,,
"Pull","26 Apr 2024, 20:51","26 Apr 2024, 22:10","","Pull Up",,"",2,"normal",,11,,,
"Pull","26 Apr 2024, 20:51","26 Apr 2024, 22:10","","Seated Cable Row - V Grip (Cable)",,"",0,"normal",40,12,,,
"Pull","26 Apr 2024, 20:51","26 Apr 2024, 22:10","","Seated Cable Row - V Grip (Cable)",,"",1,"normal",40,10,,,
"Pull","26 Apr 2024, 20:51","26 Apr 2024, 22:10","","Seated Cable Row - V Grip (Cable)",,"",2,"normal",40,10,,,
"Pull","26 Apr 2024, 20:51","26 Apr 2024, 22:10","","Preacher Curl (Machine)",,"",0,"normal",39,10,,,
"Pull","26 Apr 2024, 20:51","26 Apr 2024, 22:10","","Preacher Curl (Machine)",,"",1,"normal",32,12,,,
"Pull","26 Apr 2024, 20:51","26 Apr 2024, 22:10","","Preacher Curl (Machine)",,"",2,"normal",32,12,,,
"Pull","26 Apr 2024, 20:51","26 Apr 2024, 22:10","","Lat Pulldown (Machine)",,"",0,"normal",61,12,,,
"Pull","26 Apr 2024, 20:51","26 Apr 2024, 22:10","","Lat Pulldown (Machine)",,"",1,"normal",61,12,,,
"Pull","26 Apr 2024, 20:51","26 Apr 2024, 22:10","","Lat Pulldown (Machine)",,"",2,"normal",61,14,,,
"Pull","26 Apr 2024, 20:51","26 Apr 2024, 22:10","","Hammer Curl (Dumbbell)",,"",0,"normal",26,12,,,
"Pull","26 Apr 2024, 20:51","26 Apr 2024, 22:10","","Hammer Curl (Dumbbell)",,"",1,"normal",26,12,,,
"Pull","26 Apr 2024, 20:51","26 Apr 2024, 22:10","","Hammer Curl (Dumbbell)",,"",2,"normal",26,10,,,
"Pull","26 Apr 2024, 20:51","26 Apr 2024, 22:10","","Shrug (Smith Machine)",,"",0,"normal",49,15,,,
"Pull","26 Apr 2024, 20:51","26 Apr 2024, 22:10","","Shrug (Smith Machine)",,"",1,"normal",49,15,,,
"Pull","26 Apr 2024, 20:51","26 Apr 2024, 22:10","","Shrug (Smith Machine)",,"",2,"normal",49,15,,,
"Pull","26 Apr 2024, 20:51","26 Apr 2024, 22:10","","Face Pull",,"",0,"normal",24.5,15,,,
"Pull","26 Apr 2024, 20:51","26 Apr 2024, 22:10","","Face Pull",,"",1,"normal",24.5,15,,,
"Pull","26 Apr 2024, 20:51","26 Apr 2024, 22:10","","Face Pull",,"",2,"normal",24.5,15,,,
"Pull","26 Apr 2024, 20:51","26 Apr 2024, 22:10","","Seated Row (Machine)",,"",0,"normal",54,8,,,
"Pull","26 Apr 2024, 20:51","26 Apr 2024, 22:10","","Seated Row (Machine)",,"",1,"normal",47,12,,,
"Pull","26 Apr 2024, 20:51","26 Apr 2024, 22:10","","Seated Row (Machine)",,"",2,"normal",47,12,,,
"Core/Legs","24 Apr 2024, 20:56","24 Apr 2024, 22:18","","Squat (Smith Machine)",,"",0,"normal",39,6,,,
"Core/Legs","24 Apr 2024, 20:56","24 Apr 2024, 22:18","","Squat (Smith Machine)",,"",1,"normal",39,6,,,
"Core/Legs","24 Apr 2024, 20:56","24 Apr 2024, 22:18","","Squat (Smith Machine)",,"",2,"normal",39,6,,,
"Core/Legs","24 Apr 2024, 20:56","24 Apr 2024, 22:18","","Hanging Knee Raise",,"",0,"normal",,12,,,
"Core/Legs","24 Apr 2024, 20:56","24 Apr 2024, 22:18","","Hanging Knee Raise",,"",1,"normal",,12,,,
"Core/Legs","24 Apr 2024, 20:56","24 Apr 2024, 22:18","","Hanging Knee Raise",,"",2,"normal",,12,,,
"Core/Legs","24 Apr 2024, 20:56","24 Apr 2024, 22:18","","Romanian Deadlift (Dumbbell)",,"",0,"normal",64,8,,,
"Core/Legs","24 Apr 2024, 20:56","24 Apr 2024, 22:18","","Romanian Deadlift (Dumbbell)",,"",1,"normal",52,10,,,
"Core/Legs","24 Apr 2024, 20:56","24 Apr 2024, 22:18","","Romanian Deadlift (Dumbbell)",,"",2,"normal",52,10,,,
"Core/Legs","24 Apr 2024, 20:56","24 Apr 2024, 22:18","","Crunch (Machine)",,"",0,"normal",20,10,,,
"Core/Legs","24 Apr 2024, 20:56","24 Apr 2024, 22:18","","Crunch (Machine)",,"",1,"normal",20,10,,,
"Core/Legs","24 Apr 2024, 20:56","24 Apr 2024, 22:18","","Crunch (Machine)",,"",2,"normal",15,12,,,
"Core/Legs","24 Apr 2024, 20:56","24 Apr 2024, 22:18","","Leg Extension (Machine)",,"",0,"normal",33,15,,,
"Core/Legs","24 Apr 2024, 20:56","24 Apr 2024, 22:18","","Leg Extension (Machine)",,"",1,"normal",33,15,,,
"Core/Legs","24 Apr 2024, 20:56","24 Apr 2024, 22:18","","Leg Extension (Machine)",,"",2,"normal",33,15,,,
"Core/Legs","24 Apr 2024, 20:56","24 Apr 2024, 22:18","","Lying Leg Curl (Machine)",,"",0,"normal",39,8,,,
"Core/Legs","24 Apr 2024, 20:56","24 Apr 2024, 22:18","","Lying Leg Curl (Machine)",,"",1,"normal",32,10,,,
"Core/Legs","24 Apr 2024, 20:56","24 Apr 2024, 22:18","","Lying Leg Curl (Machine)",,"",2,"normal",32,10,,,
"Core/Legs","24 Apr 2024, 20:56","24 Apr 2024, 22:18","","Leg Press (Machine)",,"",0,"normal",55,8,,,
"Core/Legs","24 Apr 2024, 20:56","24 Apr 2024, 22:18","","Treadmill",,"",0,"normal",,,1,248,
"Push","23 Apr 2024, 20:18","23 Apr 2024, 21:26","need to make rep numbers more constant","Incline Bench Press (Dumbbell)",,"",0,"normal",40,10,,,
"Push","23 Apr 2024, 20:18","23 Apr 2024, 21:26","need to make rep numbers more constant","Incline Bench Press (Dumbbell)",,"",1,"normal",40,8,,,
"Push","23 Apr 2024, 20:18","23 Apr 2024, 21:26","need to make rep numbers more constant","Incline Bench Press (Dumbbell)",,"",2,"normal",40,7,,,
"Push","23 Apr 2024, 20:18","23 Apr 2024, 21:26","need to make rep numbers more constant","Chest Dip",,"",0,"normal",,8,,,
"Push","23 Apr 2024, 20:18","23 Apr 2024, 21:26","need to make rep numbers more constant","Chest Dip",,"",1,"normal",,10,,,
"Push","23 Apr 2024, 20:18","23 Apr 2024, 21:26","need to make rep numbers more constant","Chest Dip",,"",2,"normal",,9,,,
"Push","23 Apr 2024, 20:18","23 Apr 2024, 21:26","need to make rep numbers more constant","Chest Press (Machine)",,"",0,"normal",33,8,,,
"Push","23 Apr 2024, 20:18","23 Apr 2024, 21:26","need to make rep numbers more constant","Chest Press (Machine)",,"",1,"normal",33,9,,,
"Push","23 Apr 2024, 20:18","23 Apr 2024, 21:26","need to make rep numbers more constant","Chest Press (Machine)",,"",2,"normal",33,10,,,
"Push","23 Apr 2024, 20:18","23 Apr 2024, 21:26","need to make rep numbers more constant","Lateral Raise (Machine)",,"",0,"normal",25,8,,,
"Push","23 Apr 2024, 20:18","23 Apr 2024, 21:26","need to make rep numbers more constant","Lateral Raise (Machine)",,"",1,"normal",20,12,,,
"Push","23 Apr 2024, 20:18","23 Apr 2024, 21:26","need to make rep numbers more constant","Lateral Raise (Machine)",,"",2,"normal",20,12,,,
"Push","23 Apr 2024, 20:18","23 Apr 2024, 21:26","need to make rep numbers more constant","Triceps Extension (Cable)",,"",0,"normal",15,8,,,
"Push","23 Apr 2024, 20:18","23 Apr 2024, 21:26","need to make rep numbers more constant","Triceps Extension (Cable)",,"",1,"normal",12.5,10,,,
"Push","23 Apr 2024, 20:18","23 Apr 2024, 21:26","need to make rep numbers more constant","Triceps Extension (Cable)",,"",2,"normal",12.5,10,,,
"Push","23 Apr 2024, 20:18","23 Apr 2024, 21:26","need to make rep numbers more constant","Triceps Pushdown",,"",0,"normal",15,10,,,
"Push","23 Apr 2024, 20:18","23 Apr 2024, 21:26","need to make rep numbers more constant","Triceps Pushdown",,"",1,"normal",15,10,,,
"Push","23 Apr 2024, 20:18","23 Apr 2024, 21:26","need to make rep numbers more constant","Triceps Pushdown",,"",2,"normal",15,12,,,
"Push","23 Apr 2024, 20:18","23 Apr 2024, 21:26","need to make rep numbers more constant","Butterfly (Pec Deck)",,"",0,"normal",40,10,,,
"Push","23 Apr 2024, 20:18","23 Apr 2024, 21:26","need to make rep numbers more constant","Butterfly (Pec Deck)",,"",1,"normal",40,10,,,
"Push","23 Apr 2024, 20:18","23 Apr 2024, 21:26","need to make rep numbers more constant","Butterfly (Pec Deck)",,"",2,"normal",40,10,,,
"Pull","23 Apr 2024, 03:51","23 Apr 2024, 04:50","","Pull Up",,"",0,"normal",,13,,,
"Pull","23 Apr 2024, 03:51","23 Apr 2024, 04:50","","Pull Up",,"",1,"normal",,12,,,
"Pull","23 Apr 2024, 03:51","23 Apr 2024, 04:50","","Pull Up",,"",2,"normal",,12,,,
"Pull","23 Apr 2024, 03:51","23 Apr 2024, 04:50","","Preacher Curl (Machine)",,"",0,"normal",39,10,,,
"Pull","23 Apr 2024, 03:51","23 Apr 2024, 04:50","","Preacher Curl (Machine)",,"",1,"normal",32,10,,,
"Pull","23 Apr 2024, 03:51","23 Apr 2024, 04:50","","Preacher Curl (Machine)",,"",2,"normal",32,10,,,
"Pull","23 Apr 2024, 03:51","23 Apr 2024, 04:50","","Seated Row (Machine)",,"",0,"normal",40,12,,,
"Pull","23 Apr 2024, 03:51","23 Apr 2024, 04:50","","Seated Row (Machine)",,"",1,"normal",40,11,,,
"Pull","23 Apr 2024, 03:51","23 Apr 2024, 04:50","","Seated Row (Machine)",,"",2,"normal",40,11,,,
"Pull","23 Apr 2024, 03:51","23 Apr 2024, 04:50","","Lat Pulldown (Cable)",,"",0,"normal",57,10,,,
"Pull","23 Apr 2024, 03:51","23 Apr 2024, 04:50","","Lat Pulldown (Cable)",,"",1,"normal",57,10,,,
"Pull","23 Apr 2024, 03:51","23 Apr 2024, 04:50","","Lat Pulldown (Cable)",,"",2,"normal",57,10,,,
"Pull","23 Apr 2024, 03:51","23 Apr 2024, 04:50","","Hammer Curl (Dumbbell)",,"",0,"normal",26,12,,,
"Pull","23 Apr 2024, 03:51","23 Apr 2024, 04:50","","Hammer Curl (Dumbbell)",,"",1,"normal",26,11,,,
"Pull","23 Apr 2024, 03:51","23 Apr 2024, 04:50","","Hammer Curl (Dumbbell)",,"",2,"normal",26,10,,,
"Pull","23 Apr 2024, 03:51","23 Apr 2024, 04:50","","Seated Row (Machine)",,"",0,"normal",40,12,,,
"Pull","23 Apr 2024, 03:51","23 Apr 2024, 04:50","","Seated Row (Machine)",,"",1,"normal",54,11,,,
"Pull","23 Apr 2024, 03:51","23 Apr 2024, 04:50","","Seated Row (Machine)",,"",2,"normal",54,10,,,
"Core/Legs","19 Apr 2024, 21:11","19 Apr 2024, 22:34","","Squat (Smith Machine)",,"",0,"normal",29,11,,,
"Core/Legs","19 Apr 2024, 21:11","19 Apr 2024, 22:34","","Squat (Smith Machine)",,"",1,"normal",39,7,,,
"Core/Legs","19 Apr 2024, 21:11","19 Apr 2024, 22:34","","Squat (Smith Machine)",,"",2,"normal",39,9,,,
"Core/Legs","19 Apr 2024, 21:11","19 Apr 2024, 22:34","","Hanging Knee Raise",,"",0,"normal",,12,,,
"Core/Legs","19 Apr 2024, 21:11","19 Apr 2024, 22:34","","Hanging Knee Raise",,"",1,"normal",,12,,,
"Core/Legs","19 Apr 2024, 21:11","19 Apr 2024, 22:34","","Hanging Knee Raise",,"",2,"normal",,12,,,
"Core/Legs","19 Apr 2024, 21:11","19 Apr 2024, 22:34","","Romanian Deadlift (Dumbbell)",,"",0,"normal",40,12,,,
"Core/Legs","19 Apr 2024, 21:11","19 Apr 2024, 22:34","","Romanian Deadlift (Dumbbell)",,"",1,"normal",44,12,,,
"Core/Legs","19 Apr 2024, 21:11","19 Apr 2024, 22:34","","Romanian Deadlift (Dumbbell)",,"",2,"normal",64,8,,,
"Core/Legs","19 Apr 2024, 21:11","19 Apr 2024, 22:34","","Crunch (Machine)",,"",0,"normal",20,10,,,
"Core/Legs","19 Apr 2024, 21:11","19 Apr 2024, 22:34","","Crunch (Machine)",,"",1,"normal",20,10,,,
"Core/Legs","19 Apr 2024, 21:11","19 Apr 2024, 22:34","","Crunch (Machine)",,"",2,"normal",15,12,,,
"Core/Legs","19 Apr 2024, 21:11","19 Apr 2024, 22:34","","Leg Extension (Machine)",,"",0,"normal",33,10,,,
"Core/Legs","19 Apr 2024, 21:11","19 Apr 2024, 22:34","","Leg Extension (Machine)",,"",1,"normal",26,12,,,
"Core/Legs","19 Apr 2024, 21:11","19 Apr 2024, 22:34","","Leg Extension (Machine)",,"",2,"normal",26,12,,,
"Core/Legs","19 Apr 2024, 21:11","19 Apr 2024, 22:34","","Seated Leg Curl (Machine)",,"",0,"normal",33,12,,,
"Core/Legs","19 Apr 2024, 21:11","19 Apr 2024, 22:34","","Seated Leg Curl (Machine)",,"",1,"normal",33,12,,,
"Core/Legs","19 Apr 2024, 21:11","19 Apr 2024, 22:34","","Seated Leg Curl (Machine)",,"",2,"normal",40,8,,,
"Core/Legs","19 Apr 2024, 21:11","19 Apr 2024, 22:34","","Standing Calf Raise (Machine)",,"",0,"normal",75,8,,,
"Core/Legs","19 Apr 2024, 21:11","19 Apr 2024, 22:34","","Standing Calf Raise (Machine)",,"",1,"normal",75,10,,,
"Core/Legs","19 Apr 2024, 21:11","19 Apr 2024, 22:34","","Treadmill",,"",0,"normal",,,1,258,
"Push","19 Apr 2024, 02:05","19 Apr 2024, 03:24","","Chest Press (Machine)",,"",0,"normal",40,12,,,
"Push","19 Apr 2024, 02:05","19 Apr 2024, 03:24","","Chest Press (Machine)",,"",1,"normal",40,10,,,
"Push","19 Apr 2024, 02:05","19 Apr 2024, 03:24","","Chest Press (Machine)",,"",2,"normal",33,12,,,
"Push","19 Apr 2024, 02:05","19 Apr 2024, 03:24","","Chest Dip",,"",0,"normal",,8,,,
"Push","19 Apr 2024, 02:05","19 Apr 2024, 03:24","","Chest Dip",,"",1,"normal",,10,,,
"Push","19 Apr 2024, 02:05","19 Apr 2024, 03:24","","Chest Dip",,"",2,"normal",,9,,,
"Push","19 Apr 2024, 02:05","19 Apr 2024, 03:24","","Incline Bench Press (Dumbbell)",,"",0,"normal",36,8,,,
"Push","19 Apr 2024, 02:05","19 Apr 2024, 03:24","","Incline Bench Press (Dumbbell)",,"",1,"normal",36,5,,,
"Push","19 Apr 2024, 02:05","19 Apr 2024, 03:24","","Incline Bench Press (Dumbbell)",,"",2,"normal",36,6,,,
"Push","19 Apr 2024, 02:05","19 Apr 2024, 03:24","","Butterfly (Pec Deck)",,"",0,"normal",33,12,,,
"Push","19 Apr 2024, 02:05","19 Apr 2024, 03:24","","Butterfly (Pec Deck)",,"",1,"normal",40,11,,,
"Push","19 Apr 2024, 02:05","19 Apr 2024, 03:24","","Butterfly (Pec Deck)",,"",2,"normal",40,9,,,
"Push","19 Apr 2024, 02:05","19 Apr 2024, 03:24","","Seated Shoulder Press (Machine)",,"",0,"normal",20,8,,,
"Push","19 Apr 2024, 02:05","19 Apr 2024, 03:24","","Seated Shoulder Press (Machine)",,"",1,"normal",20,8,,,
"Push","19 Apr 2024, 02:05","19 Apr 2024, 03:24","","Seated Shoulder Press (Machine)",,"",2,"normal",20,8,,,
"Push","19 Apr 2024, 02:05","19 Apr 2024, 03:24","","Triceps Pushdown",,"",0,"normal",17.5,8,,,
"Push","19 Apr 2024, 02:05","19 Apr 2024, 03:24","","Triceps Pushdown",,"",1,"normal",15,10,,,
"Push","19 Apr 2024, 02:05","19 Apr 2024, 03:24","","Triceps Pushdown",,"",2,"normal",15,10,,,
"Pull","18 Apr 2024, 03:41","18 Apr 2024, 04:45","","Pull Up",,"",0,"normal",,13,,,
"Pull","18 Apr 2024, 03:41","18 Apr 2024, 04:45","","Pull Up",,"",1,"normal",,12,,,
"Pull","18 Apr 2024, 03:41","18 Apr 2024, 04:45","","Pull Up",,"",2,"normal",,11,,,
"Pull","18 Apr 2024, 03:41","18 Apr 2024, 04:45","","Seated Row (Machine)",,"",0,"normal",40,9,,,
"Pull","18 Apr 2024, 03:41","18 Apr 2024, 04:45","","Seated Row (Machine)",,"",1,"normal",33,11,,,
"Pull","18 Apr 2024, 03:41","18 Apr 2024, 04:45","","Seated Row (Machine)",,"",2,"normal",33,12,,,
"Pull","18 Apr 2024, 03:41","18 Apr 2024, 04:45","","Preacher Curl (Machine)",,"",0,"normal",39,10,,,
"Pull","18 Apr 2024, 03:41","18 Apr 2024, 04:45","","Preacher Curl (Machine)",,"",1,"normal",39,8,,,
"Pull","18 Apr 2024, 03:41","18 Apr 2024, 04:45","","Preacher Curl (Machine)",,"",2,"normal",32,10,,,
"Pull","18 Apr 2024, 03:41","18 Apr 2024, 04:45","","Lat Pulldown (Machine)",,"",0,"normal",61,10,,,
"Pull","18 Apr 2024, 03:41","18 Apr 2024, 04:45","","Lat Pulldown (Machine)",,"",1,"normal",54,12,,,
"Pull","18 Apr 2024, 03:41","18 Apr 2024, 04:45","","Lat Pulldown (Machine)",,"",2,"normal",54,12,,,
"Pull","18 Apr 2024, 03:41","18 Apr 2024, 04:45","","Hammer Curl (Dumbbell)",,"",0,"normal",24,12,,,
"Pull","18 Apr 2024, 03:41","18 Apr 2024, 04:45","","Hammer Curl (Dumbbell)",,"",1,"normal",24,12,,,
"Pull","18 Apr 2024, 03:41","18 Apr 2024, 04:45","","Hammer Curl (Dumbbell)",,"",2,"normal",24,10,,,
"Pull","18 Apr 2024, 03:41","18 Apr 2024, 04:45","","Face Pull",,"",0,"normal",20,15,,,
"Pull","18 Apr 2024, 03:41","18 Apr 2024, 04:45","","Face Pull",,"",1,"normal",20,15,,,
"Pull","18 Apr 2024, 03:41","18 Apr 2024, 04:45","","Face Pull",,"",2,"normal",20,15,,,
"Pull","18 Apr 2024, 03:41","18 Apr 2024, 04:45","","Pull Up",,"",0,"normal",,11,,,
"Pull","18 Apr 2024, 03:41","18 Apr 2024, 04:45","","Pull Up",,"",1,"normal",,7,,,
"Pull","14 Apr 2024, 03:43","14 Apr 2024, 04:57","","Pull Up",,"",0,"normal",,13,,,
"Pull","14 Apr 2024, 03:43","14 Apr 2024, 04:57","","Pull Up",,"",1,"normal",,12,,,
"Pull","14 Apr 2024, 03:43","14 Apr 2024, 04:57","","Pull Up",,"",2,"normal",,12,,,
"Pull","14 Apr 2024, 03:43","14 Apr 2024, 04:57","","Bicep Curl (Dumbbell)",,"",0,"normal",26,12,,,
"Pull","14 Apr 2024, 03:43","14 Apr 2024, 04:57","","Bicep Curl (Dumbbell)",,"",1,"normal",26,10,,,
"Pull","14 Apr 2024, 03:43","14 Apr 2024, 04:57","","Bicep Curl (Dumbbell)",,"",2,"normal",26,10,,,
"Pull","14 Apr 2024, 03:43","14 Apr 2024, 04:57","","Bent Over Row (Barbell)",,"",0,"normal",40,12,,,
"Pull","14 Apr 2024, 03:43","14 Apr 2024, 04:57","","Bent Over Row (Barbell)",,"",1,"normal",40,12,,,
"Pull","14 Apr 2024, 03:43","14 Apr 2024, 04:57","","Bent Over Row (Barbell)",,"",2,"normal",40,12,,,
"Pull","14 Apr 2024, 03:43","14 Apr 2024, 04:57","","Hammer Curl (Dumbbell)",,"",0,"normal",26,12,,,
"Pull","14 Apr 2024, 03:43","14 Apr 2024, 04:57","","Hammer Curl (Dumbbell)",,"",1,"normal",26,12,,,
"Pull","14 Apr 2024, 03:43","14 Apr 2024, 04:57","","Hammer Curl (Dumbbell)",,"",2,"normal",26,12,,,
"Pull","14 Apr 2024, 03:43","14 Apr 2024, 04:57","","Dumbbell Row",,"",0,"normal",20,12,,,
"Pull","14 Apr 2024, 03:43","14 Apr 2024, 04:57","","Dumbbell Row",,"",1,"normal",20,12,,,
"Pull","14 Apr 2024, 03:43","14 Apr 2024, 04:57","","Dumbbell Row",,"",2,"normal",20,12,,,
"Pull","14 Apr 2024, 03:43","14 Apr 2024, 04:57","","Concentration Curl",,"",0,"normal",17,10,,,
"Pull","14 Apr 2024, 03:43","14 Apr 2024, 04:57","","Concentration Curl",,"",1,"normal",17,8,,,
"Push","8 Apr 2024, 04:02","8 Apr 2024, 05:09","","Incline Bench Press (Dumbbell)",,"",0,"normal",36,12,,,8.5
"Push","8 Apr 2024, 04:02","8 Apr 2024, 05:09","","Incline Bench Press (Dumbbell)",,"",1,"normal",36,12,,,9
"Push","8 Apr 2024, 04:02","8 Apr 2024, 05:09","","Incline Bench Press (Dumbbell)",,"",2,"normal",36,10,,,10
"Push","8 Apr 2024, 04:02","8 Apr 2024, 05:09","","Cable Kickback",,"",0,"normal",16,20,,,
"Push","8 Apr 2024, 04:02","8 Apr 2024, 05:09","","Cable Kickback",,"",1,"normal",16,20,,,
"Push","8 Apr 2024, 04:02","8 Apr 2024, 05:09","","Cable Kickback",,"",2,"normal",16,15,,,
"Push","8 Apr 2024, 04:02","8 Apr 2024, 05:09","","Bench Press (Dumbbell)",,"",0,"normal",40,10,,,
"Push","8 Apr 2024, 04:02","8 Apr 2024, 05:09","","Bench Press (Dumbbell)",,"",1,"normal",40,10,,,
"Push","8 Apr 2024, 04:02","8 Apr 2024, 05:09","","Bench Press (Dumbbell)",,"",2,"normal",40,9,,,
"Push","8 Apr 2024, 04:02","8 Apr 2024, 05:09","","Chest Fly (Dumbbell)",,"",0,"normal",20,12,,,
"Push","8 Apr 2024, 04:02","8 Apr 2024, 05:09","","Chest Fly (Dumbbell)",,"",1,"normal",20,12,,,
"Push","8 Apr 2024, 04:02","8 Apr 2024, 05:09","","Chest Fly (Dumbbell)",,"",2,"normal",20,12,,,
"Push","8 Apr 2024, 04:02","8 Apr 2024, 05:09","","Overhead Press (Dumbbell)",,"",0,"normal",30,10,,,
"Push","8 Apr 2024, 04:02","8 Apr 2024, 05:09","","Overhead Press (Dumbbell)",,"",1,"normal",30,10,,,
"Push","8 Apr 2024, 04:02","8 Apr 2024, 05:09","","Overhead Press (Dumbbell)",,"",2,"normal",30,8,,,
"Push","8 Apr 2024, 04:02","8 Apr 2024, 05:09","","Lateral Raise (Dumbbell)",,"",0,"normal",16,12,,,
"Push","8 Apr 2024, 04:02","8 Apr 2024, 05:09","","Lateral Raise (Dumbbell)",,"",1,"normal",16,12,,,
"Push","8 Apr 2024, 04:02","8 Apr 2024, 05:09","","Front Raise (Dumbbell)",,"",0,"normal",16,15,,,
"Push","8 Apr 2024, 04:02","8 Apr 2024, 05:09","","Push Up",,"",0,"normal",,20,,,
"Pull","7 Apr 2024, 04:07","7 Apr 2024, 05:18","","Pull Up",,"",0,"normal",,13,,,
"Pull","7 Apr 2024, 04:07","7 Apr 2024, 05:18","","Pull Up",,"",1,"normal",,13,,,
"Pull","7 Apr 2024, 04:07","7 Apr 2024, 05:18","","Pull Up",,"",2,"normal",,12,,,
"Pull","7 Apr 2024, 04:07","7 Apr 2024, 05:18","","Bicep Curl (Dumbbell)",,"",0,"normal",26,10,,,
"Pull","7 Apr 2024, 04:07","7 Apr 2024, 05:18","","Bicep Curl (Dumbbell)",,"",1,"normal",26,10,,,
"Pull","7 Apr 2024, 04:07","7 Apr 2024, 05:18","","Bicep Curl (Dumbbell)",,"",2,"normal",26,10,,,
"Pull","7 Apr 2024, 04:07","7 Apr 2024, 05:18","","Bent Over Row (Barbell)",,"",0,"normal",40,12,,,
"Pull","7 Apr 2024, 04:07","7 Apr 2024, 05:18","","Bent Over Row (Barbell)",,"",1,"normal",40,12,,,
"Pull","7 Apr 2024, 04:07","7 Apr 2024, 05:18","","Bent Over Row (Barbell)",,"",2,"normal",40,12,,,
"Pull","7 Apr 2024, 04:07","7 Apr 2024, 05:18","","Hammer Curl (Dumbbell)",,"",0,"normal",26,12,,,
"Pull","7 Apr 2024, 04:07","7 Apr 2024, 05:18","","Hammer Curl (Dumbbell)",,"",1,"normal",26,12,,,
"Pull","7 Apr 2024, 04:07","7 Apr 2024, 05:18","","Hammer Curl (Dumbbell)",,"",2,"normal",26,12,,,
"Pull","7 Apr 2024, 04:07","7 Apr 2024, 05:18","","Dumbbell Row",,"",0,"normal",20,12,,,
"Pull","7 Apr 2024, 04:07","7 Apr 2024, 05:18","","Dumbbell Row",,"",1,"normal",20,12,,,
"Pull","7 Apr 2024, 04:07","7 Apr 2024, 05:18","","Dumbbell Row",,"",2,"normal",20,12,,,
"Pull","7 Apr 2024, 04:07","7 Apr 2024, 05:18","","Concentration Curl",,"",0,"normal",17,10,,,
"Pull","7 Apr 2024, 04:07","7 Apr 2024, 05:18","","Concentration Curl",,"",1,"normal",17,8,,,
"Pull","7 Apr 2024, 04:07","7 Apr 2024, 05:18","","Concentration Curl",,"",2,"normal",17,8,,,
"Push","3 Apr 2024, 05:02","3 Apr 2024, 06:09","","Incline Bench Press (Dumbbell)",,"",0,"normal",40,8,,,8.5
"Push","3 Apr 2024, 05:02","3 Apr 2024, 06:09","","Incline Bench Press (Dumbbell)",,"",1,"normal",36,12,,,9
"Push","3 Apr 2024, 05:02","3 Apr 2024, 06:09","","Incline Bench Press (Dumbbell)",,"",2,"normal",36,10,,,9
"Push","3 Apr 2024, 05:02","3 Apr 2024, 06:09","","Cable Kickback",,"",0,"normal",16,20,,,
"Push","3 Apr 2024, 05:02","3 Apr 2024, 06:09","","Cable Kickback",,"",1,"normal",16,20,,,
"Push","3 Apr 2024, 05:02","3 Apr 2024, 06:09","","Cable Kickback",,"",2,"normal",16,20,,,
"Push","3 Apr 2024, 05:02","3 Apr 2024, 06:09","","Bench Press (Dumbbell)",,"",0,"normal",40,10,,,
"Push","3 Apr 2024, 05:02","3 Apr 2024, 06:09","","Bench Press (Dumbbell)",,"",1,"normal",40,10,,,
"Push","3 Apr 2024, 05:02","3 Apr 2024, 06:09","","Bench Press (Dumbbell)",,"",2,"normal",40,10,,,
"Push","3 Apr 2024, 05:02","3 Apr 2024, 06:09","","Chest Fly (Dumbbell)",,"",0,"normal",16,12,,,
"Push","3 Apr 2024, 05:02","3 Apr 2024, 06:09","","Chest Fly (Dumbbell)",,"",1,"normal",16,12,,,
"Push","3 Apr 2024, 05:02","3 Apr 2024, 06:09","","Chest Fly (Dumbbell)",,"",2,"normal",16,12,,,
"Push","3 Apr 2024, 05:02","3 Apr 2024, 06:09","","Overhead Press (Dumbbell)",,"",0,"normal",30,10,,,
"Push","3 Apr 2024, 05:02","3 Apr 2024, 06:09","","Overhead Press (Dumbbell)",,"",1,"normal",30,10,,,
"Push","3 Apr 2024, 05:02","3 Apr 2024, 06:09","","Overhead Press (Dumbbell)",,"",2,"normal",30,9,,,
"Push","3 Apr 2024, 05:02","3 Apr 2024, 06:09","","Lateral Raise (Dumbbell)",,"",0,"normal",16,15,,,
"Push","3 Apr 2024, 05:02","3 Apr 2024, 06:09","","Lateral Raise (Dumbbell)",,"",1,"normal",16,12,,,
"Push","3 Apr 2024, 05:02","3 Apr 2024, 06:09","","Front Raise (Dumbbell)",,"",0,"normal",16,15,,,
"Push","3 Apr 2024, 05:02","3 Apr 2024, 06:09","","Push Up",,"",0,"normal",,20,,,
"Pull","2 Apr 2024, 05:01","2 Apr 2024, 06:19","","Pull Up",,"",0,"normal",,13,,,
"Pull","2 Apr 2024, 05:01","2 Apr 2024, 06:19","","Pull Up",,"",1,"normal",,13,,,
"Pull","2 Apr 2024, 05:01","2 Apr 2024, 06:19","","Pull Up",,"",2,"normal",,12,,,
"Pull","2 Apr 2024, 05:01","2 Apr 2024, 06:19","","Bicep Curl (Dumbbell)",,"",0,"normal",26,12,,,
"Pull","2 Apr 2024, 05:01","2 Apr 2024, 06:19","","Bicep Curl (Dumbbell)",,"",1,"normal",26,10,,,
"Pull","2 Apr 2024, 05:01","2 Apr 2024, 06:19","","Bicep Curl (Dumbbell)",,"",2,"normal",26,10,,,
"Pull","2 Apr 2024, 05:01","2 Apr 2024, 06:19","","Bent Over Row (Barbell)",,"",0,"normal",40,12,,,
"Pull","2 Apr 2024, 05:01","2 Apr 2024, 06:19","","Bent Over Row (Barbell)",,"",1,"normal",40,12,,,
"Pull","2 Apr 2024, 05:01","2 Apr 2024, 06:19","","Bent Over Row (Barbell)",,"",2,"normal",40,12,,,
"Pull","2 Apr 2024, 05:01","2 Apr 2024, 06:19","","Hammer Curl (Dumbbell)",,"",0,"normal",26,12,,,
"Pull","2 Apr 2024, 05:01","2 Apr 2024, 06:19","","Hammer Curl (Dumbbell)",,"",1,"normal",26,12,,,
"Pull","2 Apr 2024, 05:01","2 Apr 2024, 06:19","","Hammer Curl (Dumbbell)",,"",2,"normal",26,12,,,
"Pull","2 Apr 2024, 05:01","2 Apr 2024, 06:19","","Dumbbell Row",,"",0,"normal",20,15,,,
"Pull","2 Apr 2024, 05:01","2 Apr 2024, 06:19","","Dumbbell Row",,"",1,"normal",20,12,,,
"Pull","2 Apr 2024, 05:01","2 Apr 2024, 06:19","","Dumbbell Row",,"",2,"normal",20,12,,,
"Pull","2 Apr 2024, 05:01","2 Apr 2024, 06:19","","Concentration Curl",,"",0,"normal",17,10,,,
"Pull","2 Apr 2024, 05:01","2 Apr 2024, 06:19","","Concentration Curl",,"",1,"normal",17,8,,,
"Pull","2 Apr 2024, 05:01","2 Apr 2024, 06:19","","Concentration Curl",,"",2,"normal",17,8,,,
"Pull","2 Apr 2024, 05:01","2 Apr 2024, 06:19","","Chest Supported Reverse Fly (Dumbbell)",,"",0,"normal",16,20,,,
"Pull","2 Apr 2024, 05:01","2 Apr 2024, 06:19","","Chest Supported Reverse Fly (Dumbbell)",,"",1,"normal",16,20,,,
"Push","1 Apr 2024, 05:07","1 Apr 2024, 06:09","","Incline Bench Press (Dumbbell)",,"",0,"normal",34,8,,,
"Push","1 Apr 2024, 05:07","1 Apr 2024, 06:09","","Incline Bench Press (Dumbbell)",,"",1,"normal",34,8,,,
"Push","1 Apr 2024, 05:07","1 Apr 2024, 06:09","","Incline Bench Press (Dumbbell)",,"",2,"normal",34,6,,,
"Push","1 Apr 2024, 05:07","1 Apr 2024, 06:09","","Cable Kickback",,"",0,"normal",16,20,,,
"Push","1 Apr 2024, 05:07","1 Apr 2024, 06:09","","Cable Kickback",,"",1,"normal",16,20,,,
"Push","1 Apr 2024, 05:07","1 Apr 2024, 06:09","","Cable Kickback",,"",2,"normal",16,20,,,
"Push","1 Apr 2024, 05:07","1 Apr 2024, 06:09","","Bench Press (Dumbbell)",,"",0,"normal",40,10,,,
"Push","1 Apr 2024, 05:07","1 Apr 2024, 06:09","","Bench Press (Dumbbell)",,"",1,"normal",40,10,,,
"Push","1 Apr 2024, 05:07","1 Apr 2024, 06:09","","Bench Press (Dumbbell)",,"",2,"normal",36,12,,,
"Push","1 Apr 2024, 05:07","1 Apr 2024, 06:09","","Hex Press",,"",0,"normal",26,16,,,
"Push","1 Apr 2024, 05:07","1 Apr 2024, 06:09","","Hex Press",,"",1,"normal",26,16,,,
"Push","1 Apr 2024, 05:07","1 Apr 2024, 06:09","","Hex Press",,"",2,"normal",26,16,,,
"Push","1 Apr 2024, 05:07","1 Apr 2024, 06:09","","Overhead Press (Dumbbell)",,"",0,"normal",30,10,,,
"Push","1 Apr 2024, 05:07","1 Apr 2024, 06:09","","Overhead Press (Dumbbell)",,"",1,"normal",30,9,,,
"Push","1 Apr 2024, 05:07","1 Apr 2024, 06:09","","Overhead Press (Dumbbell)",,"",2,"normal",26,7,,,
"Push","1 Apr 2024, 05:07","1 Apr 2024, 06:09","","Lateral Raise (Dumbbell)",,"",0,"normal",16,12,,,
"Push","1 Apr 2024, 05:07","1 Apr 2024, 06:09","","Lateral Raise (Dumbbell)",,"",1,"normal",16,12,,,
"Core/forearms","31 Mar 2024, 05:01","31 Mar 2024, 06:07","first sets of forearm curls with terrible form","Hanging Knee Raise",,"",0,"normal",,10,,,
"Core/forearms","31 Mar 2024, 05:01","31 Mar 2024, 06:07","first sets of forearm curls with terrible form","Hanging Knee Raise",,"",1,"normal",,10,,,
"Core/forearms","31 Mar 2024, 05:01","31 Mar 2024, 06:07","first sets of forearm curls with terrible form","Hanging Knee Raise",,"",2,"normal",,10,,,
"Core/forearms","31 Mar 2024, 05:01","31 Mar 2024, 06:07","first sets of forearm curls with terrible form","Hanging Knee Raise",,"",3,"normal",,10,,,
"Core/forearms","31 Mar 2024, 05:01","31 Mar 2024, 06:07","first sets of forearm curls with terrible form","Squat (Barbell)",,"",0,"normal",36,10,,,
"Core/forearms","31 Mar 2024, 05:01","31 Mar 2024, 06:07","first sets of forearm curls with terrible form","Decline Crunch (Weighted)",,"",0,"normal",20,12,,,
"Core/forearms","31 Mar 2024, 05:01","31 Mar 2024, 06:07","first sets of forearm curls with terrible form","Decline Crunch (Weighted)",,"",1,"normal",20,12,,,
"Core/forearms","31 Mar 2024, 05:01","31 Mar 2024, 06:07","first sets of forearm curls with terrible form","Decline Crunch (Weighted)",,"",2,"normal",17,12,,,
"Core/forearms","31 Mar 2024, 05:01","31 Mar 2024, 06:07","first sets of forearm curls with terrible form","Seated Palms Up Wrist Curl",,"",0,"normal",17,15,,,
"Core/forearms","31 Mar 2024, 05:01","31 Mar 2024, 06:07","first sets of forearm curls with terrible form","Seated Palms Up Wrist Curl",,"",1,"normal",17,12,,,
"Core/forearms","31 Mar 2024, 05:01","31 Mar 2024, 06:07","first sets of forearm curls with terrible form","Seated Palms Up Wrist Curl",,"",2,"normal",8,15,,,
"Pull","30 Mar 2024, 04:59","30 Mar 2024, 06:17","","Pull Up (Weighted)",,"",0,"normal",10,8,,,
"Pull","30 Mar 2024, 04:59","30 Mar 2024, 06:17","","Pull Up (Weighted)",,"",1,"normal",10,8,,,
"Pull","30 Mar 2024, 04:59","30 Mar 2024, 06:17","","Pull Up (Weighted)",,"",2,"normal",10,8,,,
"Pull","30 Mar 2024, 04:59","30 Mar 2024, 06:17","","Bicep Curl (Dumbbell)",,"",0,"normal",26,12,,,
"Pull","30 Mar 2024, 04:59","30 Mar 2024, 06:17","","Bicep Curl (Dumbbell)",,"",1,"normal",26,10,,,
"Pull","30 Mar 2024, 04:59","30 Mar 2024, 06:17","","Bicep Curl (Dumbbell)",,"",2,"normal",26,10,,,
"Pull","30 Mar 2024, 04:59","30 Mar 2024, 06:17","","Bent Over Row (Barbell)",,"",0,"normal",40,12,,,
"Pull","30 Mar 2024, 04:59","30 Mar 2024, 06:17","","Bent Over Row (Barbell)",,"",1,"normal",40,12,,,
"Pull","30 Mar 2024, 04:59","30 Mar 2024, 06:17","","Bent Over Row (Barbell)",,"",2,"normal",40,12,,,
"Pull","30 Mar 2024, 04:59","30 Mar 2024, 06:17","","Hammer Curl (Dumbbell)",,"",0,"normal",26,12,,,
"Pull","30 Mar 2024, 04:59","30 Mar 2024, 06:17","","Hammer Curl (Dumbbell)",,"",1,"normal",26,12,,,
"Pull","30 Mar 2024, 04:59","30 Mar 2024, 06:17","","Hammer Curl (Dumbbell)",,"",2,"normal",26,12,,,
"Pull","30 Mar 2024, 04:59","30 Mar 2024, 06:17","","Dumbbell Row",,"",0,"normal",20,15,,,
"Pull","30 Mar 2024, 04:59","30 Mar 2024, 06:17","","Dumbbell Row",,"",1,"normal",20,12,,,
"Pull","30 Mar 2024, 04:59","30 Mar 2024, 06:17","","Dumbbell Row",,"",2,"normal",20,12,,,
"Pull","30 Mar 2024, 04:59","30 Mar 2024, 06:17","","Concentration Curl",,"",0,"normal",17,8,,,
"Pull","30 Mar 2024, 04:59","30 Mar 2024, 06:17","","Concentration Curl",,"",1,"normal",17,8,,,
"Pull","30 Mar 2024, 04:59","30 Mar 2024, 06:17","","Concentration Curl",,"",2,"normal",17,8,,,
"Pull","30 Mar 2024, 04:59","30 Mar 2024, 06:17","","Chest Supported Reverse Fly (Dumbbell)",,"",0,"normal",16,20,,,
"Pull","30 Mar 2024, 04:59","30 Mar 2024, 06:17","","Chest Supported Reverse Fly (Dumbbell)",,"",1,"normal",16,20,,,
"Pull","30 Mar 2024, 04:59","30 Mar 2024, 06:17","","Seated Palms Up Wrist Curl",,"",0,"normal",17,15,,,
"Pull","30 Mar 2024, 04:59","30 Mar 2024, 06:17","","Seated Palms Up Wrist Curl",,"",1,"normal",17,15,,,
"Push","29 Mar 2024, 05:15","29 Mar 2024, 06:21","","Incline Bench Press (Dumbbell)",,"",0,"normal",40,8,,,9.5
"Push","29 Mar 2024, 05:15","29 Mar 2024, 06:21","","Incline Bench Press (Dumbbell)",,"",1,"normal",40,8,,,9
"Push","29 Mar 2024, 05:15","29 Mar 2024, 06:21","","Incline Bench Press (Dumbbell)",,"",2,"normal",40,7,,,
"Push","29 Mar 2024, 05:15","29 Mar 2024, 06:21","","Cable Kickback",,"",0,"normal",8,20,,,
"Push","29 Mar 2024, 05:15","29 Mar 2024, 06:21","","Cable Kickback",,"",1,"normal",8,20,,,
"Push","29 Mar 2024, 05:15","29 Mar 2024, 06:21","","Cable Kickback",,"",2,"normal",8,18,,,
"Push","29 Mar 2024, 05:15","29 Mar 2024, 06:21","","Bench Press (Dumbbell)",,"",0,"normal",40,10,,,
"Push","29 Mar 2024, 05:15","29 Mar 2024, 06:21","","Bench Press (Dumbbell)",,"",1,"normal",40,10,,,
"Push","29 Mar 2024, 05:15","29 Mar 2024, 06:21","","Bench Press (Dumbbell)",,"",2,"normal",40,10,,,
"Push","29 Mar 2024, 05:15","29 Mar 2024, 06:21","","Hex Press",,"",0,"normal",26,20,,,
"Push","29 Mar 2024, 05:15","29 Mar 2024, 06:21","","Hex Press",,"",1,"normal",26,20,,,
"Push","29 Mar 2024, 05:15","29 Mar 2024, 06:21","","Hex Press",,"",2,"normal",26,20,,,
"Push","29 Mar 2024, 05:15","29 Mar 2024, 06:21","","Overhead Press (Dumbbell)",,"",0,"normal",30,10,,,
"Push","29 Mar 2024, 05:15","29 Mar 2024, 06:21","","Overhead Press (Dumbbell)",,"",1,"normal",30,8,,,
"Push","29 Mar 2024, 05:15","29 Mar 2024, 06:21","","Overhead Press (Dumbbell)",,"",2,"normal",26,7,,,
"Push","29 Mar 2024, 05:15","29 Mar 2024, 06:21","","Lateral Raise (Dumbbell)",,"",0,"normal",16,15,,,
"Push","29 Mar 2024, 05:15","29 Mar 2024, 06:21","","Lateral Raise (Dumbbell)",,"",1,"normal",16,15,,,
"Push","29 Mar 2024, 05:15","29 Mar 2024, 06:21","","Front Raise (Dumbbell)",,"",0,"normal",16,15,,,
"Pull","27 Mar 2024, 05:10","27 Mar 2024, 06:26","","Pull Up (Weighted)",,"",0,"normal",10,10,,,
"Pull","27 Mar 2024, 05:10","27 Mar 2024, 06:26","","Pull Up (Weighted)",,"",1,"normal",10,9,,,
"Pull","27 Mar 2024, 05:10","27 Mar 2024, 06:26","","Pull Up (Weighted)",,"",2,"normal",,12,,,
"Pull","27 Mar 2024, 05:10","27 Mar 2024, 06:26","","Bicep Curl (Dumbbell)",,"",0,"normal",26,12,,,
"Pull","27 Mar 2024, 05:10","27 Mar 2024, 06:26","","Bicep Curl (Dumbbell)",,"",1,"normal",26,10,,,
"Pull","27 Mar 2024, 05:10","27 Mar 2024, 06:26","","Bicep Curl (Dumbbell)",,"",2,"normal",26,10,,,
"Pull","27 Mar 2024, 05:10","27 Mar 2024, 06:26","","Bent Over Row (Barbell)",,"",0,"normal",40,12,,,
"Pull","27 Mar 2024, 05:10","27 Mar 2024, 06:26","","Bent Over Row (Barbell)",,"",1,"normal",40,12,,,
"Pull","27 Mar 2024, 05:10","27 Mar 2024, 06:26","","Bent Over Row (Barbell)",,"",2,"normal",40,10,,,
"Pull","27 Mar 2024, 05:10","27 Mar 2024, 06:26","","Hammer Curl (Dumbbell)",,"",0,"normal",26,12,,,
"Pull","27 Mar 2024, 05:10","27 Mar 2024, 06:26","","Hammer Curl (Dumbbell)",,"",1,"normal",26,12,,,
"Pull","27 Mar 2024, 05:10","27 Mar 2024, 06:26","","Hammer Curl (Dumbbell)",,"",2,"normal",26,12,,,
"Pull","27 Mar 2024, 05:10","27 Mar 2024, 06:26","","Dumbbell Row",,"",0,"normal",20,15,,,
"Pull","27 Mar 2024, 05:10","27 Mar 2024, 06:26","","Dumbbell Row",,"",1,"normal",20,12,,,
"Pull","27 Mar 2024, 05:10","27 Mar 2024, 06:26","","Dumbbell Row",,"",2,"normal",20,12,,,
"Pull","27 Mar 2024, 05:10","27 Mar 2024, 06:26","","Concentration Curl",,"",0,"normal",17,8,,,
"Pull","27 Mar 2024, 05:10","27 Mar 2024, 06:26","","Concentration Curl",,"",1,"normal",17,10,,,
"Pull","27 Mar 2024, 05:10","27 Mar 2024, 06:26","","Concentration Curl",,"",2,"normal",17,8,,,
"Pull","27 Mar 2024, 05:10","27 Mar 2024, 06:26","","Chest Supported Reverse Fly (Dumbbell)",,"",0,"normal",16,20,,,
"Pull","27 Mar 2024, 05:10","27 Mar 2024, 06:26","","Chest Supported Reverse Fly (Dumbbell)",,"",1,"normal",16,20,,,
"Push","26 Mar 2024, 05:05","26 Mar 2024, 06:15","","Incline Bench Press (Dumbbell)",,"",0,"normal",34,12,,,8.5
"Push","26 Mar 2024, 05:05","26 Mar 2024, 06:15","","Incline Bench Press (Dumbbell)",,"",1,"normal",34,12,,,9
"Push","26 Mar 2024, 05:05","26 Mar 2024, 06:15","","Bench Dip",,"",0,"normal",,25,,,
"Push","26 Mar 2024, 05:05","26 Mar 2024, 06:15","","Bench Dip",,"",1,"normal",,20,,,
"Push","26 Mar 2024, 05:05","26 Mar 2024, 06:15","","Bench Dip",,"",2,"normal",,20,,,
"Push","26 Mar 2024, 05:05","26 Mar 2024, 06:15","","Bench Press (Dumbbell)",,"",0,"normal",34,12,,,
"Push","26 Mar 2024, 05:05","26 Mar 2024, 06:15","","Bench Press (Dumbbell)",,"",1,"normal",34,12,,,
"Push","26 Mar 2024, 05:05","26 Mar 2024, 06:15","","Bench Press (Dumbbell)",,"",2,"normal",34,12,,,
"Push","26 Mar 2024, 05:05","26 Mar 2024, 06:15","","Hex Press",,"Switched weight to 26 cuz to much chest involvement with heavier weight",0,"normal",26,16,,,
"Push","26 Mar 2024, 05:05","26 Mar 2024, 06:15","","Hex Press",,"Switched weight to 26 cuz to much chest involvement with heavier weight",1,"normal",26,16,,,
"Push","26 Mar 2024, 05:05","26 Mar 2024, 06:15","","Hex Press",,"Switched weight to 26 cuz to much chest involvement with heavier weight",2,"normal",26,16,,,
"Push","26 Mar 2024, 05:05","26 Mar 2024, 06:15","","Overhead Press (Dumbbell)",,"",0,"normal",26,12,,,
"Push","26 Mar 2024, 05:05","26 Mar 2024, 06:15","","Overhead Press (Dumbbell)",,"",1,"normal",26,12,,,
"Push","26 Mar 2024, 05:05","26 Mar 2024, 06:15","","Overhead Press (Dumbbell)",,"",2,"normal",26,10,,,
"Push","26 Mar 2024, 05:05","26 Mar 2024, 06:15","","Push Up",,"",0,"normal",,15,,,
"Push","26 Mar 2024, 05:05","26 Mar 2024, 06:15","","Push Up",,"",1,"normal",,15,,,
"Push","26 Mar 2024, 05:05","26 Mar 2024, 06:15","","Push Up",,"",2,"normal",,15,,,
"Push","26 Mar 2024, 05:05","26 Mar 2024, 06:15","","Lateral Raise (Dumbbell)",,"",0,"normal",16,12,,,
"Push","26 Mar 2024, 05:05","26 Mar 2024, 06:15","","Lateral Raise (Dumbbell)",,"",1,"normal",16,12,,,
"Push","26 Mar 2024, 05:05","26 Mar 2024, 06:15","","Front Raise (Dumbbell)",,"",0,"normal",16,15,,,
"Pull","24 Mar 2024, 05:02","24 Mar 2024, 06:26","","Pull Up",,"",0,"normal",,15,,,
"Pull","24 Mar 2024, 05:02","24 Mar 2024, 06:26","","Pull Up",,"",1,"normal",,15,,,
"Pull","24 Mar 2024, 05:02","24 Mar 2024, 06:26","","Pull Up",,"",2,"normal",,11,,,
"Pull","24 Mar 2024, 05:02","24 Mar 2024, 06:26","","Bicep Curl (Dumbbell)",,"",0,"normal",26,12,,,
"Pull","24 Mar 2024, 05:02","24 Mar 2024, 06:26","","Bicep Curl (Dumbbell)",,"",1,"normal",26,10,,,
"Pull","24 Mar 2024, 05:02","24 Mar 2024, 06:26","","Bicep Curl (Dumbbell)",,"",2,"normal",26,10,,,
"Pull","24 Mar 2024, 05:02","24 Mar 2024, 06:26","","Bent Over Row (Barbell)",,"",0,"normal",40,10,,,
"Pull","24 Mar 2024, 05:02","24 Mar 2024, 06:26","","Bent Over Row (Barbell)",,"",1,"normal",40,10,,,
"Pull","24 Mar 2024, 05:02","24 Mar 2024, 06:26","","Bent Over Row (Barbell)",,"",2,"normal",40,10,,,
"Pull","24 Mar 2024, 05:02","24 Mar 2024, 06:26","","Hammer Curl (Dumbbell)",,"",0,"normal",26,12,,,
"Pull","24 Mar 2024, 05:02","24 Mar 2024, 06:26","","Hammer Curl (Dumbbell)",,"",1,"normal",26,12,,,
"Pull","24 Mar 2024, 05:02","24 Mar 2024, 06:26","","Hammer Curl (Dumbbell)",,"",2,"normal",26,10,,,
"Pull","24 Mar 2024, 05:02","24 Mar 2024, 06:26","","Dumbbell Row",,"",0,"normal",20,12,,,
"Pull","24 Mar 2024, 05:02","24 Mar 2024, 06:26","","Dumbbell Row",,"",1,"normal",20,12,,,
"Pull","24 Mar 2024, 05:02","24 Mar 2024, 06:26","","Dumbbell Row",,"",2,"normal",20,12,,,
"Pull","24 Mar 2024, 05:02","24 Mar 2024, 06:26","","Concentration Curl",,"",0,"normal",17,8,,,
"Pull","24 Mar 2024, 05:02","24 Mar 2024, 06:26","","Concentration Curl",,"",1,"normal",17,8,,,
"Pull","24 Mar 2024, 05:02","24 Mar 2024, 06:26","","Concentration Curl",,"",2,"normal",17,8,,,
"Pull","24 Mar 2024, 05:02","24 Mar 2024, 06:26","","Chest Supported Reverse Fly (Dumbbell)",,"",0,"normal",16,20,,,
"Pull","24 Mar 2024, 05:02","24 Mar 2024, 06:26","","Chest Supported Reverse Fly (Dumbbell)",,"",1,"normal",16,20,,,
"Push","22 Mar 2024, 05:04","22 Mar 2024, 06:15","","Incline Bench Press (Dumbbell)",,"",0,"normal",34,12,,,8.5
"Push","22 Mar 2024, 05:04","22 Mar 2024, 06:15","","Incline Bench Press (Dumbbell)",,"",1,"normal",34,12,,,9
"Push","22 Mar 2024, 05:04","22 Mar 2024, 06:15","","Incline Bench Press (Dumbbell)",,"",2,"normal",34,11,,,10
"Push","22 Mar 2024, 05:04","22 Mar 2024, 06:15","","Hex Press",,"",0,"normal",34,11,,,
"Push","22 Mar 2024, 05:04","22 Mar 2024, 06:15","","Hex Press",,"",1,"normal",34,11,,,
"Push","22 Mar 2024, 05:04","22 Mar 2024, 06:15","","Hex Press",,"",2,"normal",34,11,,,
"Push","22 Mar 2024, 05:04","22 Mar 2024, 06:15","","Bench Press (Dumbbell)",,"",0,"normal",34,11,,,
"Push","22 Mar 2024, 05:04","22 Mar 2024, 06:15","","Bench Press (Dumbbell)",,"",1,"normal",34,12,,,
"Push","22 Mar 2024, 05:04","22 Mar 2024, 06:15","","Bench Press (Dumbbell)",,"",2,"normal",34,12,,,
"Push","22 Mar 2024, 05:04","22 Mar 2024, 06:15","","Bench Dip",,"",0,"normal",,25,,,
"Push","22 Mar 2024, 05:04","22 Mar 2024, 06:15","","Bench Dip",,"",1,"normal",,20,,,
"Push","22 Mar 2024, 05:04","22 Mar 2024, 06:15","","Bench Dip",,"",2,"normal",,20,,,
"Push","22 Mar 2024, 05:04","22 Mar 2024, 06:15","","Overhead Press (Dumbbell)",,"",0,"normal",26,12,,,
"Push","22 Mar 2024, 05:04","22 Mar 2024, 06:15","","Overhead Press (Dumbbell)",,"",1,"normal",26,12,,,
"Push","22 Mar 2024, 05:04","22 Mar 2024, 06:15","","Overhead Press (Dumbbell)",,"",2,"normal",26,11,,,
"Push","22 Mar 2024, 05:04","22 Mar 2024, 06:15","","Push Up",,"",0,"normal",,15,,,
"Push","22 Mar 2024, 05:04","22 Mar 2024, 06:15","","Push Up",,"",1,"normal",,15,,,
"Push","22 Mar 2024, 05:04","22 Mar 2024, 06:15","","Push Up",,"",2,"normal",,15,,,
"Push","22 Mar 2024, 05:04","22 Mar 2024, 06:15","","Lateral Raise (Dumbbell)",,"",0,"normal",16,12,,,
"Push","22 Mar 2024, 05:04","22 Mar 2024, 06:15","","Lateral Raise (Dumbbell)",,"",1,"normal",16,12,,,
"Push","22 Mar 2024, 05:04","22 Mar 2024, 06:15","","Front Raise (Dumbbell)",,"",0,"normal",16,15,,,
"Pull","21 Mar 2024, 05:05","21 Mar 2024, 06:20","","Pull Up",,"",0,"normal",,15,,,
"Pull","21 Mar 2024, 05:05","21 Mar 2024, 06:20","","Pull Up",,"",1,"normal",,15,,,
"Pull","21 Mar 2024, 05:05","21 Mar 2024, 06:20","","Pull Up",,"",2,"normal",,11,,,
"Pull","21 Mar 2024, 05:05","21 Mar 2024, 06:20","","Bicep Curl (Dumbbell)",,"",0,"normal",26,12,,,
"Pull","21 Mar 2024, 05:05","21 Mar 2024, 06:20","","Bicep Curl (Dumbbell)",,"",1,"normal",26,10,,,
"Pull","21 Mar 2024, 05:05","21 Mar 2024, 06:20","","Bicep Curl (Dumbbell)",,"",2,"normal",26,10,,,
"Pull","21 Mar 2024, 05:05","21 Mar 2024, 06:20","","Bent Over Row (Barbell)",,"",0,"normal",34,15,,,
"Pull","21 Mar 2024, 05:05","21 Mar 2024, 06:20","","Bent Over Row (Barbell)",,"",1,"normal",34,15,,,
"Pull","21 Mar 2024, 05:05","21 Mar 2024, 06:20","","Bent Over Row (Barbell)",,"",2,"normal",34,15,,,
"Pull","21 Mar 2024, 05:05","21 Mar 2024, 06:20","","Hammer Curl (Dumbbell)",,"",0,"normal",26,12,,,
"Pull","21 Mar 2024, 05:05","21 Mar 2024, 06:20","","Hammer Curl (Dumbbell)",,"",1,"normal",26,12,,,
"Pull","21 Mar 2024, 05:05","21 Mar 2024, 06:20","","Hammer Curl (Dumbbell)",,"",2,"normal",26,12,,,
"Pull","21 Mar 2024, 05:05","21 Mar 2024, 06:20","","Dumbbell Row",,"",0,"normal",17,20,,,
"Pull","21 Mar 2024, 05:05","21 Mar 2024, 06:20","","Dumbbell Row",,"",1,"normal",17,20,,,
"Pull","21 Mar 2024, 05:05","21 Mar 2024, 06:20","","Dumbbell Row",,"",2,"normal",17,20,,,
"Pull","21 Mar 2024, 05:05","21 Mar 2024, 06:20","","Concentration Curl",,"",0,"normal",17,8,,,
"Pull","21 Mar 2024, 05:05","21 Mar 2024, 06:20","","Concentration Curl",,"",1,"normal",17,8,,,
"Pull","21 Mar 2024, 05:05","21 Mar 2024, 06:20","","Concentration Curl",,"",2,"normal",17,8,,,
"Push","19 Mar 2024, 05:09","19 Mar 2024, 06:18","","Incline Bench Press (Dumbbell)",,"",0,"normal",34,12,,,9
"Push","19 Mar 2024, 05:09","19 Mar 2024, 06:18","","Incline Bench Press (Dumbbell)",,"",1,"normal",34,12,,,9.5
"Push","19 Mar 2024, 05:09","19 Mar 2024, 06:18","","Incline Bench Press (Dumbbell)",,"",2,"normal",34,10,,,10
"Push","19 Mar 2024, 05:09","19 Mar 2024, 06:18","","Bench Dip",,"",0,"normal",,25,,,
"Push","19 Mar 2024, 05:09","19 Mar 2024, 06:18","","Bench Dip",,"",1,"normal",,20,,,
"Push","19 Mar 2024, 05:09","19 Mar 2024, 06:18","","Bench Dip",,"",2,"normal",,20,,,
"Push","19 Mar 2024, 05:09","19 Mar 2024, 06:18","","Bench Press (Dumbbell)",,"",0,"normal",34,12,,,
"Push","19 Mar 2024, 05:09","19 Mar 2024, 06:18","","Bench Press (Dumbbell)",,"",1,"normal",34,12,,,
"Push","19 Mar 2024, 05:09","19 Mar 2024, 06:18","","Bench Press (Dumbbell)",,"",2,"normal",34,11,,,
"Push","19 Mar 2024, 05:09","19 Mar 2024, 06:18","","Hex Press",,"",0,"normal",26,15,,,
"Push","19 Mar 2024, 05:09","19 Mar 2024, 06:18","","Hex Press",,"",1,"normal",26,13,,,
"Push","19 Mar 2024, 05:09","19 Mar 2024, 06:18","","Hex Press",,"",2,"normal",26,13,,,
"Push","19 Mar 2024, 05:09","19 Mar 2024, 06:18","","Overhead Press (Dumbbell)",,"",0,"normal",26,10,,,
"Push","19 Mar 2024, 05:09","19 Mar 2024, 06:18","","Overhead Press (Dumbbell)",,"",1,"normal",26,10,,,
"Push","19 Mar 2024, 05:09","19 Mar 2024, 06:18","","Overhead Press (Dumbbell)",,"",2,"normal",26,10,,,
"Push","19 Mar 2024, 05:09","19 Mar 2024, 06:18","","Push Up",,"",0,"normal",,15,,,
"Push","19 Mar 2024, 05:09","19 Mar 2024, 06:18","","Push Up",,"",1,"normal",,15,,,
"Push","19 Mar 2024, 05:09","19 Mar 2024, 06:18","","Push Up",,"",2,"normal",,15,,,
"Push","19 Mar 2024, 05:09","19 Mar 2024, 06:18","","Lateral Raise (Dumbbell)",,"",0,"normal",16,15,,,
"Push","19 Mar 2024, 05:09","19 Mar 2024, 06:18","","Lateral Raise (Dumbbell)",,"",1,"normal",16,12,,,
"Push","19 Mar 2024, 05:09","19 Mar 2024, 06:18","","Front Raise (Dumbbell)",,"",0,"normal",16,15,,,
"Pull","18 Mar 2024, 05:03","18 Mar 2024, 06:11","","Pull Up (Weighted)",,"",0,"normal",10,8,,,
"Pull","18 Mar 2024, 05:03","18 Mar 2024, 06:11","","Pull Up (Weighted)",,"",1,"normal",10,8,,,
"Pull","18 Mar 2024, 05:03","18 Mar 2024, 06:11","","Pull Up (Weighted)",,"",2,"normal",10,8,,,
"Pull","18 Mar 2024, 05:03","18 Mar 2024, 06:11","","Bicep Curl (Dumbbell)",,"",0,"normal",26,10,,,
"Pull","18 Mar 2024, 05:03","18 Mar 2024, 06:11","","Bicep Curl (Dumbbell)",,"",1,"normal",26,10,,,
"Pull","18 Mar 2024, 05:03","18 Mar 2024, 06:11","","Bicep Curl (Dumbbell)",,"",2,"normal",26,10,,,
"Pull","18 Mar 2024, 05:03","18 Mar 2024, 06:11","","Bent Over Row (Barbell)",,"",0,"normal",34,15,,,
"Pull","18 Mar 2024, 05:03","18 Mar 2024, 06:11","","Bent Over Row (Barbell)",,"",1,"normal",34,15,,,
"Pull","18 Mar 2024, 05:03","18 Mar 2024, 06:11","","Bent Over Row (Barbell)",,"",2,"normal",34,15,,,
"Pull","18 Mar 2024, 05:03","18 Mar 2024, 06:11","","Hammer Curl (Dumbbell)",,"",0,"normal",26,12,,,
"Pull","18 Mar 2024, 05:03","18 Mar 2024, 06:11","","Hammer Curl (Dumbbell)",,"",1,"normal",26,10,,,
"Pull","18 Mar 2024, 05:03","18 Mar 2024, 06:11","","Hammer Curl (Dumbbell)",,"",2,"normal",26,10,,,
"Pull","18 Mar 2024, 05:03","18 Mar 2024, 06:11","","Dumbbell Row",,"",0,"normal",17,20,,,
"Pull","18 Mar 2024, 05:03","18 Mar 2024, 06:11","","Dumbbell Row",,"",1,"normal",17,20,,,
"Pull","18 Mar 2024, 05:03","18 Mar 2024, 06:11","","Dumbbell Row",,"",2,"normal",17,20,,,
"Pull","18 Mar 2024, 05:03","18 Mar 2024, 06:11","","Concentration Curl",,"",0,"normal",17,8,,,
"Pull","18 Mar 2024, 05:03","18 Mar 2024, 06:11","","Concentration Curl",,"",1,"normal",17,8,,,
"Pull","18 Mar 2024, 05:03","18 Mar 2024, 06:11","","Concentration Curl",,"",2,"normal",17,8,,,
"Push","17 Mar 2024, 05:00","17 Mar 2024, 06:03","","Incline Bench Press (Dumbbell)",,"",0,"normal",34,11,,,9.5
"Push","17 Mar 2024, 05:00","17 Mar 2024, 06:03","","Incline Bench Press (Dumbbell)",,"",1,"normal",34,11,,,9.5
"Push","17 Mar 2024, 05:00","17 Mar 2024, 06:03","","Incline Bench Press (Dumbbell)",,"",2,"normal",34,9,,,
"Push","17 Mar 2024, 05:00","17 Mar 2024, 06:03","","Bench Dip",,"",0,"normal",,25,,,
"Push","17 Mar 2024, 05:00","17 Mar 2024, 06:03","","Bench Dip",,"",1,"normal",,20,,,
"Push","17 Mar 2024, 05:00","17 Mar 2024, 06:03","","Bench Dip",,"",2,"normal",,20,,,
"Push","17 Mar 2024, 05:00","17 Mar 2024, 06:03","","Bench Press (Dumbbell)",,"",0,"normal",34,12,,,9.5
"Push","17 Mar 2024, 05:00","17 Mar 2024, 06:03","","Bench Press (Dumbbell)",,"",1,"normal",34,12,,,10
"Push","17 Mar 2024, 05:00","17 Mar 2024, 06:03","","Bench Press (Dumbbell)",,"",2,"normal",34,10,,,10
"Push","17 Mar 2024, 05:00","17 Mar 2024, 06:03","","Hex Press",,"",0,"normal",26,13,,,
"Push","17 Mar 2024, 05:00","17 Mar 2024, 06:03","","Hex Press",,"",1,"normal",26,13,,,
"Push","17 Mar 2024, 05:00","17 Mar 2024, 06:03","","Hex Press",,"",2,"normal",26,13,,,
"Push","17 Mar 2024, 05:00","17 Mar 2024, 06:03","","Overhead Press (Dumbbell)",,"",0,"normal",26,10,,,
"Push","17 Mar 2024, 05:00","17 Mar 2024, 06:03","","Overhead Press (Dumbbell)",,"",1,"normal",26,10,,,
"Push","17 Mar 2024, 05:00","17 Mar 2024, 06:03","","Overhead Press (Dumbbell)",,"",2,"normal",26,9,,,
"Push","17 Mar 2024, 05:00","17 Mar 2024, 06:03","","Lateral Raise (Dumbbell)",,"",0,"normal",16,12,,,
"Push","17 Mar 2024, 05:00","17 Mar 2024, 06:03","","Lateral Raise (Dumbbell)",,"",1,"normal",16,12,,,
"Push","17 Mar 2024, 05:00","17 Mar 2024, 06:03","","Front Raise (Dumbbell)",,"",0,"normal",16,12,,,
"Pull","15 Mar 2024, 05:00","15 Mar 2024, 06:19","","Pull Up",,"",0,"normal",,12,,,9
"Pull","15 Mar 2024, 05:00","15 Mar 2024, 06:19","","Pull Up",,"",1,"normal",,12,,,9.5
"Pull","15 Mar 2024, 05:00","15 Mar 2024, 06:19","","Pull Up",,"",2,"normal",,12,,,10
"Pull","15 Mar 2024, 05:00","15 Mar 2024, 06:19","","Bicep Curl (Dumbbell)",,"",0,"normal",26,12,,,
"Pull","15 Mar 2024, 05:00","15 Mar 2024, 06:19","","Bicep Curl (Dumbbell)",,"",1,"normal",26,10,,,
"Pull","15 Mar 2024, 05:00","15 Mar 2024, 06:19","","Bicep Curl (Dumbbell)",,"",2,"normal",26,10,,,
"Pull","15 Mar 2024, 05:00","15 Mar 2024, 06:19","","Bent Over Row (Barbell)",,"",0,"normal",34,15,,,
"Pull","15 Mar 2024, 05:00","15 Mar 2024, 06:19","","Bent Over Row (Barbell)",,"",1,"normal",34,15,,,
"Pull","15 Mar 2024, 05:00","15 Mar 2024, 06:19","","Bent Over Row (Barbell)",,"",2,"normal",34,15,,,
"Pull","15 Mar 2024, 05:00","15 Mar 2024, 06:19","","Hammer Curl (Dumbbell)",,"",0,"normal",26,12,,,
"Pull","15 Mar 2024, 05:00","15 Mar 2024, 06:19","","Hammer Curl (Dumbbell)",,"",1,"normal",26,10,,,
"Pull","15 Mar 2024, 05:00","15 Mar 2024, 06:19","","Hammer Curl (Dumbbell)",,"",2,"normal",26,10,,,
"Pull","15 Mar 2024, 05:00","15 Mar 2024, 06:19","","Dumbbell Row",,"",0,"normal",17,20,,,
"Pull","15 Mar 2024, 05:00","15 Mar 2024, 06:19","","Dumbbell Row",,"",1,"normal",17,20,,,
"Pull","15 Mar 2024, 05:00","15 Mar 2024, 06:19","","Dumbbell Row",,"",2,"normal",17,20,,,
"Pull","15 Mar 2024, 05:00","15 Mar 2024, 06:19","","Concentration Curl",,"",0,"normal",17,10,,,
"Pull","15 Mar 2024, 05:00","15 Mar 2024, 06:19","","Concentration Curl",,"",1,"normal",17,8,,,
"Pull","15 Mar 2024, 05:00","15 Mar 2024, 06:19","","Concentration Curl",,"",2,"normal",17,8,,,
"Pull","15 Mar 2024, 05:00","15 Mar 2024, 06:19","","Chest Supported Reverse Fly (Dumbbell)",,"",0,"normal",16,20,,,
"Pull","15 Mar 2024, 05:00","15 Mar 2024, 06:19","","Chest Supported Reverse Fly (Dumbbell)",,"",1,"normal",16,20,,,
"Push","14 Mar 2024, 05:18","14 Mar 2024, 06:21","","Incline Bench Press (Dumbbell)",,"",0,"normal",34,12,,,8.5
"Push","14 Mar 2024, 05:18","14 Mar 2024, 06:21","","Incline Bench Press (Dumbbell)",,"",1,"normal",34,12,,,9
"Push","14 Mar 2024, 05:18","14 Mar 2024, 06:21","","Incline Bench Press (Dumbbell)",,"",2,"normal",34,9,,,9.5
"Push","14 Mar 2024, 05:18","14 Mar 2024, 06:21","","Bench Dip",,"",0,"normal",,25,,,
"Push","14 Mar 2024, 05:18","14 Mar 2024, 06:21","","Bench Dip",,"",1,"normal",,20,,,
"Push","14 Mar 2024, 05:18","14 Mar 2024, 06:21","","Bench Dip",,"",2,"normal",,20,,,
"Push","14 Mar 2024, 05:18","14 Mar 2024, 06:21","","Bench Press (Dumbbell)",,"",0,"normal",34,12,,,9.5
"Push","14 Mar 2024, 05:18","14 Mar 2024, 06:21","","Bench Press (Dumbbell)",,"",1,"normal",34,11,,,9.5
"Push","14 Mar 2024, 05:18","14 Mar 2024, 06:21","","Bench Press (Dumbbell)",,"",2,"normal",34,12,,,9.5
"Push","14 Mar 2024, 05:18","14 Mar 2024, 06:21","","Hex Press",,"",0,"normal",34,8,,,9.5
"Push","14 Mar 2024, 05:18","14 Mar 2024, 06:21","","Hex Press",,"",1,"normal",34,8,,,
"Push","14 Mar 2024, 05:18","14 Mar 2024, 06:21","","Hex Press",,"",2,"normal",26,15,,,
"Push","14 Mar 2024, 05:18","14 Mar 2024, 06:21","","Overhead Press (Dumbbell)",,"",0,"normal",26,10,,,
"Push","14 Mar 2024, 05:18","14 Mar 2024, 06:21","","Overhead Press (Dumbbell)",,"",1,"normal",26,9,,,
"Push","14 Mar 2024, 05:18","14 Mar 2024, 06:21","","Overhead Press (Dumbbell)",,"",2,"normal",26,9,,,
"Push","14 Mar 2024, 05:18","14 Mar 2024, 06:21","","Push Up",,"",0,"normal",,17,,,
"Push","14 Mar 2024, 05:18","14 Mar 2024, 06:21","","Push Up",,"",1,"normal",,15,,,
"Push","14 Mar 2024, 05:18","14 Mar 2024, 06:21","","Push Up",,"",2,"normal",,15,,,
"Push","14 Mar 2024, 05:18","14 Mar 2024, 06:21","","Lateral Raise (Dumbbell)",,"",0,"normal",16,12,,,
"Push","14 Mar 2024, 05:18","14 Mar 2024, 06:21","","Lateral Raise (Dumbbell)",,"",1,"normal",16,12,,,
"Push","14 Mar 2024, 05:18","14 Mar 2024, 06:21","","Front Raise (Dumbbell)",,"",0,"normal",16,12,,,
"Pull","13 Mar 2024, 05:04","13 Mar 2024, 06:19","","Pull Up",,"",0,"normal",,12,,,
"Pull","13 Mar 2024, 05:04","13 Mar 2024, 06:19","","Pull Up",,"",1,"normal",,12,,,
"Pull","13 Mar 2024, 05:04","13 Mar 2024, 06:19","","Pull Up",,"",2,"normal",,12,,,
"Pull","13 Mar 2024, 05:04","13 Mar 2024, 06:19","","Bicep Curl (Dumbbell)",,"",0,"normal",26,10,,,
"Pull","13 Mar 2024, 05:04","13 Mar 2024, 06:19","","Bicep Curl (Dumbbell)",,"",1,"normal",26,10,,,
"Pull","13 Mar 2024, 05:04","13 Mar 2024, 06:19","","Bicep Curl (Dumbbell)",,"",2,"normal",26,10,,,
"Pull","13 Mar 2024, 05:04","13 Mar 2024, 06:19","","Bent Over Row (Barbell)",,"",0,"normal",34,15,,,
"Pull","13 Mar 2024, 05:04","13 Mar 2024, 06:19","","Bent Over Row (Barbell)",,"",1,"normal",34,15,,,
"Pull","13 Mar 2024, 05:04","13 Mar 2024, 06:19","","Bent Over Row (Barbell)",,"",2,"normal",34,15,,,
"Pull","13 Mar 2024, 05:04","13 Mar 2024, 06:19","","Hammer Curl (Dumbbell)",,"",0,"normal",26,12,,,
"Pull","13 Mar 2024, 05:04","13 Mar 2024, 06:19","","Hammer Curl (Dumbbell)",,"",1,"normal",26,10,,,
"Pull","13 Mar 2024, 05:04","13 Mar 2024, 06:19","","Hammer Curl (Dumbbell)",,"",2,"normal",26,10,,,
"Pull","13 Mar 2024, 05:04","13 Mar 2024, 06:19","","Dumbbell Row",,"",0,"normal",17,20,,,
"Pull","13 Mar 2024, 05:04","13 Mar 2024, 06:19","","Dumbbell Row",,"",1,"normal",17,20,,,
"Pull","13 Mar 2024, 05:04","13 Mar 2024, 06:19","","Dumbbell Row",,"",2,"normal",17,20,,,
"Pull","13 Mar 2024, 05:04","13 Mar 2024, 06:19","","Concentration Curl",,"",0,"normal",17,8,,,
"Pull","13 Mar 2024, 05:04","13 Mar 2024, 06:19","","Concentration Curl",,"",1,"normal",17,8,,,
"Pull","13 Mar 2024, 05:04","13 Mar 2024, 06:19","","Concentration Curl",,"",2,"normal",17,8,,,
"Push","12 Mar 2024, 05:09","12 Mar 2024, 06:16","Day 186 of working out","Incline Bench Press (Dumbbell)",,"",0,"normal",34,11,,,9.5
"Push","12 Mar 2024, 05:09","12 Mar 2024, 06:16","Day 186 of working out","Incline Bench Press (Dumbbell)",,"",1,"normal",34,10,,,9.5
"Push","12 Mar 2024, 05:09","12 Mar 2024, 06:16","Day 186 of working out","Incline Bench Press (Dumbbell)",,"",2,"normal",34,9,,,9.5
"Push","12 Mar 2024, 05:09","12 Mar 2024, 06:16","Day 186 of working out","Bench Dip",,"",0,"normal",,20,,,
"Push","12 Mar 2024, 05:09","12 Mar 2024, 06:16","Day 186 of working out","Bench Dip",,"",1,"normal",,20,,,
"Push","12 Mar 2024, 05:09","12 Mar 2024, 06:16","Day 186 of working out","Bench Dip",,"",2,"normal",,20,,,
"Push","12 Mar 2024, 05:09","12 Mar 2024, 06:16","Day 186 of working out","Bench Press (Dumbbell)",,"",0,"normal",34,12,,,
"Push","12 Mar 2024, 05:09","12 Mar 2024, 06:16","Day 186 of working out","Bench Press (Dumbbell)",,"",1,"normal",34,12,,,
"Push","12 Mar 2024, 05:09","12 Mar 2024, 06:16","Day 186 of working out","Bench Press (Dumbbell)",,"",2,"normal",34,12,,,
"Push","12 Mar 2024, 05:09","12 Mar 2024, 06:16","Day 186 of working out","Hex Press",,"",0,"normal",26,13,,,
"Push","12 Mar 2024, 05:09","12 Mar 2024, 06:16","Day 186 of working out","Hex Press",,"",1,"normal",26,13,,,
"Push","12 Mar 2024, 05:09","12 Mar 2024, 06:16","Day 186 of working out","Hex Press",,"",2,"normal",26,13,,,
"Push","12 Mar 2024, 05:09","12 Mar 2024, 06:16","Day 186 of working out","Overhead Press (Dumbbell)",,"",0,"normal",26,10,,,
"Push","12 Mar 2024, 05:09","12 Mar 2024, 06:16","Day 186 of working out","Overhead Press (Dumbbell)",,"",1,"normal",26,10,,,
"Push","12 Mar 2024, 05:09","12 Mar 2024, 06:16","Day 186 of working out","Overhead Press (Dumbbell)",,"",2,"normal",26,8,,,
"Push","12 Mar 2024, 05:09","12 Mar 2024, 06:16","Day 186 of working out","Push Up",,"",0,"normal",,15,,,
"Push","12 Mar 2024, 05:09","12 Mar 2024, 06:16","Day 186 of working out","Push Up",,"",1,"normal",,15,,,
"Push","12 Mar 2024, 05:09","12 Mar 2024, 06:16","Day 186 of working out","Push Up",,"",2,"normal",,15,,,
"Push","12 Mar 2024, 05:09","12 Mar 2024, 06:16","Day 186 of working out","Lateral Raise (Dumbbell)",,"",0,"normal",16,15,,,
"Push","12 Mar 2024, 05:09","12 Mar 2024, 06:16","Day 186 of working out","Lateral Raise (Dumbbell)",,"",1,"normal",16,12,,,
"Push","12 Mar 2024, 05:09","12 Mar 2024, 06:16","Day 186 of working out","Front Raise (Dumbbell)",,"",0,"normal",16,12,,,
"Pull","8 Mar 2024, 05:14","8 Mar 2024, 06:22","","Pull Up",,"",0,"normal",,12,,,
"Pull","8 Mar 2024, 05:14","8 Mar 2024, 06:22","","Pull Up",,"",1,"normal",,12,,,
"Pull","8 Mar 2024, 05:14","8 Mar 2024, 06:22","","Pull Up",,"",2,"normal",,12,,,
"Pull","8 Mar 2024, 05:14","8 Mar 2024, 06:22","","Bicep Curl (Dumbbell)",,"",0,"normal",26,10,,,
"Pull","8 Mar 2024, 05:14","8 Mar 2024, 06:22","","Bicep Curl (Dumbbell)",,"",1,"normal",26,10,,,
"Pull","8 Mar 2024, 05:14","8 Mar 2024, 06:22","","Bicep Curl (Dumbbell)",,"",2,"normal",26,10,,,
"Pull","8 Mar 2024, 05:14","8 Mar 2024, 06:22","","Bent Over Row (Barbell)",,"",0,"normal",34,15,,,
"Pull","8 Mar 2024, 05:14","8 Mar 2024, 06:22","","Bent Over Row (Barbell)",,"",1,"normal",34,15,,,
"Pull","8 Mar 2024, 05:14","8 Mar 2024, 06:22","","Bent Over Row (Barbell)",,"",2,"normal",34,15,,,
"Pull","8 Mar 2024, 05:14","8 Mar 2024, 06:22","","Hammer Curl (Dumbbell)",,"",0,"normal",26,10,,,
"Pull","8 Mar 2024, 05:14","8 Mar 2024, 06:22","","Hammer Curl (Dumbbell)",,"",1,"normal",26,10,,,
"Pull","8 Mar 2024, 05:14","8 Mar 2024, 06:22","","Hammer Curl (Dumbbell)",,"",2,"normal",26,10,,,
"Pull","8 Mar 2024, 05:14","8 Mar 2024, 06:22","","Dumbbell Row",,"",0,"normal",17,20,,,
"Pull","8 Mar 2024, 05:14","8 Mar 2024, 06:22","","Dumbbell Row",,"",1,"normal",17,20,,,
"Pull","8 Mar 2024, 05:14","8 Mar 2024, 06:22","","Dumbbell Row",,"",2,"normal",17,20,,,
"Pull","8 Mar 2024, 05:14","8 Mar 2024, 06:22","","Concentration Curl",,"",0,"normal",17,8,,,
"Pull","8 Mar 2024, 05:14","8 Mar 2024, 06:22","","Concentration Curl",,"",1,"normal",17,8,,,
"Pull","8 Mar 2024, 05:14","8 Mar 2024, 06:22","","Concentration Curl",,"",2,"normal",17,8,,,
"Push","7 Mar 2024, 05:09","7 Mar 2024, 06:13","","Incline Bench Press (Dumbbell)",,"",0,"normal",34,12,,,
"Push","7 Mar 2024, 05:09","7 Mar 2024, 06:13","","Incline Bench Press (Dumbbell)",,"",1,"normal",34,12,,,
"Push","7 Mar 2024, 05:09","7 Mar 2024, 06:13","","Incline Bench Press (Dumbbell)",,"",2,"normal",34,10,,,
"Push","7 Mar 2024, 05:09","7 Mar 2024, 06:13","","Overhead Press (Dumbbell)",,"",0,"normal",26,9,,,
"Push","7 Mar 2024, 05:09","7 Mar 2024, 06:13","","Overhead Press (Dumbbell)",,"",1,"normal",26,9,,,
"Push","7 Mar 2024, 05:09","7 Mar 2024, 06:13","","Overhead Press (Dumbbell)",,"",2,"normal",26,9,,,
"Push","7 Mar 2024, 05:09","7 Mar 2024, 06:13","","Bench Press (Dumbbell)",,"",0,"normal",34,12,,,
"Push","7 Mar 2024, 05:09","7 Mar 2024, 06:13","","Bench Press (Dumbbell)",,"",1,"normal",34,11,,,
"Push","7 Mar 2024, 05:09","7 Mar 2024, 06:13","","Bench Press (Dumbbell)",,"",2,"normal",34,10,,,
"Push","7 Mar 2024, 05:09","7 Mar 2024, 06:13","","Bench Dip",,"",0,"normal",,20,,,
"Push","7 Mar 2024, 05:09","7 Mar 2024, 06:13","","Bench Dip",,"",1,"normal",,20,,,
"Push","7 Mar 2024, 05:09","7 Mar 2024, 06:13","","Bench Dip",,"",2,"normal",,20,,,
"Push","7 Mar 2024, 05:09","7 Mar 2024, 06:13","","Hex Press",,"",0,"normal",26,12,,,
"Push","7 Mar 2024, 05:09","7 Mar 2024, 06:13","","Hex Press",,"",1,"normal",26,13,,,
"Push","7 Mar 2024, 05:09","7 Mar 2024, 06:13","","Hex Press",,"",2,"normal",26,13,,,
"Push","7 Mar 2024, 05:09","7 Mar 2024, 06:13","","Lateral Raise (Dumbbell)",,"",0,"normal",16,12,,,
"Push","7 Mar 2024, 05:09","7 Mar 2024, 06:13","","Lateral Raise (Dumbbell)",,"",1,"normal",16,12,,,
"Push","7 Mar 2024, 05:09","7 Mar 2024, 06:13","","Front Raise (Dumbbell)",,"",0,"normal",16,12,,,
"Pull","6 Mar 2024, 05:01","6 Mar 2024, 06:10","","Pull Up",,"",0,"normal",,12,,,
"Pull","6 Mar 2024, 05:01","6 Mar 2024, 06:10","","Pull Up",,"",1,"normal",,12,,,
"Pull","6 Mar 2024, 05:01","6 Mar 2024, 06:10","","Pull Up",,"",2,"normal",,12,,,
"Pull","6 Mar 2024, 05:01","6 Mar 2024, 06:10","","Bicep Curl (Dumbbell)",,"",0,"normal",26,12,,,
"Pull","6 Mar 2024, 05:01","6 Mar 2024, 06:10","","Bicep Curl (Dumbbell)",,"",1,"normal",26,10,,,
"Pull","6 Mar 2024, 05:01","6 Mar 2024, 06:10","","Bicep Curl (Dumbbell)",,"",2,"normal",26,10,,,
"Pull","6 Mar 2024, 05:01","6 Mar 2024, 06:10","","Bent Over Row (Barbell)",,"",0,"normal",34,15,,,
"Pull","6 Mar 2024, 05:01","6 Mar 2024, 06:10","","Bent Over Row (Barbell)",,"",1,"normal",34,15,,,
"Pull","6 Mar 2024, 05:01","6 Mar 2024, 06:10","","Bent Over Row (Barbell)",,"",2,"normal",34,15,,,
"Pull","6 Mar 2024, 05:01","6 Mar 2024, 06:10","","Hammer Curl (Dumbbell)",,"",0,"normal",26,12,,,
"Pull","6 Mar 2024, 05:01","6 Mar 2024, 06:10","","Hammer Curl (Dumbbell)",,"",1,"normal",26,10,,,
"Pull","6 Mar 2024, 05:01","6 Mar 2024, 06:10","","Hammer Curl (Dumbbell)",,"",2,"normal",26,10,,,
"Pull","6 Mar 2024, 05:01","6 Mar 2024, 06:10","","Dumbbell Row",,"",0,"normal",17,15,,,
"Pull","6 Mar 2024, 05:01","6 Mar 2024, 06:10","","Dumbbell Row",,"",1,"normal",17,15,,,
"Pull","6 Mar 2024, 05:01","6 Mar 2024, 06:10","","Dumbbell Row",,"",2,"normal",17,15,,,
"Pull","6 Mar 2024, 05:01","6 Mar 2024, 06:10","","Concentration Curl",,"",0,"normal",17,8,,,
"Pull","6 Mar 2024, 05:01","6 Mar 2024, 06:10","","Concentration Curl",,"",1,"normal",17,8,,,
"Pull","6 Mar 2024, 05:01","6 Mar 2024, 06:10","","Concentration Curl",,"",2,"normal",17,8,,,
"Push","5 Mar 2024, 05:15","5 Mar 2024, 06:28","","Incline Bench Press (Dumbbell)",,"",0,"normal",34,11,,,
"Push","5 Mar 2024, 05:15","5 Mar 2024, 06:28","","Incline Bench Press (Dumbbell)",,"",1,"normal",34,9,,,
"Push","5 Mar 2024, 05:15","5 Mar 2024, 06:28","","Incline Bench Press (Dumbbell)",,"",2,"normal",34,9,,,
"Push","5 Mar 2024, 05:15","5 Mar 2024, 06:28","","Bench Dip",,"",0,"normal",,25,,,
"Push","5 Mar 2024, 05:15","5 Mar 2024, 06:28","","Bench Dip",,"",1,"normal",,20,,,
"Push","5 Mar 2024, 05:15","5 Mar 2024, 06:28","","Bench Dip",,"",2,"normal",,20,,,
"Push","5 Mar 2024, 05:15","5 Mar 2024, 06:28","","Bench Press (Dumbbell)",,"",0,"normal",34,12,,,
"Push","5 Mar 2024, 05:15","5 Mar 2024, 06:28","","Bench Press (Dumbbell)",,"",1,"normal",34,12,,,
"Push","5 Mar 2024, 05:15","5 Mar 2024, 06:28","","Bench Press (Dumbbell)",,"",2,"normal",34,10,,,
"Push","5 Mar 2024, 05:15","5 Mar 2024, 06:28","","Hex Press",,"",0,"normal",26,15,,,
"Push","5 Mar 2024, 05:15","5 Mar 2024, 06:28","","Hex Press",,"",1,"normal",26,13,,,
"Push","5 Mar 2024, 05:15","5 Mar 2024, 06:28","","Hex Press",,"",2,"normal",26,13,,,
"Push","5 Mar 2024, 05:15","5 Mar 2024, 06:28","","Overhead Press (Dumbbell)",,"",0,"normal",26,10,,,
"Push","5 Mar 2024, 05:15","5 Mar 2024, 06:28","","Overhead Press (Dumbbell)",,"",1,"normal",26,9,,,
"Push","5 Mar 2024, 05:15","5 Mar 2024, 06:28","","Overhead Press (Dumbbell)",,"",2,"normal",26,8,,,
"Push","5 Mar 2024, 05:15","5 Mar 2024, 06:28","","Push Up",,"",0,"normal",,20,,,
"Push","5 Mar 2024, 05:15","5 Mar 2024, 06:28","","Push Up",,"",1,"normal",,15,,,
"Push","5 Mar 2024, 05:15","5 Mar 2024, 06:28","","Push Up",,"",2,"normal",,15,,,
"Push","5 Mar 2024, 05:15","5 Mar 2024, 06:28","","Lateral Raise (Dumbbell)",,"",0,"normal",16,12,,,
"Push","5 Mar 2024, 05:15","5 Mar 2024, 06:28","","Lateral Raise (Dumbbell)",,"",1,"normal",16,12,,,
"Push","5 Mar 2024, 05:15","5 Mar 2024, 06:28","","Front Raise (Dumbbell)",,"",0,"normal",16,12,,,
"Pull","4 Mar 2024, 05:01","4 Mar 2024, 06:08","","Pull Up",,"",0,"normal",,12,,,
"Pull","4 Mar 2024, 05:01","4 Mar 2024, 06:08","","Pull Up",,"",1,"normal",,12,,,
"Pull","4 Mar 2024, 05:01","4 Mar 2024, 06:08","","Pull Up",,"",2,"normal",,10,,,
"Pull","4 Mar 2024, 05:01","4 Mar 2024, 06:08","","Bicep Curl (Dumbbell)",,"",0,"normal",26,10,,,
"Pull","4 Mar 2024, 05:01","4 Mar 2024, 06:08","","Bicep Curl (Dumbbell)",,"",1,"normal",26,10,,,
"Pull","4 Mar 2024, 05:01","4 Mar 2024, 06:08","","Bicep Curl (Dumbbell)",,"",2,"normal",26,10,,,
"Pull","4 Mar 2024, 05:01","4 Mar 2024, 06:08","","Bent Over Row (Barbell)",,"",0,"normal",34,15,,,
"Pull","4 Mar 2024, 05:01","4 Mar 2024, 06:08","","Bent Over Row (Barbell)",,"",1,"normal",34,15,,,
"Pull","4 Mar 2024, 05:01","4 Mar 2024, 06:08","","Bent Over Row (Barbell)",,"",2,"normal",34,15,,,
"Pull","4 Mar 2024, 05:01","4 Mar 2024, 06:08","","Hammer Curl (Dumbbell)",,"",0,"normal",26,10,,,
"Pull","4 Mar 2024, 05:01","4 Mar 2024, 06:08","","Hammer Curl (Dumbbell)",,"",1,"normal",26,9,,,
"Pull","4 Mar 2024, 05:01","4 Mar 2024, 06:08","","Hammer Curl (Dumbbell)",,"",2,"normal",26,10,,,
"Pull","4 Mar 2024, 05:01","4 Mar 2024, 06:08","","Dumbbell Row",,"",0,"normal",17,15,,,
"Pull","4 Mar 2024, 05:01","4 Mar 2024, 06:08","","Dumbbell Row",,"",1,"normal",17,15,,,
"Pull","4 Mar 2024, 05:01","4 Mar 2024, 06:08","","Dumbbell Row",,"",2,"normal",17,15,,,
"Pull","4 Mar 2024, 05:01","4 Mar 2024, 06:08","","Concentration Curl",,"",0,"normal",17,8,,,
"Pull","4 Mar 2024, 05:01","4 Mar 2024, 06:08","","Concentration Curl",,"",1,"normal",17,8,,,
"Pull","4 Mar 2024, 05:01","4 Mar 2024, 06:08","","Concentration Curl",,"",2,"normal",17,8,,,
"Core/Legs","3 Mar 2024, 05:15","3 Mar 2024, 06:25","","Hanging Knee Raise",,"",0,"normal",,10,,,
"Core/Legs","3 Mar 2024, 05:15","3 Mar 2024, 06:25","","Hanging Knee Raise",,"",1,"normal",,10,,,
"Core/Legs","3 Mar 2024, 05:15","3 Mar 2024, 06:25","","Hanging Knee Raise",,"",2,"normal",,10,,,
"Core/Legs","3 Mar 2024, 05:15","3 Mar 2024, 06:25","","Hanging Knee Raise",,"",3,"normal",,10,,,
"Core/Legs","3 Mar 2024, 05:15","3 Mar 2024, 06:25","","Deadlift (Dumbbell)",,"",0,"normal",34,12,,,
"Core/Legs","3 Mar 2024, 05:15","3 Mar 2024, 06:25","","Deadlift (Dumbbell)",,"",1,"normal",34,12,,,
"Core/Legs","3 Mar 2024, 05:15","3 Mar 2024, 06:25","","Deadlift (Dumbbell)",,"",2,"normal",34,12,,,
"Core/Legs","3 Mar 2024, 05:15","3 Mar 2024, 06:25","","Decline Crunch (Weighted)",,"",0,"normal",17,12,,,
"Core/Legs","3 Mar 2024, 05:15","3 Mar 2024, 06:25","","Decline Crunch (Weighted)",,"",1,"normal",17,12,,,
"Core/Legs","3 Mar 2024, 05:15","3 Mar 2024, 06:25","","Decline Crunch (Weighted)",,"",2,"normal",17,12,,,
"Core/Legs","3 Mar 2024, 05:15","3 Mar 2024, 06:25","","Romanian Deadlift (Dumbbell)",,"",0,"normal",34,12,,,
"Core/Legs","3 Mar 2024, 05:15","3 Mar 2024, 06:25","","Romanian Deadlift (Dumbbell)",,"",1,"normal",34,12,,,
"Core/Legs","3 Mar 2024, 05:15","3 Mar 2024, 06:25","","Romanian Deadlift (Dumbbell)",,"",2,"normal",34,12,,,
"Core/Legs","3 Mar 2024, 05:15","3 Mar 2024, 06:25","","Jump squats (weighted)",,"",0,"normal",10,12,,,
"Core/Legs","3 Mar 2024, 05:15","3 Mar 2024, 06:25","","Jump squats (weighted)",,"",1,"normal",10,12,,,
"Core/Legs","3 Mar 2024, 05:15","3 Mar 2024, 06:25","","Jump squats (weighted)",,"",2,"normal",10,12,,,
"Core/Legs","3 Mar 2024, 05:15","3 Mar 2024, 06:25","","Squat (Barbell)",,"",0,"normal",26,10,,,
"Core/Legs","3 Mar 2024, 05:15","3 Mar 2024, 06:25","","Squat (Barbell)",,"",1,"normal",26,10,,,
"Core/Legs","3 Mar 2024, 05:15","3 Mar 2024, 06:25","","Squat (Barbell)",,"",2,"normal",26,10,,,
"Push","29 Feb 2024, 05:25","29 Feb 2024, 06:32","skipped pushups cuz ab pain","Incline Bench Press (Dumbbell)",,"",0,"normal",34,10,,,
"Push","29 Feb 2024, 05:25","29 Feb 2024, 06:32","skipped pushups cuz ab pain","Incline Bench Press (Dumbbell)",,"",1,"normal",34,10,,,
"Push","29 Feb 2024, 05:25","29 Feb 2024, 06:32","skipped pushups cuz ab pain","Incline Bench Press (Dumbbell)",,"",2,"normal",34,8,,,
"Push","29 Feb 2024, 05:25","29 Feb 2024, 06:32","skipped pushups cuz ab pain","Bench Dip",,"",0,"normal",,20,,,
"Push","29 Feb 2024, 05:25","29 Feb 2024, 06:32","skipped pushups cuz ab pain","Bench Dip",,"",1,"normal",,20,,,
"Push","29 Feb 2024, 05:25","29 Feb 2024, 06:32","skipped pushups cuz ab pain","Bench Dip",,"",2,"normal",,20,,,
"Push","29 Feb 2024, 05:25","29 Feb 2024, 06:32","skipped pushups cuz ab pain","Bench Press (Dumbbell)",,"",0,"normal",34,12,,,
"Push","29 Feb 2024, 05:25","29 Feb 2024, 06:32","skipped pushups cuz ab pain","Bench Press (Dumbbell)",,"",1,"normal",34,12,,,
"Push","29 Feb 2024, 05:25","29 Feb 2024, 06:32","skipped pushups cuz ab pain","Bench Press (Dumbbell)",,"",2,"normal",34,11,,,
"Push","29 Feb 2024, 05:25","29 Feb 2024, 06:32","skipped pushups cuz ab pain","Cable Kickback",,"",0,"normal",16,15,,,
"Push","29 Feb 2024, 05:25","29 Feb 2024, 06:32","skipped pushups cuz ab pain","Cable Kickback",,"",1,"normal",16,15,,,
"Push","29 Feb 2024, 05:25","29 Feb 2024, 06:32","skipped pushups cuz ab pain","Cable Kickback",,"",2,"normal",16,15,,,
"Push","29 Feb 2024, 05:25","29 Feb 2024, 06:32","skipped pushups cuz ab pain","Overhead Press (Dumbbell)",,"",0,"normal",26,10,,,
"Push","29 Feb 2024, 05:25","29 Feb 2024, 06:32","skipped pushups cuz ab pain","Overhead Press (Dumbbell)",,"",1,"normal",26,10,,,
"Push","29 Feb 2024, 05:25","29 Feb 2024, 06:32","skipped pushups cuz ab pain","Overhead Press (Dumbbell)",,"",2,"normal",26,8,,,
"Push","29 Feb 2024, 05:25","29 Feb 2024, 06:32","skipped pushups cuz ab pain","Lateral Raise (Dumbbell)",,"",0,"normal",10,20,,,
"Push","29 Feb 2024, 05:25","29 Feb 2024, 06:32","skipped pushups cuz ab pain","Lateral Raise (Dumbbell)",,"",1,"normal",10,20,,,
"Push","29 Feb 2024, 05:25","29 Feb 2024, 06:32","skipped pushups cuz ab pain","Front Raise (Dumbbell)",,"",0,"normal",10,20,,,
"Pull","28 Feb 2024, 05:16","28 Feb 2024, 06:28","","Pull Up",,"",0,"normal",,12,,,
"Pull","28 Feb 2024, 05:16","28 Feb 2024, 06:28","","Pull Up",,"",1,"normal",,12,,,
"Pull","28 Feb 2024, 05:16","28 Feb 2024, 06:28","","Pull Up",,"",2,"normal",,10,,,
"Pull","28 Feb 2024, 05:16","28 Feb 2024, 06:28","","Bicep Curl (Dumbbell)",,"",0,"normal",26,10,,,
"Pull","28 Feb 2024, 05:16","28 Feb 2024, 06:28","","Bicep Curl (Dumbbell)",,"",1,"normal",26,10,,,
"Pull","28 Feb 2024, 05:16","28 Feb 2024, 06:28","","Bicep Curl (Dumbbell)",,"",2,"normal",26,10,,,
"Pull","28 Feb 2024, 05:16","28 Feb 2024, 06:28","","Bent Over Row (Barbell)",,"",0,"normal",34,15,,,
"Pull","28 Feb 2024, 05:16","28 Feb 2024, 06:28","","Bent Over Row (Barbell)",,"",1,"normal",34,15,,,
"Pull","28 Feb 2024, 05:16","28 Feb 2024, 06:28","","Bent Over Row (Barbell)",,"",2,"normal",34,15,,,
"Pull","28 Feb 2024, 05:16","28 Feb 2024, 06:28","","Hammer Curl (Dumbbell)",,"",0,"normal",26,10,,,
"Pull","28 Feb 2024, 05:16","28 Feb 2024, 06:28","","Hammer Curl (Dumbbell)",,"",1,"normal",26,10,,,
"Pull","28 Feb 2024, 05:16","28 Feb 2024, 06:28","","Hammer Curl (Dumbbell)",,"",2,"normal",26,10,,,
"Pull","28 Feb 2024, 05:16","28 Feb 2024, 06:28","","Dumbbell Row",,"",0,"normal",17,15,,,
"Pull","28 Feb 2024, 05:16","28 Feb 2024, 06:28","","Dumbbell Row",,"",1,"normal",17,15,,,
"Pull","28 Feb 2024, 05:16","28 Feb 2024, 06:28","","Dumbbell Row",,"",2,"normal",17,15,,,
"Pull","28 Feb 2024, 05:16","28 Feb 2024, 06:28","","Concentration Curl",,"",0,"normal",13,15,,,
"Pull","28 Feb 2024, 05:16","28 Feb 2024, 06:28","","Concentration Curl",,"",1,"normal",13,15,,,
"Pull","28 Feb 2024, 05:16","28 Feb 2024, 06:28","","Concentration Curl",,"",2,"normal",13,15,,,
"Core/Legs","27 Feb 2024, 05:34","27 Feb 2024, 06:34","","Hanging Leg Raise",,"",0,"normal",,10,,,
"Core/Legs","27 Feb 2024, 05:34","27 Feb 2024, 06:34","","Hanging Leg Raise",,"",1,"normal",,10,,,
"Core/Legs","27 Feb 2024, 05:34","27 Feb 2024, 06:34","","Hanging Leg Raise",,"",2,"normal",,10,,,
"Core/Legs","27 Feb 2024, 05:34","27 Feb 2024, 06:34","","Deadlift (Dumbbell)",,"",0,"normal",34,12,,,
"Core/Legs","27 Feb 2024, 05:34","27 Feb 2024, 06:34","","Deadlift (Dumbbell)",,"",1,"normal",34,12,,,
"Core/Legs","27 Feb 2024, 05:34","27 Feb 2024, 06:34","","Deadlift (Dumbbell)",,"",2,"normal",34,12,,,
"Core/Legs","27 Feb 2024, 05:34","27 Feb 2024, 06:34","","Decline Crunch (Weighted)",,"",0,"normal",17,12,,,
"Core/Legs","27 Feb 2024, 05:34","27 Feb 2024, 06:34","","Decline Crunch (Weighted)",,"",1,"normal",17,12,,,
"Core/Legs","27 Feb 2024, 05:34","27 Feb 2024, 06:34","","Decline Crunch (Weighted)",,"",2,"normal",17,12,,,
"Core/Legs","27 Feb 2024, 05:34","27 Feb 2024, 06:34","","Romanian Deadlift (Dumbbell)",,"",0,"normal",34,10,,,
"Core/Legs","27 Feb 2024, 05:34","27 Feb 2024, 06:34","","Romanian Deadlift (Dumbbell)",,"",1,"normal",34,10,,,
"Core/Legs","27 Feb 2024, 05:34","27 Feb 2024, 06:34","","Romanian Deadlift (Dumbbell)",,"",2,"normal",34,10,,,
"Core/Legs","27 Feb 2024, 05:34","27 Feb 2024, 06:34","","Jump squats (weighted)",,"",0,"normal",10,15,,,
"Core/Legs","27 Feb 2024, 05:34","27 Feb 2024, 06:34","","Jump squats (weighted)",,"",1,"normal",10,12,,,
"Core/Legs","27 Feb 2024, 05:34","27 Feb 2024, 06:34","","Jump squats (weighted)",,"",2,"normal",10,12,,,
"Core/Legs","27 Feb 2024, 05:34","27 Feb 2024, 06:34","","Squat (Barbell)",,"",0,"normal",26,10,,,
"Core/Legs","27 Feb 2024, 05:34","27 Feb 2024, 06:34","","Squat (Barbell)",,"",1,"normal",26,10,,,
"Core/Legs","27 Feb 2024, 05:34","27 Feb 2024, 06:34","","Squat (Barbell)",,"",2,"normal",26,10,,,
"Push","26 Feb 2024, 05:15","26 Feb 2024, 06:23","","Incline Bench Press (Dumbbell)",,"",0,"normal",34,12,,,
"Push","26 Feb 2024, 05:15","26 Feb 2024, 06:23","","Incline Bench Press (Dumbbell)",,"",1,"normal",34,9,,,
"Push","26 Feb 2024, 05:15","26 Feb 2024, 06:23","","Incline Bench Press (Dumbbell)",,"",2,"normal",34,8,,,
"Push","26 Feb 2024, 05:15","26 Feb 2024, 06:23","","Bench Dip",,"",0,"normal",,25,,,
"Push","26 Feb 2024, 05:15","26 Feb 2024, 06:23","","Bench Dip",,"",1,"normal",,25,,,
"Push","26 Feb 2024, 05:15","26 Feb 2024, 06:23","","Bench Dip",,"",2,"normal",,25,,,
"Push","26 Feb 2024, 05:15","26 Feb 2024, 06:23","","Bench Press (Dumbbell)",,"",0,"normal",34,12,,,
"Push","26 Feb 2024, 05:15","26 Feb 2024, 06:23","","Bench Press (Dumbbell)",,"",1,"normal",34,11,,,
"Push","26 Feb 2024, 05:15","26 Feb 2024, 06:23","","Bench Press (Dumbbell)",,"",2,"normal",34,12,,,
"Push","26 Feb 2024, 05:15","26 Feb 2024, 06:23","","Cable Kickback",,"",0,"normal",10,25,,,
"Push","26 Feb 2024, 05:15","26 Feb 2024, 06:23","","Cable Kickback",,"",1,"normal",10,25,,,
"Push","26 Feb 2024, 05:15","26 Feb 2024, 06:23","","Cable Kickback",,"",2,"normal",10,25,,,
"Push","26 Feb 2024, 05:15","26 Feb 2024, 06:23","","Overhead Press (Dumbbell)",,"",0,"normal",26,10,,,
"Push","26 Feb 2024, 05:15","26 Feb 2024, 06:23","","Overhead Press (Dumbbell)",,"",1,"normal",26,9,,,
"Push","26 Feb 2024, 05:15","26 Feb 2024, 06:23","","Overhead Press (Dumbbell)",,"",2,"normal",26,10,,,
"Push","26 Feb 2024, 05:15","26 Feb 2024, 06:23","","Push Up",,"",0,"normal",,15,,,
"Push","26 Feb 2024, 05:15","26 Feb 2024, 06:23","","Push Up",,"",1,"normal",,15,,,
"Push","26 Feb 2024, 05:15","26 Feb 2024, 06:23","","Push Up",,"",2,"normal",,15,,,
"Push","26 Feb 2024, 05:15","26 Feb 2024, 06:23","","Lateral Raise (Dumbbell)",,"",0,"normal",10,20,,,
"Push","26 Feb 2024, 05:15","26 Feb 2024, 06:23","","Lateral Raise (Dumbbell)",,"",1,"normal",10,20,,,
"Push","26 Feb 2024, 05:15","26 Feb 2024, 06:23","","Front Raise (Dumbbell)",,"",0,"normal",10,20,,,
"Pull","25 Feb 2024, 05:34","25 Feb 2024, 06:42","","Pull Up",,"",0,"normal",,12,,,
"Pull","25 Feb 2024, 05:34","25 Feb 2024, 06:42","","Pull Up",,"",1,"normal",,12,,,
"Pull","25 Feb 2024, 05:34","25 Feb 2024, 06:42","","Pull Up",,"",2,"normal",,12,,,
"Pull","25 Feb 2024, 05:34","25 Feb 2024, 06:42","","Bicep Curl (Dumbbell)",,"",0,"normal",26,12,,,
"Pull","25 Feb 2024, 05:34","25 Feb 2024, 06:42","","Bicep Curl (Dumbbell)",,"",1,"normal",26,10,,,
"Pull","25 Feb 2024, 05:34","25 Feb 2024, 06:42","","Bicep Curl (Dumbbell)",,"",2,"normal",26,10,,,
"Pull","25 Feb 2024, 05:34","25 Feb 2024, 06:42","","Bent Over Row (Barbell)",,"",0,"normal",26,20,,,
"Pull","25 Feb 2024, 05:34","25 Feb 2024, 06:42","","Bent Over Row (Barbell)",,"",1,"normal",26,20,,,
"Pull","25 Feb 2024, 05:34","25 Feb 2024, 06:42","","Bent Over Row (Barbell)",,"",2,"normal",26,15,,,
"Pull","25 Feb 2024, 05:34","25 Feb 2024, 06:42","","Hammer Curl (Dumbbell)",,"",0,"normal",26,12,,,
"Pull","25 Feb 2024, 05:34","25 Feb 2024, 06:42","","Hammer Curl (Dumbbell)",,"",1,"normal",26,10,,,
"Pull","25 Feb 2024, 05:34","25 Feb 2024, 06:42","","Hammer Curl (Dumbbell)",,"",2,"normal",26,10,,,
"Pull","25 Feb 2024, 05:34","25 Feb 2024, 06:42","","Dumbbell Row",,"",0,"normal",17,15,,,
"Pull","25 Feb 2024, 05:34","25 Feb 2024, 06:42","","Dumbbell Row",,"",1,"normal",17,15,,,
"Pull","25 Feb 2024, 05:34","25 Feb 2024, 06:42","","Dumbbell Row",,"",2,"normal",17,15,,,
"Pull","25 Feb 2024, 05:34","25 Feb 2024, 06:42","","Concentration Curl",,"",0,"normal",17,8,,,
"Pull","25 Feb 2024, 05:34","25 Feb 2024, 06:42","","Concentration Curl",,"",1,"normal",13,15,,,
"Pull","25 Feb 2024, 05:34","25 Feb 2024, 06:42","","Concentration Curl",,"",2,"normal",13,15,,,
"Push","23 Feb 2024, 05:27","23 Feb 2024, 06:37","","Incline Bench Press (Dumbbell)",,"",0,"normal",34,10,,,
"Push","23 Feb 2024, 05:27","23 Feb 2024, 06:37","","Incline Bench Press (Dumbbell)",,"",1,"normal",34,10,,,
"Push","23 Feb 2024, 05:27","23 Feb 2024, 06:37","","Incline Bench Press (Dumbbell)",,"",2,"normal",34,10,,,
"Push","23 Feb 2024, 05:27","23 Feb 2024, 06:37","","Bench Dip",,"",0,"normal",,15,,,
"Push","23 Feb 2024, 05:27","23 Feb 2024, 06:37","","Bench Dip",,"",1,"normal",,15,,,
"Push","23 Feb 2024, 05:27","23 Feb 2024, 06:37","","Bench Dip",,"",2,"normal",,20,,,
"Push","23 Feb 2024, 05:27","23 Feb 2024, 06:37","","Bench Press (Dumbbell)",,"",0,"normal",34,12,,,
"Push","23 Feb 2024, 05:27","23 Feb 2024, 06:37","","Bench Press (Dumbbell)",,"",1,"normal",34,12,,,
"Push","23 Feb 2024, 05:27","23 Feb 2024, 06:37","","Bench Press (Dumbbell)",,"",2,"normal",34,12,,,
"Push","23 Feb 2024, 05:27","23 Feb 2024, 06:37","","Cable Kickback",,"",0,"normal",10,25,,,
"Push","23 Feb 2024, 05:27","23 Feb 2024, 06:37","","Cable Kickback",,"",1,"normal",10,25,,,
"Push","23 Feb 2024, 05:27","23 Feb 2024, 06:37","","Cable Kickback",,"",2,"normal",10,25,,,
"Push","23 Feb 2024, 05:27","23 Feb 2024, 06:37","","Overhead Press (Dumbbell)",,"",0,"normal",26,10,,,
"Push","23 Feb 2024, 05:27","23 Feb 2024, 06:37","","Overhead Press (Dumbbell)",,"",1,"normal",26,10,,,
"Push","23 Feb 2024, 05:27","23 Feb 2024, 06:37","","Overhead Press (Dumbbell)",,"",2,"normal",26,9,,,
"Push","23 Feb 2024, 05:27","23 Feb 2024, 06:37","","Push Up",,"",0,"normal",,15,,,
"Push","23 Feb 2024, 05:27","23 Feb 2024, 06:37","","Push Up",,"",1,"normal",,15,,,
"Push","23 Feb 2024, 05:27","23 Feb 2024, 06:37","","Push Up",,"",2,"normal",,15,,,
"Push","23 Feb 2024, 05:27","23 Feb 2024, 06:37","","Lateral Raise (Dumbbell)",,"",0,"normal",10,20,,,
"Push","23 Feb 2024, 05:27","23 Feb 2024, 06:37","","Lateral Raise (Dumbbell)",,"",1,"normal",10,20,,,
"Push","23 Feb 2024, 05:27","23 Feb 2024, 06:37","","Front Raise (Dumbbell)",,"",0,"normal",10,20,,,
"Pull","22 Feb 2024, 05:13","22 Feb 2024, 06:19","","Pull Up",,"",0,"normal",,12,,,
"Pull","22 Feb 2024, 05:13","22 Feb 2024, 06:19","","Pull Up",,"",1,"normal",,12,,,
"Pull","22 Feb 2024, 05:13","22 Feb 2024, 06:19","","Pull Up",,"",2,"normal",,10,,,
"Pull","22 Feb 2024, 05:13","22 Feb 2024, 06:19","","Bicep Curl (Dumbbell)",,"",0,"normal",26,10,,,
"Pull","22 Feb 2024, 05:13","22 Feb 2024, 06:19","","Bicep Curl (Dumbbell)",,"",1,"normal",26,10,,,
"Pull","22 Feb 2024, 05:13","22 Feb 2024, 06:19","","Bicep Curl (Dumbbell)",,"",2,"normal",26,8,,,
"Pull","22 Feb 2024, 05:13","22 Feb 2024, 06:19","","Bent Over Row (Barbell)",,"",0,"normal",26,17,,,
"Pull","22 Feb 2024, 05:13","22 Feb 2024, 06:19","","Bent Over Row (Barbell)",,"",1,"normal",26,17,,,
"Pull","22 Feb 2024, 05:13","22 Feb 2024, 06:19","","Bent Over Row (Barbell)",,"",2,"normal",26,15,,,
"Pull","22 Feb 2024, 05:13","22 Feb 2024, 06:19","","Hammer Curl (Dumbbell)",,"",0,"normal",26,12,,,
"Pull","22 Feb 2024, 05:13","22 Feb 2024, 06:19","","Hammer Curl (Dumbbell)",,"",1,"normal",26,10,,,
"Pull","22 Feb 2024, 05:13","22 Feb 2024, 06:19","","Hammer Curl (Dumbbell)",,"",2,"normal",26,9,,,
"Pull","22 Feb 2024, 05:13","22 Feb 2024, 06:19","","Dumbbell Row",,"",0,"normal",17,15,,,
"Pull","22 Feb 2024, 05:13","22 Feb 2024, 06:19","","Dumbbell Row",,"",1,"normal",17,15,,,
"Pull","22 Feb 2024, 05:13","22 Feb 2024, 06:19","","Dumbbell Row",,"",2,"normal",17,15,,,
"Pull","22 Feb 2024, 05:13","22 Feb 2024, 06:19","","Concentration Curl",,"",0,"normal",17,8,,,
"Pull","22 Feb 2024, 05:13","22 Feb 2024, 06:19","","Concentration Curl",,"",1,"normal",13,13,,,
"Pull","22 Feb 2024, 05:13","22 Feb 2024, 06:19","","Concentration Curl",,"",2,"normal",13,13,,,
"Push","21 Feb 2024, 05:13","21 Feb 2024, 06:20","","Bench Press (Dumbbell)",,"",0,"normal",34,14,,,
"Push","21 Feb 2024, 05:13","21 Feb 2024, 06:20","","Bench Press (Dumbbell)",,"",1,"normal",34,13,,,
"Push","21 Feb 2024, 05:13","21 Feb 2024, 06:20","","Bench Press (Dumbbell)",,"",2,"normal",34,13,,,
"Push","21 Feb 2024, 05:13","21 Feb 2024, 06:20","","Bench Dip",,"",0,"normal",,25,,,
"Push","21 Feb 2024, 05:13","21 Feb 2024, 06:20","","Bench Dip",,"",1,"normal",,25,,,
"Push","21 Feb 2024, 05:13","21 Feb 2024, 06:20","","Bench Dip",,"",2,"normal",,25,,,
"Push","21 Feb 2024, 05:13","21 Feb 2024, 06:20","","Incline Bench Press (Dumbbell)",,"",0,"normal",34,10,,,
"Push","21 Feb 2024, 05:13","21 Feb 2024, 06:20","","Incline Bench Press (Dumbbell)",,"",1,"normal",34,7,,,
"Push","21 Feb 2024, 05:13","21 Feb 2024, 06:20","","Incline Bench Press (Dumbbell)",,"",2,"normal",34,8,,,
"Push","21 Feb 2024, 05:13","21 Feb 2024, 06:20","","Cable Kickback",,"",0,"normal",10,25,,,
"Push","21 Feb 2024, 05:13","21 Feb 2024, 06:20","","Cable Kickback",,"",1,"normal",10,25,,,
"Push","21 Feb 2024, 05:13","21 Feb 2024, 06:20","","Cable Kickback",,"",2,"normal",10,25,,,
"Push","21 Feb 2024, 05:13","21 Feb 2024, 06:20","","Overhead Press (Dumbbell)",,"",0,"normal",26,10,,,
"Push","21 Feb 2024, 05:13","21 Feb 2024, 06:20","","Overhead Press (Dumbbell)",,"",1,"normal",26,10,,,
"Push","21 Feb 2024, 05:13","21 Feb 2024, 06:20","","Overhead Press (Dumbbell)",,"",2,"normal",26,9,,,
"Push","21 Feb 2024, 05:13","21 Feb 2024, 06:20","","Push Up",,"",0,"normal",,15,,,
"Push","21 Feb 2024, 05:13","21 Feb 2024, 06:20","","Push Up",,"",1,"normal",,15,,,
"Push","21 Feb 2024, 05:13","21 Feb 2024, 06:20","","Push Up",,"",2,"normal",,15,,,
"Push","21 Feb 2024, 05:13","21 Feb 2024, 06:20","","Lateral Raise (Dumbbell)",,"",0,"normal",10,20,,,
"Push","21 Feb 2024, 05:13","21 Feb 2024, 06:20","","Lateral Raise (Dumbbell)",,"",1,"normal",10,20,,,
"Push","21 Feb 2024, 05:13","21 Feb 2024, 06:20","","Front Raise (Dumbbell)",,"",0,"normal",10,20,,,
"Pull","20 Feb 2024, 05:08","20 Feb 2024, 06:15","","Pull Up",,"",0,"normal",,12,,,
"Pull","20 Feb 2024, 05:08","20 Feb 2024, 06:15","","Pull Up",,"",1,"normal",,12,,,
"Pull","20 Feb 2024, 05:08","20 Feb 2024, 06:15","","Pull Up",,"",2,"normal",,10,,,
"Pull","20 Feb 2024, 05:08","20 Feb 2024, 06:15","","Bicep Curl (Dumbbell)",,"",0,"normal",26,10,,,
"Pull","20 Feb 2024, 05:08","20 Feb 2024, 06:15","","Bicep Curl (Dumbbell)",,"",1,"normal",26,10,,,
"Pull","20 Feb 2024, 05:08","20 Feb 2024, 06:15","","Bicep Curl (Dumbbell)",,"",2,"normal",26,8,,,
"Pull","20 Feb 2024, 05:08","20 Feb 2024, 06:15","","Bent Over Row (Barbell)",,"",0,"normal",26,15,,,
"Pull","20 Feb 2024, 05:08","20 Feb 2024, 06:15","","Bent Over Row (Barbell)",,"",1,"normal",26,20,,,
"Pull","20 Feb 2024, 05:08","20 Feb 2024, 06:15","","Bent Over Row (Barbell)",,"",2,"normal",26,20,,,
"Pull","20 Feb 2024, 05:08","20 Feb 2024, 06:15","","Hammer Curl (Dumbbell)",,"",0,"normal",26,10,,,
"Pull","20 Feb 2024, 05:08","20 Feb 2024, 06:15","","Hammer Curl (Dumbbell)",,"",1,"normal",26,10,,,
"Pull","20 Feb 2024, 05:08","20 Feb 2024, 06:15","","Hammer Curl (Dumbbell)",,"",2,"normal",26,10,,,
"Pull","20 Feb 2024, 05:08","20 Feb 2024, 06:15","","Dumbbell Row",,"",0,"normal",17,15,,,
"Pull","20 Feb 2024, 05:08","20 Feb 2024, 06:15","","Dumbbell Row",,"",1,"normal",17,15,,,
"Pull","20 Feb 2024, 05:08","20 Feb 2024, 06:15","","Dumbbell Row",,"",2,"normal",17,15,,,
"Pull","20 Feb 2024, 05:08","20 Feb 2024, 06:15","","Concentration Curl",,"",0,"normal",17,8,,,
"Pull","20 Feb 2024, 05:08","20 Feb 2024, 06:15","","Concentration Curl",,"",1,"normal",17,8,,,
"Pull","20 Feb 2024, 05:08","20 Feb 2024, 06:15","","Concentration Curl",,"",2,"normal",17,6,,,
"Push","19 Feb 2024, 05:28","19 Feb 2024, 06:33","","Incline Bench Press (Dumbbell)",,"",0,"normal",34,10,,,
"Push","19 Feb 2024, 05:28","19 Feb 2024, 06:33","","Incline Bench Press (Dumbbell)",,"",1,"normal",34,8,,,
"Push","19 Feb 2024, 05:28","19 Feb 2024, 06:33","","Incline Bench Press (Dumbbell)",,"",2,"normal",34,10,,,
"Push","19 Feb 2024, 05:28","19 Feb 2024, 06:33","","Bench Press (Dumbbell)",,"",0,"normal",34,12,,,
"Push","19 Feb 2024, 05:28","19 Feb 2024, 06:33","","Bench Press (Dumbbell)",,"",1,"normal",34,11,,,
"Push","19 Feb 2024, 05:28","19 Feb 2024, 06:33","","Bench Press (Dumbbell)",,"",2,"normal",34,10,,,
"Push","19 Feb 2024, 05:28","19 Feb 2024, 06:33","","Bench Press (Dumbbell)",,"",3,"normal",34,12,,,
"Push","19 Feb 2024, 05:28","19 Feb 2024, 06:33","","Bench Dip",,"",0,"normal",,20,,,
"Push","19 Feb 2024, 05:28","19 Feb 2024, 06:33","","Bench Dip",,"",1,"normal",,20,,,
"Push","19 Feb 2024, 05:28","19 Feb 2024, 06:33","","Bench Dip",,"",2,"normal",,20,,,
"Push","19 Feb 2024, 05:28","19 Feb 2024, 06:33","","Cable Kickback",,"",0,"normal",10,20,,,
"Push","19 Feb 2024, 05:28","19 Feb 2024, 06:33","","Cable Kickback",,"",1,"normal",10,20,,,
"Push","19 Feb 2024, 05:28","19 Feb 2024, 06:33","","Cable Kickback",,"",2,"normal",10,25,,,
"Push","19 Feb 2024, 05:28","19 Feb 2024, 06:33","","Overhead Press (Dumbbell)",,"",0,"normal",26,9,,,
"Push","19 Feb 2024, 05:28","19 Feb 2024, 06:33","","Overhead Press (Dumbbell)",,"",1,"normal",26,9,,,
"Push","19 Feb 2024, 05:28","19 Feb 2024, 06:33","","Overhead Press (Dumbbell)",,"",2,"normal",26,10,,,
"Push","19 Feb 2024, 05:28","19 Feb 2024, 06:33","","Push Up",,"",0,"normal",,15,,,
"Push","19 Feb 2024, 05:28","19 Feb 2024, 06:33","","Push Up",,"",1,"normal",,15,,,
"Push","19 Feb 2024, 05:28","19 Feb 2024, 06:33","","Push Up",,"",2,"normal",,10,,,
"Push","19 Feb 2024, 05:28","19 Feb 2024, 06:33","","Lateral Raise (Dumbbell)",,"",0,"normal",10,20,,,
"Push","19 Feb 2024, 05:28","19 Feb 2024, 06:33","","Lateral Raise (Dumbbell)",,"",1,"normal",10,20,,,
"Push","19 Feb 2024, 05:28","19 Feb 2024, 06:33","","Front Raise (Dumbbell)",,"",0,"normal",10,20,,,
"Pull","18 Feb 2024, 05:02","18 Feb 2024, 06:06","hot day","Pull Up",,"",0,"normal",,12,,,
"Pull","18 Feb 2024, 05:02","18 Feb 2024, 06:06","hot day","Pull Up",,"",1,"normal",,12,,,
"Pull","18 Feb 2024, 05:02","18 Feb 2024, 06:06","hot day","Pull Up",,"",2,"normal",,10,,,
"Pull","18 Feb 2024, 05:02","18 Feb 2024, 06:06","hot day","Bicep Curl (Dumbbell)",,"Focusing on form",0,"normal",26,10,,,
"Pull","18 Feb 2024, 05:02","18 Feb 2024, 06:06","hot day","Bicep Curl (Dumbbell)",,"Focusing on form",1,"normal",26,8,,,
"Pull","18 Feb 2024, 05:02","18 Feb 2024, 06:06","hot day","Bicep Curl (Dumbbell)",,"Focusing on form",2,"normal",26,8,,,
"Pull","18 Feb 2024, 05:02","18 Feb 2024, 06:06","hot day","Bent Over Row (Barbell)",,"",0,"normal",26,15,,,
"Pull","18 Feb 2024, 05:02","18 Feb 2024, 06:06","hot day","Bent Over Row (Barbell)",,"",1,"normal",26,15,,,
"Pull","18 Feb 2024, 05:02","18 Feb 2024, 06:06","hot day","Bent Over Row (Barbell)",,"",2,"normal",26,15,,,
"Pull","18 Feb 2024, 05:02","18 Feb 2024, 06:06","hot day","Hammer Curl (Dumbbell)",,"",0,"normal",26,10,,,
"Pull","18 Feb 2024, 05:02","18 Feb 2024, 06:06","hot day","Hammer Curl (Dumbbell)",,"",1,"normal",26,10,,,
"Pull","18 Feb 2024, 05:02","18 Feb 2024, 06:06","hot day","Hammer Curl (Dumbbell)",,"",2,"normal",26,9,,,
"Pull","18 Feb 2024, 05:02","18 Feb 2024, 06:06","hot day","Dumbbell Row",,"",0,"normal",17,15,,,
"Pull","18 Feb 2024, 05:02","18 Feb 2024, 06:06","hot day","Dumbbell Row",,"",1,"normal",17,15,,,
"Pull","18 Feb 2024, 05:02","18 Feb 2024, 06:06","hot day","Dumbbell Row",,"",2,"normal",17,15,,,
"Pull","18 Feb 2024, 05:02","18 Feb 2024, 06:06","hot day","Concentration Curl",,"",0,"normal",17,8,,,
"Pull","18 Feb 2024, 05:02","18 Feb 2024, 06:06","hot day","Concentration Curl",,"",1,"normal",17,8,,,
"Pull","18 Feb 2024, 05:02","18 Feb 2024, 06:06","hot day","Concentration Curl",,"",2,"normal",17,8,,,
"Push","16 Feb 2024, 05:32","16 Feb 2024, 06:37","","Incline Bench Press (Dumbbell)",,"",0,"normal",34,12,,,
"Push","16 Feb 2024, 05:32","16 Feb 2024, 06:37","","Incline Bench Press (Dumbbell)",,"",1,"normal",34,10,,,
"Push","16 Feb 2024, 05:32","16 Feb 2024, 06:37","","Incline Bench Press (Dumbbell)",,"",2,"normal",34,9,,,
"Push","16 Feb 2024, 05:32","16 Feb 2024, 06:37","","Bench Dip",,"",0,"normal",,20,,,
"Push","16 Feb 2024, 05:32","16 Feb 2024, 06:37","","Bench Dip",,"",1,"normal",,20,,,
"Push","16 Feb 2024, 05:32","16 Feb 2024, 06:37","","Bench Dip",,"",2,"normal",,20,,,
"Push","16 Feb 2024, 05:32","16 Feb 2024, 06:37","","Bench Press (Dumbbell)",,"",0,"normal",34,12,,,
"Push","16 Feb 2024, 05:32","16 Feb 2024, 06:37","","Bench Press (Dumbbell)",,"",1,"normal",34,12,,,
"Push","16 Feb 2024, 05:32","16 Feb 2024, 06:37","","Bench Press (Dumbbell)",,"",2,"normal",34,10,,,
"Push","16 Feb 2024, 05:32","16 Feb 2024, 06:37","","Cable Kickback",,"",0,"normal",10,20,,,
"Push","16 Feb 2024, 05:32","16 Feb 2024, 06:37","","Cable Kickback",,"",1,"normal",10,20,,,
"Push","16 Feb 2024, 05:32","16 Feb 2024, 06:37","","Cable Kickback",,"",2,"normal",10,20,,,
"Push","16 Feb 2024, 05:32","16 Feb 2024, 06:37","","Overhead Press (Dumbbell)",,"",0,"normal",26,10,,,
"Push","16 Feb 2024, 05:32","16 Feb 2024, 06:37","","Overhead Press (Dumbbell)",,"",1,"normal",26,10,,,
"Push","16 Feb 2024, 05:32","16 Feb 2024, 06:37","","Overhead Press (Dumbbell)",,"",2,"normal",26,10,,,
"Push","16 Feb 2024, 05:32","16 Feb 2024, 06:37","","Push Up",,"",0,"normal",,15,,,
"Push","16 Feb 2024, 05:32","16 Feb 2024, 06:37","","Push Up",,"",1,"normal",,15,,,
"Push","16 Feb 2024, 05:32","16 Feb 2024, 06:37","","Push Up",,"",2,"normal",,14,,,
"Push","16 Feb 2024, 05:32","16 Feb 2024, 06:37","","Lateral Raise (Dumbbell)",,"",0,"normal",10,20,,,
"Push","16 Feb 2024, 05:32","16 Feb 2024, 06:37","","Lateral Raise (Dumbbell)",,"",1,"normal",10,20,,,
"Push","16 Feb 2024, 05:32","16 Feb 2024, 06:37","","Front Raise (Dumbbell)",,"",0,"normal",10,20,,,
"Pull","15 Feb 2024, 05:35","15 Feb 2024, 06:41","","Pull Up",,"",0,"normal",,13,,,
"Pull","15 Feb 2024, 05:35","15 Feb 2024, 06:41","","Pull Up",,"",1,"normal",,10,,,
"Pull","15 Feb 2024, 05:35","15 Feb 2024, 06:41","","Pull Up",,"",2,"normal",,10,,,
"Pull","15 Feb 2024, 05:35","15 Feb 2024, 06:41","","Bicep Curl (Dumbbell)",,"",0,"normal",26,12,,,
"Pull","15 Feb 2024, 05:35","15 Feb 2024, 06:41","","Bicep Curl (Dumbbell)",,"",1,"normal",26,9,,,
"Pull","15 Feb 2024, 05:35","15 Feb 2024, 06:41","","Bicep Curl (Dumbbell)",,"",2,"normal",26,9,,,
"Pull","15 Feb 2024, 05:35","15 Feb 2024, 06:41","","Bent Over Row (Barbell)",,"",0,"normal",26,20,,,
"Pull","15 Feb 2024, 05:35","15 Feb 2024, 06:41","","Bent Over Row (Barbell)",,"",1,"normal",26,20,,,
"Pull","15 Feb 2024, 05:35","15 Feb 2024, 06:41","","Bent Over Row (Barbell)",,"",2,"normal",26,20,,,
"Pull","15 Feb 2024, 05:35","15 Feb 2024, 06:41","","Hammer Curl (Dumbbell)",,"",0,"normal",26,12,,,
"Pull","15 Feb 2024, 05:35","15 Feb 2024, 06:41","","Hammer Curl (Dumbbell)",,"",1,"normal",26,10,,,
"Pull","15 Feb 2024, 05:35","15 Feb 2024, 06:41","","Hammer Curl (Dumbbell)",,"",2,"normal",26,8,,,
"Pull","15 Feb 2024, 05:35","15 Feb 2024, 06:41","","Dumbbell Row",,"",0,"normal",17,15,,,
"Pull","15 Feb 2024, 05:35","15 Feb 2024, 06:41","","Dumbbell Row",,"",1,"normal",17,15,,,
"Pull","15 Feb 2024, 05:35","15 Feb 2024, 06:41","","Dumbbell Row",,"",2,"normal",17,15,,,
"Pull","15 Feb 2024, 05:35","15 Feb 2024, 06:41","","Concentration Curl",,"",0,"normal",17,8,,,
"Pull","15 Feb 2024, 05:35","15 Feb 2024, 06:41","","Concentration Curl",,"",1,"normal",17,8,,,
"Pull","15 Feb 2024, 05:35","15 Feb 2024, 06:41","","Concentration Curl",,"",2,"normal",17,8,,,
"Push","14 Feb 2024, 05:44","14 Feb 2024, 06:50","","Incline Bench Press (Dumbbell)",,"",0,"normal",34,11,,,
"Push","14 Feb 2024, 05:44","14 Feb 2024, 06:50","","Incline Bench Press (Dumbbell)",,"",1,"normal",34,10,,,
"Push","14 Feb 2024, 05:44","14 Feb 2024, 06:50","","Incline Bench Press (Dumbbell)",,"",2,"normal",34,8,,,
"Push","14 Feb 2024, 05:44","14 Feb 2024, 06:50","","Bench Dip",,"",0,"normal",,20,,,
"Push","14 Feb 2024, 05:44","14 Feb 2024, 06:50","","Bench Dip",,"",1,"normal",,20,,,
"Push","14 Feb 2024, 05:44","14 Feb 2024, 06:50","","Bench Dip",,"",2,"normal",,20,,,
"Push","14 Feb 2024, 05:44","14 Feb 2024, 06:50","","Bench Press (Dumbbell)",,"",0,"normal",34,14,,,
"Push","14 Feb 2024, 05:44","14 Feb 2024, 06:50","","Bench Press (Dumbbell)",,"",1,"normal",34,12,,,
"Push","14 Feb 2024, 05:44","14 Feb 2024, 06:50","","Bench Press (Dumbbell)",,"",2,"normal",34,11,,,
"Push","14 Feb 2024, 05:44","14 Feb 2024, 06:50","","Cable Kickback",,"",0,"normal",10,20,,,
"Push","14 Feb 2024, 05:44","14 Feb 2024, 06:50","","Cable Kickback",,"",1,"normal",10,20,,,
"Push","14 Feb 2024, 05:44","14 Feb 2024, 06:50","","Cable Kickback",,"",2,"normal",10,20,,,
"Push","14 Feb 2024, 05:44","14 Feb 2024, 06:50","","Overhead Press (Dumbbell)",,"",0,"normal",26,10,,,
"Push","14 Feb 2024, 05:44","14 Feb 2024, 06:50","","Overhead Press (Dumbbell)",,"",1,"normal",26,8,,,
"Push","14 Feb 2024, 05:44","14 Feb 2024, 06:50","","Overhead Press (Dumbbell)",,"",2,"normal",26,8,,,
"Push","14 Feb 2024, 05:44","14 Feb 2024, 06:50","","Push Up",,"Changed grip to diagonal lines, more reps, still triceps. ",0,"normal",,15,,,
"Push","14 Feb 2024, 05:44","14 Feb 2024, 06:50","","Push Up",,"Changed grip to diagonal lines, more reps, still triceps. ",1,"normal",,15,,,
"Push","14 Feb 2024, 05:44","14 Feb 2024, 06:50","","Push Up",,"Changed grip to diagonal lines, more reps, still triceps. ",2,"normal",,14,,,
"Push","14 Feb 2024, 05:44","14 Feb 2024, 06:50","","Lateral Raise (Dumbbell)",,"",0,"normal",10,20,,,
"Push","14 Feb 2024, 05:44","14 Feb 2024, 06:50","","Lateral Raise (Dumbbell)",,"",1,"normal",10,20,,,
"Push","14 Feb 2024, 05:44","14 Feb 2024, 06:50","","Front Raise (Dumbbell)",,"",0,"normal",10,15,,,
"Pull","13 Feb 2024, 05:09","13 Feb 2024, 06:25","Hot Weather 馃敟 馃サ","Pull Up",,"5 min rest to have avo banana shake",0,"normal",,12,,,
"Pull","13 Feb 2024, 05:09","13 Feb 2024, 06:25","Hot Weather 馃敟 馃サ","Pull Up",,"5 min rest to have avo banana shake",1,"normal",,10,,,
"Pull","13 Feb 2024, 05:09","13 Feb 2024, 06:25","Hot Weather 馃敟 馃サ","Pull Up",,"5 min rest to have avo banana shake",2,"normal",,10,,,
"Pull","13 Feb 2024, 05:09","13 Feb 2024, 06:25","Hot Weather 馃敟 馃サ","Bicep Curl (Dumbbell)",,"",0,"normal",26,10,,,
"Pull","13 Feb 2024, 05:09","13 Feb 2024, 06:25","Hot Weather 馃敟 馃サ","Bicep Curl (Dumbbell)",,"",1,"normal",26,10,,,
"Pull","13 Feb 2024, 05:09","13 Feb 2024, 06:25","Hot Weather 馃敟 馃サ","Bicep Curl (Dumbbell)",,"",2,"normal",26,10,,,
"Pull","13 Feb 2024, 05:09","13 Feb 2024, 06:25","Hot Weather 馃敟 馃サ","Bent Over Row (Barbell)",,"",0,"normal",34,15,,,
"Pull","13 Feb 2024, 05:09","13 Feb 2024, 06:25","Hot Weather 馃敟 馃サ","Bent Over Row (Barbell)",,"",1,"normal",34,15,,,
"Pull","13 Feb 2024, 05:09","13 Feb 2024, 06:25","Hot Weather 馃敟 馃サ","Bent Over Row (Barbell)",,"",2,"normal",34,15,,,
"Pull","13 Feb 2024, 05:09","13 Feb 2024, 06:25","Hot Weather 馃敟 馃サ","Hammer Curl (Dumbbell)",,"",0,"normal",26,12,,,
"Pull","13 Feb 2024, 05:09","13 Feb 2024, 06:25","Hot Weather 馃敟 馃サ","Hammer Curl (Dumbbell)",,"",1,"normal",26,10,,,
"Pull","13 Feb 2024, 05:09","13 Feb 2024, 06:25","Hot Weather 馃敟 馃サ","Hammer Curl (Dumbbell)",,"",2,"normal",26,10,,,
"Pull","13 Feb 2024, 05:09","13 Feb 2024, 06:25","Hot Weather 馃敟 馃サ","Dumbbell Row",,"",0,"normal",17,15,,,
"Pull","13 Feb 2024, 05:09","13 Feb 2024, 06:25","Hot Weather 馃敟 馃サ","Dumbbell Row",,"",1,"normal",17,15,,,
"Pull","13 Feb 2024, 05:09","13 Feb 2024, 06:25","Hot Weather 馃敟 馃サ","Dumbbell Row",,"",2,"normal",17,15,,,
"Pull","13 Feb 2024, 05:09","13 Feb 2024, 06:25","Hot Weather 馃敟 馃サ","Concentration Curl",,"",0,"normal",13,15,,,
"Pull","13 Feb 2024, 05:09","13 Feb 2024, 06:25","Hot Weather 馃敟 馃サ","Concentration Curl",,"",1,"normal",13,12,,,
"Pull","13 Feb 2024, 05:09","13 Feb 2024, 06:25","Hot Weather 馃敟 馃サ","Concentration Curl",,"",2,"normal",13,20,,,
"Push","12 Feb 2024, 04:04","12 Feb 2024, 05:06","","Incline Bench Press (Dumbbell)",,"",0,"normal",34,10,,,
"Push","12 Feb 2024, 04:04","12 Feb 2024, 05:06","","Incline Bench Press (Dumbbell)",,"",1,"normal",34,10,,,
"Push","12 Feb 2024, 04:04","12 Feb 2024, 05:06","","Incline Bench Press (Dumbbell)",,"",2,"normal",34,8,,,
"Push","12 Feb 2024, 04:04","12 Feb 2024, 05:06","","Bench Dip",,"",0,"normal",,15,,,
"Push","12 Feb 2024, 04:04","12 Feb 2024, 05:06","","Bench Dip",,"",1,"normal",,15,,,
"Push","12 Feb 2024, 04:04","12 Feb 2024, 05:06","","Bench Dip",,"",2,"normal",,15,,,
"Push","12 Feb 2024, 04:04","12 Feb 2024, 05:06","","Bench Press (Dumbbell)",,"",0,"normal",34,12,,,
"Push","12 Feb 2024, 04:04","12 Feb 2024, 05:06","","Bench Press (Dumbbell)",,"",1,"normal",34,10,,,
"Push","12 Feb 2024, 04:04","12 Feb 2024, 05:06","","Bench Press (Dumbbell)",,"",2,"normal",34,10,,,
"Push","12 Feb 2024, 04:04","12 Feb 2024, 05:06","","Cable Kickback",,"",0,"normal",10,20,,,
"Push","12 Feb 2024, 04:04","12 Feb 2024, 05:06","","Cable Kickback",,"",1,"normal",10,20,,,
"Push","12 Feb 2024, 04:04","12 Feb 2024, 05:06","","Cable Kickback",,"",2,"normal",10,20,,,
"Push","12 Feb 2024, 04:04","12 Feb 2024, 05:06","","Push Up",,"",0,"normal",,10,,,
"Push","12 Feb 2024, 04:04","12 Feb 2024, 05:06","","Push Up",,"",1,"normal",,10,,,
"Push","12 Feb 2024, 04:04","12 Feb 2024, 05:06","","Push Up",,"",2,"normal",,10,,,
"Push","12 Feb 2024, 04:04","12 Feb 2024, 05:06","","Overhead Press (Dumbbell)",,"",0,"normal",26,8,,,
"Push","12 Feb 2024, 04:04","12 Feb 2024, 05:06","","Overhead Press (Dumbbell)",,"",1,"normal",26,7,,,
"Push","12 Feb 2024, 04:04","12 Feb 2024, 05:06","","Overhead Press (Dumbbell)",,"",2,"normal",26,7,,,
"Push","12 Feb 2024, 04:04","12 Feb 2024, 05:06","","Lateral Raise (Dumbbell)",,"",0,"normal",10,20,,,
"Push","12 Feb 2024, 04:04","12 Feb 2024, 05:06","","Lateral Raise (Dumbbell)",,"",1,"normal",10,20,,,
"Push","12 Feb 2024, 04:04","12 Feb 2024, 05:06","","Front Raise (Dumbbell)",,"",0,"normal",10,15,,,
"Push","7 Feb 2024, 05:02","7 Feb 2024, 06:08","focusing on stretch and contraction.","Incline Bench Press (Dumbbell)",,"",0,"normal",34,8,,,
"Push","7 Feb 2024, 05:02","7 Feb 2024, 06:08","focusing on stretch and contraction.","Incline Bench Press (Dumbbell)",,"",1,"normal",34,8,,,
"Push","7 Feb 2024, 05:02","7 Feb 2024, 06:08","focusing on stretch and contraction.","Incline Bench Press (Dumbbell)",,"",2,"normal",34,7,,,
"Push","7 Feb 2024, 05:02","7 Feb 2024, 06:08","focusing on stretch and contraction.","Bench Dip",,"",0,"normal",,20,,,
"Push","7 Feb 2024, 05:02","7 Feb 2024, 06:08","focusing on stretch and contraction.","Bench Dip",,"",1,"normal",,20,,,
"Push","7 Feb 2024, 05:02","7 Feb 2024, 06:08","focusing on stretch and contraction.","Bench Dip",,"",2,"normal",,20,,,
"Push","7 Feb 2024, 05:02","7 Feb 2024, 06:08","focusing on stretch and contraction.","Bench Press (Dumbbell)",,"",0,"normal",34,12,,,
"Push","7 Feb 2024, 05:02","7 Feb 2024, 06:08","focusing on stretch and contraction.","Bench Press (Dumbbell)",,"",1,"normal",34,10,,,
"Push","7 Feb 2024, 05:02","7 Feb 2024, 06:08","focusing on stretch and contraction.","Bench Press (Dumbbell)",,"",2,"normal",34,9,,,
"Push","7 Feb 2024, 05:02","7 Feb 2024, 06:08","focusing on stretch and contraction.","Cable Kickback",,"",0,"normal",10,20,,,
"Push","7 Feb 2024, 05:02","7 Feb 2024, 06:08","focusing on stretch and contraction.","Cable Kickback",,"",1,"normal",10,20,,,
"Push","7 Feb 2024, 05:02","7 Feb 2024, 06:08","focusing on stretch and contraction.","Cable Kickback",,"",2,"normal",10,20,,,
"Push","7 Feb 2024, 05:02","7 Feb 2024, 06:08","focusing on stretch and contraction.","Push Up (Weighted)",,"DIAMOND PUSH UPS",0,"normal",10,10,,,
"Push","7 Feb 2024, 05:02","7 Feb 2024, 06:08","focusing on stretch and contraction.","Push Up (Weighted)",,"DIAMOND PUSH UPS",1,"normal",10,10,,,
"Push","7 Feb 2024, 05:02","7 Feb 2024, 06:08","focusing on stretch and contraction.","Push Up (Weighted)",,"DIAMOND PUSH UPS",2,"normal",10,9,,,
"Push","7 Feb 2024, 05:02","7 Feb 2024, 06:08","focusing on stretch and contraction.","Overhead Press (Dumbbell)",,"",0,"normal",26,10,,,
"Push","7 Feb 2024, 05:02","7 Feb 2024, 06:08","focusing on stretch and contraction.","Overhead Press (Dumbbell)",,"",1,"normal",26,9,,,
"Push","7 Feb 2024, 05:02","7 Feb 2024, 06:08","focusing on stretch and contraction.","Overhead Press (Dumbbell)",,"",2,"normal",26,8,,,
"Push","7 Feb 2024, 05:02","7 Feb 2024, 06:08","focusing on stretch and contraction.","Lateral Raise (Dumbbell)",,"",0,"normal",10,20,,,
"Push","7 Feb 2024, 05:02","7 Feb 2024, 06:08","focusing on stretch and contraction.","Lateral Raise (Dumbbell)",,"",1,"normal",10,20,,,
"Push","7 Feb 2024, 05:02","7 Feb 2024, 06:08","focusing on stretch and contraction.","Front Raise (Dumbbell)",,"",0,"normal",10,20,,,
"Pull","6 Feb 2024, 05:13","6 Feb 2024, 06:09","","Pull Up",,"Took 5 mins to unload dishwasher after this",0,"normal",,12,,,
"Pull","6 Feb 2024, 05:13","6 Feb 2024, 06:09","","Pull Up",,"Took 5 mins to unload dishwasher after this",1,"normal",,12,,,
"Pull","6 Feb 2024, 05:13","6 Feb 2024, 06:09","","Pull Up",,"Took 5 mins to unload dishwasher after this",2,"normal",,10,,,
"Pull","6 Feb 2024, 05:13","6 Feb 2024, 06:09","","Bicep Curl (Dumbbell)",,"",0,"normal",26,12,,,
"Pull","6 Feb 2024, 05:13","6 Feb 2024, 06:09","","Bicep Curl (Dumbbell)",,"",1,"normal",26,10,,,
"Pull","6 Feb 2024, 05:13","6 Feb 2024, 06:09","","Bicep Curl (Dumbbell)",,"",2,"normal",26,10,,,
"Pull","6 Feb 2024, 05:13","6 Feb 2024, 06:09","","Bent Over Row (Dumbbell)",,"",0,"normal",34,15,,,
"Pull","6 Feb 2024, 05:13","6 Feb 2024, 06:09","","Bent Over Row (Dumbbell)",,"",1,"normal",34,15,,,
"Pull","6 Feb 2024, 05:13","6 Feb 2024, 06:09","","Bent Over Row (Dumbbell)",,"",2,"normal",34,15,,,
"Pull","6 Feb 2024, 05:13","6 Feb 2024, 06:09","","Hammer Curl (Dumbbell)",,"",0,"normal",26,10,,,
"Pull","6 Feb 2024, 05:13","6 Feb 2024, 06:09","","Hammer Curl (Dumbbell)",,"",1,"normal",26,10,,,
"Pull","6 Feb 2024, 05:13","6 Feb 2024, 06:09","","Hammer Curl (Dumbbell)",,"",2,"normal",26,10,,,
"Pull","6 Feb 2024, 05:13","6 Feb 2024, 06:09","","Dumbbell Row",,"",0,"normal",17,15,,,
"Pull","6 Feb 2024, 05:13","6 Feb 2024, 06:09","","Dumbbell Row",,"",1,"normal",17,15,,,
"Pull","6 Feb 2024, 05:13","6 Feb 2024, 06:09","","Dumbbell Row",,"",2,"normal",17,15,,,
"Pull","6 Feb 2024, 05:13","6 Feb 2024, 06:09","","Concentration Curl",,"",0,"normal",13,20,,,
"Pull","6 Feb 2024, 05:13","6 Feb 2024, 06:09","","Concentration Curl",,"",1,"normal",13,20,,,
"Pull","6 Feb 2024, 05:13","6 Feb 2024, 06:09","","Concentration Curl",,"",2,"normal",13,20,,,
"Push","5 Feb 2024, 05:41","5 Feb 2024, 06:54","","Incline Bench Press (Dumbbell)",,"",0,"normal",34,8,,,
"Push","5 Feb 2024, 05:41","5 Feb 2024, 06:54","","Incline Bench Press (Dumbbell)",,"",1,"normal",34,9,,,
"Push","5 Feb 2024, 05:41","5 Feb 2024, 06:54","","Incline Bench Press (Dumbbell)",,"",2,"normal",34,8,,,
"Push","5 Feb 2024, 05:41","5 Feb 2024, 06:54","","Bench Dip",,"",0,"normal",,25,,,
"Push","5 Feb 2024, 05:41","5 Feb 2024, 06:54","","Bench Dip",,"",1,"normal",,25,,,
"Push","5 Feb 2024, 05:41","5 Feb 2024, 06:54","","Bench Dip",,"",2,"normal",,25,,,
"Push","5 Feb 2024, 05:41","5 Feb 2024, 06:54","","Bench Press (Dumbbell)",,"",0,"normal",34,12,,,
"Push","5 Feb 2024, 05:41","5 Feb 2024, 06:54","","Bench Press (Dumbbell)",,"",1,"normal",34,12,,,
"Push","5 Feb 2024, 05:41","5 Feb 2024, 06:54","","Bench Press (Dumbbell)",,"",2,"normal",34,12,,,
"Push","5 Feb 2024, 05:41","5 Feb 2024, 06:54","","Cable Kickback",,"",0,"normal",10,20,,,
"Push","5 Feb 2024, 05:41","5 Feb 2024, 06:54","","Cable Kickback",,"",1,"normal",10,20,,,
"Push","5 Feb 2024, 05:41","5 Feb 2024, 06:54","","Cable Kickback",,"",2,"normal",10,20,,,
"Push","5 Feb 2024, 05:41","5 Feb 2024, 06:54","","Incline Bench Press (Dumbbell)",,"Hitting it again cuz I didn't feel a good stimulus",0,"normal",34,8,,,
"Push","5 Feb 2024, 05:41","5 Feb 2024, 06:54","","Incline Bench Press (Dumbbell)",,"Hitting it again cuz I didn't feel a good stimulus",1,"normal",34,8,,,
"Push","5 Feb 2024, 05:41","5 Feb 2024, 06:54","","Incline Bench Press (Dumbbell)",,"Hitting it again cuz I didn't feel a good stimulus",2,"normal",34,8,,,
"Push","5 Feb 2024, 05:41","5 Feb 2024, 06:54","","Overhead Press (Dumbbell)",,"",0,"normal",26,10,,,
"Push","5 Feb 2024, 05:41","5 Feb 2024, 06:54","","Overhead Press (Dumbbell)",,"",1,"normal",26,9,,,
"Push","5 Feb 2024, 05:41","5 Feb 2024, 06:54","","Overhead Press (Dumbbell)",,"",2,"normal",26,8,,,
"Push","5 Feb 2024, 05:41","5 Feb 2024, 06:54","","Lateral Raise (Dumbbell)",,"",0,"normal",10,20,,,
"Push","5 Feb 2024, 05:41","5 Feb 2024, 06:54","","Lateral Raise (Dumbbell)",,"",1,"normal",10,20,,,
"Push","5 Feb 2024, 05:41","5 Feb 2024, 06:54","","Front Raise (Dumbbell)",,"",0,"normal",10,20,,,
"Pull","4 Feb 2024, 05:53","4 Feb 2024, 07:07","","Pull Up",,"",0,"normal",,12,,,
"Pull","4 Feb 2024, 05:53","4 Feb 2024, 07:07","","Pull Up",,"",1,"normal",,12,,,
"Pull","4 Feb 2024, 05:53","4 Feb 2024, 07:07","","Pull Up",,"",2,"normal",,10,,,
"Pull","4 Feb 2024, 05:53","4 Feb 2024, 07:07","","Bicep Curl (Dumbbell)",,"",0,"normal",26,12,,,
"Pull","4 Feb 2024, 05:53","4 Feb 2024, 07:07","","Bicep Curl (Dumbbell)",,"",1,"normal",26,10,,,
"Pull","4 Feb 2024, 05:53","4 Feb 2024, 07:07","","Bicep Curl (Dumbbell)",,"",2,"normal",26,10,,,
"Pull","4 Feb 2024, 05:53","4 Feb 2024, 07:07","","Bent Over Row (Barbell)",,"Did with dumbells since barbell connector doesn't fit",0,"normal",34,15,,,
"Pull","4 Feb 2024, 05:53","4 Feb 2024, 07:07","","Bent Over Row (Barbell)",,"Did with dumbells since barbell connector doesn't fit",1,"normal",34,15,,,
"Pull","4 Feb 2024, 05:53","4 Feb 2024, 07:07","","Bent Over Row (Barbell)",,"Did with dumbells since barbell connector doesn't fit",2,"normal",29,20,,,
"Pull","4 Feb 2024, 05:53","4 Feb 2024, 07:07","","Hammer Curl (Dumbbell)",,"",0,"normal",26,12,,,
"Pull","4 Feb 2024, 05:53","4 Feb 2024, 07:07","","Hammer Curl (Dumbbell)",,"",1,"normal",26,10,,,
"Pull","4 Feb 2024, 05:53","4 Feb 2024, 07:07","","Hammer Curl (Dumbbell)",,"",2,"normal",26,10,,,
"Pull","4 Feb 2024, 05:53","4 Feb 2024, 07:07","","Dumbbell Row",,"",0,"normal",17,17,,,
"Pull","4 Feb 2024, 05:53","4 Feb 2024, 07:07","","Dumbbell Row",,"",1,"normal",17,15,,,
"Pull","4 Feb 2024, 05:53","4 Feb 2024, 07:07","","Dumbbell Row",,"",2,"normal",17,15,,,
"Pull","4 Feb 2024, 05:53","4 Feb 2024, 07:07","","Concentration Curl",,"",0,"normal",13,30,,,
"Pull","4 Feb 2024, 05:53","4 Feb 2024, 07:07","","Concentration Curl",,"",1,"normal",13,20,,,
"Pull","4 Feb 2024, 05:53","4 Feb 2024, 07:07","","Concentration Curl",,"",2,"normal",13,20,,,
"Push","2 Feb 2024, 06:03","2 Feb 2024, 07:06","changing main push weight to 17kg dumbells","Incline Bench Press (Dumbbell)",,"",0,"normal",34,8,,,
"Push","2 Feb 2024, 06:03","2 Feb 2024, 07:06","changing main push weight to 17kg dumbells","Incline Bench Press (Dumbbell)",,"",1,"normal",34,8,,,
"Push","2 Feb 2024, 06:03","2 Feb 2024, 07:06","changing main push weight to 17kg dumbells","Incline Bench Press (Dumbbell)",,"",2,"normal",34,8,,,
"Push","2 Feb 2024, 06:03","2 Feb 2024, 07:06","changing main push weight to 17kg dumbells","Bench Dip",,"Trying elevated legs (chair)",0,"normal",,25,,,
"Push","2 Feb 2024, 06:03","2 Feb 2024, 07:06","changing main push weight to 17kg dumbells","Bench Dip",,"Trying elevated legs (chair)",1,"normal",,25,,,
"Push","2 Feb 2024, 06:03","2 Feb 2024, 07:06","changing main push weight to 17kg dumbells","Bench Dip",,"Trying elevated legs (chair)",2,"normal",,25,,,
"Push","2 Feb 2024, 06:03","2 Feb 2024, 07:06","changing main push weight to 17kg dumbells","Bench Press (Dumbbell)",,"",0,"normal",34,12,,,
"Push","2 Feb 2024, 06:03","2 Feb 2024, 07:06","changing main push weight to 17kg dumbells","Bench Press (Dumbbell)",,"",1,"normal",34,12,,,
"Push","2 Feb 2024, 06:03","2 Feb 2024, 07:06","changing main push weight to 17kg dumbells","Bench Press (Dumbbell)",,"",2,"normal",34,11,,,
"Push","2 Feb 2024, 06:03","2 Feb 2024, 07:06","changing main push weight to 17kg dumbells","Cable Kickback",,"",0,"normal",10,20,,,
"Push","2 Feb 2024, 06:03","2 Feb 2024, 07:06","changing main push weight to 17kg dumbells","Cable Kickback",,"",1,"normal",10,20,,,
"Push","2 Feb 2024, 06:03","2 Feb 2024, 07:06","changing main push weight to 17kg dumbells","Cable Kickback",,"",2,"normal",10,20,,,
"Push","2 Feb 2024, 06:03","2 Feb 2024, 07:06","changing main push weight to 17kg dumbells","Push Up",,"",0,"normal",,15,,,
"Push","2 Feb 2024, 06:03","2 Feb 2024, 07:06","changing main push weight to 17kg dumbells","Push Up",,"",1,"normal",,15,,,
"Push","2 Feb 2024, 06:03","2 Feb 2024, 07:06","changing main push weight to 17kg dumbells","Push Up",,"",2,"normal",,15,,,
"Push","2 Feb 2024, 06:03","2 Feb 2024, 07:06","changing main push weight to 17kg dumbells","Overhead Press (Dumbbell)",,"",0,"normal",20,10,,,
"Push","2 Feb 2024, 06:03","2 Feb 2024, 07:06","changing main push weight to 17kg dumbells","Overhead Press (Dumbbell)",,"",1,"normal",20,10,,,
"Push","2 Feb 2024, 06:03","2 Feb 2024, 07:06","changing main push weight to 17kg dumbells","Overhead Press (Dumbbell)",,"",2,"normal",20,12,,,
"Push","2 Feb 2024, 06:03","2 Feb 2024, 07:06","changing main push weight to 17kg dumbells","Lateral Raise (Dumbbell)",,"",0,"normal",10,20,,,
"Push","2 Feb 2024, 06:03","2 Feb 2024, 07:06","changing main push weight to 17kg dumbells","Lateral Raise (Dumbbell)",,"",1,"normal",10,20,,,
"Push","2 Feb 2024, 06:03","2 Feb 2024, 07:06","changing main push weight to 17kg dumbells","Front Raise (Dumbbell)",,"",0,"normal",10,20,,,
"Pull","1 Feb 2024, 05:33","1 Feb 2024, 06:36","need to lower weight on curls for better form","Pull Up",,"",0,"normal",,12,,,
"Pull","1 Feb 2024, 05:33","1 Feb 2024, 06:36","need to lower weight on curls for better form","Pull Up",,"",1,"normal",,12,,,
"Pull","1 Feb 2024, 05:33","1 Feb 2024, 06:36","need to lower weight on curls for better form","Pull Up",,"",2,"normal",,10,,,
"Pull","1 Feb 2024, 05:33","1 Feb 2024, 06:36","need to lower weight on curls for better form","Bicep Curl (Dumbbell)",,"",0,"normal",29,8,,,
"Pull","1 Feb 2024, 05:33","1 Feb 2024, 06:36","need to lower weight on curls for better form","Bicep Curl (Dumbbell)",,"",1,"normal",29,8,,,
"Pull","1 Feb 2024, 05:33","1 Feb 2024, 06:36","need to lower weight on curls for better form","Bicep Curl (Dumbbell)",,"",2,"normal",29,7,,,
"Pull","1 Feb 2024, 05:33","1 Feb 2024, 06:36","need to lower weight on curls for better form","Bent Over Row (Barbell)",,"",0,"normal",29,20,,,
"Pull","1 Feb 2024, 05:33","1 Feb 2024, 06:36","need to lower weight on curls for better form","Bent Over Row (Barbell)",,"",1,"normal",29,20,,,
"Pull","1 Feb 2024, 05:33","1 Feb 2024, 06:36","need to lower weight on curls for better form","Bent Over Row (Barbell)",,"",2,"normal",29,20,,,
"Pull","1 Feb 2024, 05:33","1 Feb 2024, 06:36","need to lower weight on curls for better form","Hammer Curl (Dumbbell)",,"",0,"normal",29,8,,,
"Pull","1 Feb 2024, 05:33","1 Feb 2024, 06:36","need to lower weight on curls for better form","Hammer Curl (Dumbbell)",,"",1,"normal",29,8,,,
"Pull","1 Feb 2024, 05:33","1 Feb 2024, 06:36","need to lower weight on curls for better form","Hammer Curl (Dumbbell)",,"",2,"normal",29,7,,,
"Pull","1 Feb 2024, 05:33","1 Feb 2024, 06:36","need to lower weight on curls for better form","Dumbbell Row",,"10 reps each arm (per set)",0,"normal",14,20,,,
"Pull","1 Feb 2024, 05:33","1 Feb 2024, 06:36","need to lower weight on curls for better form","Dumbbell Row",,"10 reps each arm (per set)",1,"normal",14,20,,,
"Pull","1 Feb 2024, 05:33","1 Feb 2024, 06:36","need to lower weight on curls for better form","Dumbbell Row",,"10 reps each arm (per set)",2,"normal",14,20,,,
"Pull","1 Feb 2024, 05:33","1 Feb 2024, 06:36","need to lower weight on curls for better form","Concentration Curl",,"10 reps each arm (per set)",0,"normal",14,20,,,
"Pull","1 Feb 2024, 05:33","1 Feb 2024, 06:36","need to lower weight on curls for better form","Concentration Curl",,"10 reps each arm (per set)",1,"normal",14,20,,,
"Pull","1 Feb 2024, 05:33","1 Feb 2024, 06:36","need to lower weight on curls for better form","Concentration Curl",,"10 reps each arm (per set)",2,"normal",14,20,,,
"Push","31 Jan 2024, 05:04","31 Jan 2024, 06:16","","Incline Bench Press (Dumbbell)",,"",0,"normal",29,12,,,
"Push","31 Jan 2024, 05:04","31 Jan 2024, 06:16","","Incline Bench Press (Dumbbell)",,"",1,"normal",29,12,,,
"Push","31 Jan 2024, 05:04","31 Jan 2024, 06:16","","Incline Bench Press (Dumbbell)",,"",2,"normal",29,12,,,
"Push","31 Jan 2024, 05:04","31 Jan 2024, 06:16","","Bench Dip",,"",0,"normal",,25,,,
"Push","31 Jan 2024, 05:04","31 Jan 2024, 06:16","","Bench Dip",,"",1,"normal",,25,,,
"Push","31 Jan 2024, 05:04","31 Jan 2024, 06:16","","Bench Dip",,"",2,"normal",,25,,,
"Push","31 Jan 2024, 05:04","31 Jan 2024, 06:16","","Bench Press (Dumbbell)",,"",0,"normal",29,15,,,
"Push","31 Jan 2024, 05:04","31 Jan 2024, 06:16","","Bench Press (Dumbbell)",,"",1,"normal",29,15,,,
"Push","31 Jan 2024, 05:04","31 Jan 2024, 06:16","","Bench Press (Dumbbell)",,"",2,"normal",29,15,,,
"Push","31 Jan 2024, 05:04","31 Jan 2024, 06:16","","Cable Kickback",,"Done with dumbells",0,"normal",10,20,,,
"Push","31 Jan 2024, 05:04","31 Jan 2024, 06:16","","Cable Kickback",,"Done with dumbells",1,"normal",10,20,,,
"Push","31 Jan 2024, 05:04","31 Jan 2024, 06:16","","Cable Kickback",,"Done with dumbells",2,"normal",10,20,,,
"Push","31 Jan 2024, 05:04","31 Jan 2024, 06:16","","Push Up",,"Done with decline",0,"normal",,15,,,
"Push","31 Jan 2024, 05:04","31 Jan 2024, 06:16","","Push Up",,"Done with decline",1,"normal",,15,,,
"Push","31 Jan 2024, 05:04","31 Jan 2024, 06:16","","Push Up",,"Done with decline",2,"normal",,15,,,
"Push","31 Jan 2024, 05:04","31 Jan 2024, 06:16","","Shoulder Press (Dumbbell)",,"",0,"normal",20,10,,,
"Push","31 Jan 2024, 05:04","31 Jan 2024, 06:16","","Shoulder Press (Dumbbell)",,"",1,"normal",20,10,,,
"Push","31 Jan 2024, 05:04","31 Jan 2024, 06:16","","Shoulder Press (Dumbbell)",,"",2,"normal",20,10,,,
"Push","31 Jan 2024, 05:04","31 Jan 2024, 06:16","","Lateral Raise (Dumbbell)",,"",0,"normal",10,20,,,
"Push","31 Jan 2024, 05:04","31 Jan 2024, 06:16","","Lateral Raise (Dumbbell)",,"",1,"normal",10,20,,,
"Push","31 Jan 2024, 05:04","31 Jan 2024, 06:16","","Front Raise (Dumbbell)",,"",0,"normal",10,20,,,